<?xml version="1.0" encoding="utf-8"?><TEI xmlns="http://www.tei-c.org/ns/1.0">
<teiHeader>
<fileDesc>
<titleStmt>
<title type="main">The Collected Letters of Robert Southey. Part 1: 1791-1797 </title>
<title type="subordinate">A Romantic Circles Electronic Edition</title>
<author>
<name>Southey, Robert, 1774-1843</name>
</author>
<editor>Lynda Pratt</editor>
<sponsor>Romantic Circles</sponsor>
<respStmt>
<resp>General Editor, </resp>
<name>Neil Fraistat</name>
</respStmt>
<respStmt>
<resp>General Editor, </resp>
<name>Steven E. Jones</name>
</respStmt>
<respStmt>
<resp>General Editor, </resp>
<name>Carl Stahmer</name>
</respStmt>
<respStmt>
<resp>Technical Editor</resp>
<name>Laura Mandell</name>
</respStmt>
</titleStmt>
<editionStmt>
<edition>
<date>2009-03-15</date>
</edition>
</editionStmt>
<publicationStmt>
<idno type="nines">rce91</idno>
<idno type="edition">letterEEd.26.91</idno>
<publisher>Romantic Circles, http://www.rc.umd.edu, University of Maryland</publisher>
<pubPlace>College Park, MD</pubPlace>
<date when="2009-02-20">March 15, 2009</date>
<availability status="restricted">
<p>Material from the Romantic Circles Website may not be downloaded, reproduced or disseminated in any
												manner without authorization unless it is for purposes of criticism, comment, news reporting,
												teaching, and/or classroom use as provided by the Copyright Act of 1976, as amended.</p>
<p>Unless otherwise noted, all Pages and Resources mounted on Romantic Circles are copyrighted by the
												author/editor and may be shared only in accordance with the Fair Use provisions of U.S. copyright law.
												Except as expressly permitted by this statement, redistribution or republication in any medium
												requires express prior written consent from the author/editors and advance notification of Romantic
												Circles. Any requests for authorization should be forwarded to Romantic Circles:&gt;
												<address>
<addrLine>Romantic Circles</addrLine>
<addrLine>c/o Professor Neil Fraistat</addrLine>
<addrLine>Department of English</addrLine>
<addrLine>University of Maryland</addrLine>
<addrLine>College Park, MD 20742</addrLine>
<addrLine>fraistat@umd.edu</addrLine>
</address>
</p>
<p>By their use of these texts and images, users agree to the following conditions: <list>
<item>These texts and images may not be used for any commercial purpose without prior written
														permission from Romantic Circles.</item>
<item>These texts and images may not be re-distributed in any forms other than their current
														ones.</item>
</list>
</p>
<p>Users are not permitted to download these texts and images in order to mount them on their own servers.
												It is not in our interest or that of our users to have uncontrolled subsets of our holdings available
												elsewhere on the Internet. We make corrections and additions to our edited resources on a continual
												basis, and we want the most current text to be the only one generally available to all Internet users.
												Institutions can, of course, make a link to the copies at Romantic Circles, subject to our conditions
												of use.</p>
</availability>
</publicationStmt>
<sourceDesc>
<p>Bodleian Library, MS Eng. Lett. c. 22.  Previously  published: Kenneth Curry (ed.), New Letters of Robert Southey, 2 vols (London and New York, 1965), I, pp. 53–56; Charles Cuthbert Southey (ed.), Life and Correspondence of Robert Southey, 6 vols (London, 1849–1850), I, pp. 207–208 [in part; 1 paragraph].</p>
<p>These letters were edited with the assistance of Carol Bolton, Tim Fulford and Ian Packer</p>
<p>For permission to publish the text of MSS in their possession, the editor wishes to thank the Beinecke Rare
											Books and Manuscript Library, Yale University; Berg Collection of English and American Literature, The New
											York Public Library, Astor, Lenox and Tilden Foundations; the Bodleian Library Oxford University; the
											British Library; Boston Public Library; the Syndics of Cambridge University Library; the Syndics of the
											Fitzwilliam Museum Cambridge; Haverford College, Connecticut; the Historical Society of Pennsylvania; the
											Hornby Library, Liverpool Libraries and Information Services; the Houghton Library, Harvard University;
											the John Rylands Library, Manchester; the Kenneth Spencer Research Library, University of Kansas; Luton
											Museum (Bedfordshire County Council); Massachusetts Historical Society; McGill University Library; the
											National Library of Scotland; the Newberry Library, Chicago; the New York Public Library (Pforzheimer
											Collections); the Pierpont Morgan Library, New York; the Public Record Offices of Bedford, Suffolk (Bury
											St Edmunds) and Northumberland, the Master and Fellows of Trinity College, Cambridge; the Society of
											Antiquaries of Newcastle upon Tyne; the Trustees of the William Salt Library, Stafford, the Wisbech and
											Fenland Museum; the University of Virginia Library.</p>
<p>A research grant from the British Academy made much of the archival work possible, as did support from the
											English Department of Nottingham Trent University.</p>
</sourceDesc>
</fileDesc>
<encodingDesc>
<editorialDecl>
<quotation>
<p>All quotation marks and apostrophes have been changed: " for “," for ”, ' for ‘, and ' for ’.</p>
</quotation>
<hyphenation eol="none">
<p>Any dashes occurring in line breaks have been removed.</p>
<p>Because of web browser variability, all hyphens have been typed on the U.S. keyboard.</p>
<p>Dashes have been rendered as a variable number of hyphens to give a more exact rendering of their
												length.</p>
</hyphenation>
<normalization method="markup">
<p>Southey's spelling has not been regularized.</p>
<p>Writing in other hands appearing on these manuscripts has been indicated as such, the content recorded
												in brackets.</p>
</normalization>
<normalization>
<p>&amp; has been used for the ampersand sign.</p>
<p>£ has been used for £, the pound sign</p>
<p>All other characters, those with accents, non-breaking spaces, etc., have been encoded in HTML entity
												decimals.</p>
</normalization>
</editorialDecl>
<classDecl>
<taxonomy corresp="http://www.performantsoftware.com/nines_wiki/index.php/Submitting_RDF#.3Cnines:genre.3E" xml:id="g">
<bibl>NINES categories for Genre and Material Form at
												http://www.performantsoftware.com/nines_wiki/index.php/Submitting_RDF#.3Cnines:genre.3E on
												2009-02-26</bibl>
<category xml:id="g1">
<catDesc>Architecture</catDesc>
</category>
<category xml:id="g2">
<catDesc>Artifacts</catDesc>
</category>
<category xml:id="g3">
<catDesc>Bibliography</catDesc>
</category>
<category xml:id="g4">
<catDesc>Collection</catDesc>
</category>
<category xml:id="g5">
<catDesc>Criticism</catDesc>
</category>
<category xml:id="g7">
<catDesc>Letters</catDesc>
</category>
<category xml:id="g6">
<catDesc>Drama</catDesc>
</category>
<category xml:id="g8">
<catDesc>Life Writing</catDesc>
</category>
<category xml:id="g9">
<catDesc>Politics</catDesc>
</category>
<category xml:id="g10">
<catDesc>Folklore</catDesc>
</category>
<category xml:id="g11">
<catDesc>Ephemera</catDesc>
</category>
<category xml:id="g12">
<catDesc>Fiction</catDesc>
</category>
<category xml:id="g13">
<catDesc>History</catDesc>
</category>
<category xml:id="g14">
<catDesc>Leisure</catDesc>
</category>
<category xml:id="g15">
<catDesc>Manuscript</catDesc>
</category>
<category xml:id="g16">
<catDesc>Reference Works</catDesc>
</category>
<category xml:id="g17">
<catDesc>Humor</catDesc>
</category>
<category xml:id="g18">
<catDesc>Education</catDesc>
</category>
<category xml:id="g19">
<catDesc>Music</catDesc>
</category>
<category xml:id="g20">
<catDesc>nonfiction</catDesc>
</category>
<category xml:id="g21">
<catDesc>Paratext</catDesc>
</category>
<category xml:id="g22">
<catDesc>Perodical</catDesc>
</category>
<category xml:id="g23">
<catDesc>Philosphy</catDesc>
</category>
<category xml:id="g24">
<catDesc>Photograph</catDesc>
</category>
<category xml:id="g25">
<catDesc>Citation</catDesc>
</category>
<category xml:id="g26">
<catDesc>Family Life</catDesc>
</category>
<category xml:id="g27">
<catDesc>Poetry</catDesc>
</category>
<category xml:id="g28">
<catDesc>Religion</catDesc>
</category>
<category xml:id="g29">
<catDesc>Review</catDesc>
</category>
<category xml:id="g30">
<catDesc>Visual Art</catDesc>
</category>
<category xml:id="g31">
<catDesc>Translation</catDesc>
</category>
<category xml:id="g32">
<catDesc>Travel</catDesc>
</category>
<category xml:id="g33">
<catDesc>Book History</catDesc>
</category>
<category xml:id="g34">
<catDesc>Law</catDesc>
</category>
</taxonomy>
<taxonomy corresp="http://www.rc.umd.edu/southey_letters/people.xml">
<category xml:id="people">
<catDesc>Southey Letters: Biographies</catDesc>
</category>
</taxonomy>
<taxonomy corresp="http://www.rc.umd.edu/southey_letters/places.xml">
<category xml:id="places">
<catDesc>Southey Letters: Places</catDesc>
</category>
</taxonomy>
</classDecl>
</encodingDesc>
<profileDesc>
<textClass>
<catRef scheme="#genre" target="#g7 #g27"/>
<catRef scheme="#people" target="#EEd.26.1.names"/>
<catRef scheme="#places" target="#EEd.26.1.places"/>
</textClass>
</profileDesc>
<revisionDesc>
<change who="#LM" when="2009-03-10" n="4">
<label>Changed by</label>
<name>Laura Mandell</name>
<list>
<item>XSLT Transforming</item>
</list>
</change>
<change who="#AB" when="2009-03-02" n="3">
<label>Changed by</label>
<name>Averill Buchanan</name>
<list>
<item>corrections from proofing</item>
</list>
</change>
<change who="#LM" when="2009-02-20" n="2">
<label>Changed by</label>
<name xml:id="LM">Laura Mandell</name>
<list>
<item>XSLT Transforming</item>
</list>
</change>
<change who="#AB" when="2009-02-20" n="1">
<label>Changed by</label>
<name xml:id="AB">Averill Buchanan</name>
<list>
<item>TEI Encoding</item>
</list>
</change>
</revisionDesc>
</teiHeader>
<text>
<body>
<div n="91" type="letter">
<head>91. Robert Southey to <ref target="people.html#BedfordGrosvenorCharles">Grosvenor Charles Bedford</ref>, <date when="1794-06-01">1 June 1794</date>
<note place="foot" resp="editors" type="headnote">Address: Grosvenor Charles Bedford Esq<hi rend="sup">r</hi>/ New Palace Yard/ Westminster/ Single<lb/> Stamped: OXFORD<lb/>Postmark: EJU/ 2/ 94<lb/> Endorsement: Rec<hi rend="sup">d</hi>. June 2<hi rend="sup">d</hi>./ 1794<lb/>MS: Bodleian Library, MS Eng. Lett. c. 22<lb/>Previously published: Kenneth Curry (ed.), <title level="m">New Letters of Robert Southey</title>, 2 vols (London and New York, 1965), I, pp. 53–56; Charles Cuthbert Southey (ed.), <title level="m">Life and Correspondence of Robert Southey</title>, 6 vols (London, 1849–1850), I, pp. 207–208 [in part; 1 paragraph].</note>
</head>
<opener>
<dateline rend="right">
<address>
<placeName>
<ref target="places.html#BalliolOxford">Balliol.</ref>
</placeName>
</address>
<date when="1794-06-01">June 1<hi rend="sup">st</hi> 1794</date>
</dateline>
<salute>My dear Grosvenor</salute>
</opener>
<p rend="indent1">	Your letter reached me this morning. before I proceed to reply to the objections you raise, tis necessary to mention my reasons <del rend="strikethrough">for</del> for wishing a situation apparently so opposite to my education &amp; temper. To the church I have many &amp; insuperable objections. upon every religious system I deny the necessity of an etablished faith, &amp; of a religious establishment. upon my own principles I doubt (to say the least) the system my friends destine me to support. &amp; the hope of content in life would induce me to avoid a prospect which leads to starving in creditable celibacy upon 40 pounds a year. such are the reasons that militate against my taking orders. to this I am destined. but two years &amp; a half must intervene before I could forfeit my integrity &amp; self applause for so paltry an income — &amp; two years of dependance to one who already feels &amp; knows himself burthensome to his relations is a long &amp; dreadful period — in no other profession is there a possibility of my engaging. one only way remains to rid myself of such a melancholy view — by procuring some certainty in London which may afford a plausible cause for my residence there &amp; enable me by my own efforts to exist in expectation of future affluence. <ref target="people.html#BedfordGrosvenorCharles">Grosvenor</ref> I will be sincere. there is no alternative I will not prefer to taking orders. I may forfeit happiness but God forbid that I should ever cease to deserve it.</p>
<p rend="indent1">	the obstacles you alledge have in no ways altered my determination. is it better that I should suffer inconvenience myself or let my friends suffer it for me? is six hours misery to be preferred to wretchedness of the whole 24? <ref target="people.html#BedfordGrosvenorCharles">Grosvenor</ref> I have only one alternative. some such situation or emigration. tis not the sally of a momentary frenzy that says this. either in six months I fix myself in some honest means of living or I quit my country — my friends — &amp; every fondest hope I indulge, for ever. I may be wretched but never will I be a villain.</p>
<p rend="indent1">	what <ref target="people.html#WynnCharlesWW">Wynn</ref> can do for me he will. he approves most highly of the system I have adopted. the official situation is more an object of temporary convenience than future necessity. I want an obvious reason for abandoning Oxford &amp; a certainty of existence till my own ability allow me to marry. till I have a compentency twere absurd to think of marriage — when I have it twere criminal to think otherwise. my dear friend I both hope &amp; fear that the destiny of another depends on mine. tis easy to live on hope. but if despair be my food I will feed on it in a country where neither my name nor life can be known &amp; where in the society of mechanics I may gradually forget that I was ever qualified for or accustomed to a higher situation.</p>
<p rend="indent1">	were I once settled in London I have not the smallest doubt of success. my abilities are only fixd in the principle of Justice. in application they are versatile. I can turn them from one species of composition to another &amp; experience tells me that my success is the same in all. I am above vanity — but I despise the affectation of modest Falshood. — pause for one moment &amp; reflect on my situation. I am &lt;at&gt; present burthensome to my friends &amp; weary of my own reflections — worn out with anxiety &amp; sensibly impaired by the ceaseless agitation that preys upon me. this state can only end in taking orders. on the contrary I have a possibility (&amp; but a possibility) of enjoying the company of my dearest friend &amp; by following my favourite pursuit of ultimately attaining my fondest wishes. the alternative is labour obscurity &amp; emigration. a solitary life embittered by remembrance — &amp; a premature death unalleviated by one comfortable reflection.</p>
<p rend="indent1">	do not believe that I can shrink from even this prospect. &amp; do not my dear friend be sorry that I express myself so strongly. you see how I am situated &amp; tis yours to judge how I should act. I know my existence here distresses my relations. think <ref target="people.html#BedfordGrosvenorCharles">Grosvenor</ref> on the hours of anguish which that knowledge must occasion — &amp; judge if any alternative be not preferable.</p>
<p rend="indent1">
<ref target="people.html#WynnCharlesWW">Wynn</ref> has seen your letter. we are neither of thus alterd by its perusal. he will thro his mother apply to Ld Grenville.<note n="1" place="foot" resp="editors">Charlotte Wynn (1754–1832) was the sister of the Foreign Secretary, William Wyndham Grenville, 1st Lord Grenville (1759–1834; <title level="m">DNB</title>).</note> I have little expectation therefrom. less indeed than I like to allow even to myself. but my determination is made &amp; while that determination appears founded upon Justice &amp; Integrity no affection however fond — no tie however rivetted to my heart shall prevail against it.</p>
<p rend="indent1">	I have not told <ref target="people.html#WynnCharlesWW">Wynn</ref> the alternative remaining. I will not. already is every prejudice &amp; every affection of the human heart against me. but Justice must &amp; shall prevail.</p>
<p rend="indent1">
<ref target="people.html#BedfordGrosvenorCharles">Grosvenor</ref> the perusal of this will give you pain. I know it will. but reflect that it is my duty so to act &amp; if I rightly appreciate your character you will be more pleased to see <del rend="strikethrough">me</del> &lt;your friend&gt; cursed with integrity <del rend="strikethrough">x</del> than lingering out in negative sufficiency or rioting in affluence which &lt;he&gt; had lost the wish to possess &amp; the power to enjoy. if <ref target="people.html#WynnCharlesWW">Wynn</ref> can procure me the situation I wish he will.</p>
<p rend="indent1">	God bless you my dear friend. when I think of the happiness I might enjoy in your society — &amp; hereafter, in that of <ref target="people.html#FrickerEdith">her</ref> whose happiness must constitute mine — when I think how little would render me so happy — &amp; how probable it is that the very reverse must happen — my soul saddens at the prospect.</p>
<p rend="indent1">	no more of the subject. what <ref target="people.html#WynnCharlesWW">Wynn</ref> can do he will. write to me soon as usual. forbear this topic &amp; believe<del rend="strikethrough">s</del> me however my affections are concenterd there — I can still sufficiently command every passion to philosophize &amp; reason upon indifferent topics.</p>
<closer>
<salute rend="indent5">most sincerely your</salute>
<signed rend="indent8">	RS.</signed>
</closer>
</div>
</body>
</text>
</TEI>
