<?xml version="1.0" encoding="utf-8"?><TEI xmlns="http://www.tei-c.org/ns/1.0">
<teiHeader>
<fileDesc>
<titleStmt>
<title type="main">The Collected Letters of Robert Southey. Part 1: 1791-1797 </title>
<title type="subordinate">A Romantic Circles Electronic Edition</title>
<author>
<name>Southey, Robert, 1774-1843</name>
</author>
<editor>Lynda Pratt</editor>
<sponsor>Romantic Circles</sponsor>
<respStmt>
<resp>General Editor, </resp>
<name>Neil Fraistat</name>
</respStmt>
<respStmt>
<resp>General Editor, </resp>
<name>Steven E. Jones</name>
</respStmt>
<respStmt>
<resp>General Editor, </resp>
<name>Carl Stahmer</name>
</respStmt>
<respStmt>
<resp>Technical Editor</resp>
<name>Laura Mandell</name>
</respStmt>
</titleStmt>
<editionStmt>
<edition>
<date>2009-03-15</date>
</edition>
</editionStmt>
<publicationStmt>
<idno type="nines">rce22</idno>
<idno type="edition">letterEEd.26.22</idno>
<publisher>Romantic Circles, http://www.rc.umd.edu, University of Maryland</publisher>
<pubPlace>College Park, MD</pubPlace>
<date when="2009-02-20">March 15, 2009</date>
<availability status="restricted">
<p>Material from the Romantic Circles Website may not be downloaded, reproduced or disseminated in any
												manner without authorization unless it is for purposes of criticism, comment, news reporting,
												teaching, and/or classroom use as provided by the Copyright Act of 1976, as amended.</p>
<p>Unless otherwise noted, all Pages and Resources mounted on Romantic Circles are copyrighted by the
												author/editor and may be shared only in accordance with the Fair Use provisions of U.S. copyright law.
												Except as expressly permitted by this statement, redistribution or republication in any medium
												requires express prior written consent from the author/editors and advance notification of Romantic
												Circles. Any requests for authorization should be forwarded to Romantic Circles:&gt;
												<address>
<addrLine>Romantic Circles</addrLine>
<addrLine>c/o Professor Neil Fraistat</addrLine>
<addrLine>Department of English</addrLine>
<addrLine>University of Maryland</addrLine>
<addrLine>College Park, MD 20742</addrLine>
<addrLine>fraistat@umd.edu</addrLine>
</address>
</p>
<p>By their use of these texts and images, users agree to the following conditions: <list>
<item>These texts and images may not be used for any commercial purpose without prior written
														permission from Romantic Circles.</item>
<item>These texts and images may not be re-distributed in any forms other than their current
														ones.</item>
</list>
</p>
<p>Users are not permitted to download these texts and images in order to mount them on their own servers.
												It is not in our interest or that of our users to have uncontrolled subsets of our holdings available
												elsewhere on the Internet. We make corrections and additions to our edited resources on a continual
												basis, and we want the most current text to be the only one generally available to all Internet users.
												Institutions can, of course, make a link to the copies at Romantic Circles, subject to our conditions
												of use.</p>
</availability>
</publicationStmt>
<sourceDesc>
<p>Huntington Library, HM
                        44799.  Previously  published: Roland Baughman, ‘Southey the Schoolboy’,
                            Huntington Library Quarterly, 7 (1944), 264 [in
                        part]; and Kenneth Curry (ed.), New Letters of Robert
                            Southey, 2 vols (London and New York, 1965), I, pp.
                        1–4.Dating note: Baughman gives this a tentative date of 26 August
                        1792; Curry suggests a period between 1792–summer 1793. Internal evidence
                        and the fact that the letter was written at 9 Duke Street, Bath, suggests a
                        date of summer/autumn 1792, when Southey was at his parents’
                    house.</p>
<p>These letters were edited with the assistance of Carol Bolton, Tim Fulford and Ian Packer</p>
<p>For permission to publish the text of MSS in their possession, the editor wishes to thank the Beinecke Rare
											Books and Manuscript Library, Yale University; Berg Collection of English and American Literature, The New
											York Public Library, Astor, Lenox and Tilden Foundations; the Bodleian Library Oxford University; the
											British Library; Boston Public Library; the Syndics of Cambridge University Library; the Syndics of the
											Fitzwilliam Museum Cambridge; Haverford College, Connecticut; the Historical Society of Pennsylvania; the
											Hornby Library, Liverpool Libraries and Information Services; the Houghton Library, Harvard University;
											the John Rylands Library, Manchester; the Kenneth Spencer Research Library, University of Kansas; Luton
											Museum (Bedfordshire County Council); Massachusetts Historical Society; McGill University Library; the
											National Library of Scotland; the Newberry Library, Chicago; the New York Public Library (Pforzheimer
											Collections); the Pierpont Morgan Library, New York; the Public Record Offices of Bedford, Suffolk (Bury
											St Edmunds) and Northumberland, the Master and Fellows of Trinity College, Cambridge; the Society of
											Antiquaries of Newcastle upon Tyne; the Trustees of the William Salt Library, Stafford, the Wisbech and
											Fenland Museum; the University of Virginia Library.</p>
<p>A research grant from the British Academy made much of the archival work possible, as did support from the
											English Department of Nottingham Trent University.</p>
</sourceDesc>
</fileDesc>
<encodingDesc>
<editorialDecl>
<quotation>
<p>All quotation marks and apostrophes have been changed: " for “," for ”, ' for ‘, and ' for ’.</p>
</quotation>
<hyphenation eol="none">
<p>Any dashes occurring in line breaks have been removed.</p>
<p>Because of web browser variability, all hyphens have been typed on the U.S. keyboard.</p>
<p>Dashes have been rendered as a variable number of hyphens to give a more exact rendering of their
												length.</p>
</hyphenation>
<normalization method="markup">
<p>Southey's spelling has not been regularized.</p>
<p>Writing in other hands appearing on these manuscripts has been indicated as such, the content recorded
												in brackets.</p>
</normalization>
<normalization>
<p>&amp; has been used for the ampersand sign.</p>
<p>£ has been used for £, the pound sign</p>
<p>All other characters, those with accents, non-breaking spaces, etc., have been encoded in HTML entity
												decimals.</p>
</normalization>
</editorialDecl>
<classDecl>
<taxonomy corresp="http://www.performantsoftware.com/nines_wiki/index.php/Submitting_RDF#.3Cnines:genre.3E" xml:id="g">
<bibl>NINES categories for Genre and Material Form at
												http://www.performantsoftware.com/nines_wiki/index.php/Submitting_RDF#.3Cnines:genre.3E on
												2009-02-26</bibl>
<category xml:id="g1">
<catDesc>Architecture</catDesc>
</category>
<category xml:id="g2">
<catDesc>Artifacts</catDesc>
</category>
<category xml:id="g3">
<catDesc>Bibliography</catDesc>
</category>
<category xml:id="g4">
<catDesc>Collection</catDesc>
</category>
<category xml:id="g5">
<catDesc>Criticism</catDesc>
</category>
<category xml:id="g7">
<catDesc>Letters</catDesc>
</category>
<category xml:id="g6">
<catDesc>Drama</catDesc>
</category>
<category xml:id="g8">
<catDesc>Life Writing</catDesc>
</category>
<category xml:id="g9">
<catDesc>Politics</catDesc>
</category>
<category xml:id="g10">
<catDesc>Folklore</catDesc>
</category>
<category xml:id="g11">
<catDesc>Ephemera</catDesc>
</category>
<category xml:id="g12">
<catDesc>Fiction</catDesc>
</category>
<category xml:id="g13">
<catDesc>History</catDesc>
</category>
<category xml:id="g14">
<catDesc>Leisure</catDesc>
</category>
<category xml:id="g15">
<catDesc>Manuscript</catDesc>
</category>
<category xml:id="g16">
<catDesc>Reference Works</catDesc>
</category>
<category xml:id="g17">
<catDesc>Humor</catDesc>
</category>
<category xml:id="g18">
<catDesc>Education</catDesc>
</category>
<category xml:id="g19">
<catDesc>Music</catDesc>
</category>
<category xml:id="g20">
<catDesc>nonfiction</catDesc>
</category>
<category xml:id="g21">
<catDesc>Paratext</catDesc>
</category>
<category xml:id="g22">
<catDesc>Perodical</catDesc>
</category>
<category xml:id="g23">
<catDesc>Philosphy</catDesc>
</category>
<category xml:id="g24">
<catDesc>Photograph</catDesc>
</category>
<category xml:id="g25">
<catDesc>Citation</catDesc>
</category>
<category xml:id="g26">
<catDesc>Family Life</catDesc>
</category>
<category xml:id="g27">
<catDesc>Poetry</catDesc>
</category>
<category xml:id="g28">
<catDesc>Religion</catDesc>
</category>
<category xml:id="g29">
<catDesc>Review</catDesc>
</category>
<category xml:id="g30">
<catDesc>Visual Art</catDesc>
</category>
<category xml:id="g31">
<catDesc>Translation</catDesc>
</category>
<category xml:id="g32">
<catDesc>Travel</catDesc>
</category>
<category xml:id="g33">
<catDesc>Book History</catDesc>
</category>
<category xml:id="g34">
<catDesc>Law</catDesc>
</category>
</taxonomy>
<taxonomy corresp="http://www.rc.umd.edu/southey_letters/people.xml">
<category xml:id="people">
<catDesc>Southey Letters: Biographies</catDesc>
</category>
</taxonomy>
<taxonomy corresp="http://www.rc.umd.edu/southey_letters/places.xml">
<category xml:id="places">
<catDesc>Southey Letters: Places</catDesc>
</category>
</taxonomy>
</classDecl>
</encodingDesc>
<profileDesc>
<textClass>
<catRef scheme="#genre" target="#g7 #g27"/>
<catRef scheme="#people" target="#EEd.26.1.names"/>
<catRef scheme="#places" target="#EEd.26.1.places"/>
</textClass>
</profileDesc>
<revisionDesc>
<change who="#LM" when="2009-03-10" n="4">
<label>Changed by</label>
<name>Laura Mandell</name>
<list>
<item>XSLT Transforming</item>
</list>
</change>
<change who="#AB" when="2009-03-02" n="3">
<label>Changed by</label>
<name>Averill Buchanan</name>
<list>
<item>corrections from proofing</item>
</list>
</change>
<change who="#LM" when="2009-02-20" n="2">
<label>Changed by</label>
<name xml:id="LM">Laura Mandell</name>
<list>
<item>XSLT Transforming</item>
</list>
</change>
<change who="#AB" when="2009-02-20" n="1">
<label>Changed by</label>
<name xml:id="AB">Averill Buchanan</name>
<list>
<item>TEI Encoding</item>
</list>
</change>
</revisionDesc>
</teiHeader>
<text>
<body>
<div n="22" type="letter">
<head>22. Robert Southey to <ref target="people.html#CollinsCharles">Charles
                        Collins</ref>, <date>[c. summer/ autumn 1792]</date>
<note place="foot" resp="editors" type="headnote">Address: M<hi rend="sup">r</hi> C Collins/
                        opposite the lying-in hospital/ Lambeth/ near/ Westminster Bridge<lb/>
                        Stamped: BATH<lb/> Postmark: [partial] 26/ 9<lb/>MS: Huntington Library, HM
                        44799<lb/>Previously published: Roland Baughman, ‘Southey the Schoolboy’,
                            <title level="j">Huntington Library Quarterly</title>, 7 (1944), 264 [in
                        part]; and Kenneth Curry (ed.), <title level="m">New Letters of Robert
                            Southey</title>, 2 vols (London and New York, 1965), I, pp.
                        1–4.<lb/>Dating note: Baughman gives this a tentative date of 26 August
                        1792; Curry suggests a period between 1792–summer 1793. Internal evidence
                        and the fact that the letter was written at 9 Duke Street, Bath, suggests a
                        date of summer/autumn 1792, when Southey was at his parents’
                    house.</note>
</head>
<lb/>
<lg type="stanza">
<l rend="indent2">
<ref target="people.html#CollinsCharles">Collins</ref>, if yet
                        remembrance can remain</l>
<l rend="indent2">If Friendship still may plead, nor plead in vain</l>
<l rend="indent2">If yet this hand is dear — attend — attend</l>
<l rend="indent2">And lay aside your Homer for your friend.</l>
</lg>
<lb/>
<lg type="stanza">
<l rend="indent2">Still still does study with unceasing rage</l>
<l rend="indent2">Devour the Grecian &amp; the Roman page?</l>
<l rend="indent2">Still shall the classics feed your greedy eyes</l>
<l rend="indent2">Whilst Ossian<note n="1" place="foot" resp="editors">The
                            controversial series of poems purportedly written by the ancient bard
                            Ossian (son of Fingal), published by James Macpherson (1736–1796; <title level="m">DNB</title>).</note> on the shelf neglected lies</l>
<l rend="indent2">Whilst Gibbon<note n="2" place="foot" resp="editors">Edward
                            Gibbon (1737–1794; <title level="m">DNB</title>), historian, whose works
                            include <title level="m">The History of the Decline and Fall of the
                                Roman Empire</title> (1776–1788).</note> with a careless look you
                        see</l>
<l rend="indent2">And Spenser’s only read by <ref target="people.html#RoughWilliam">Rough</ref> &amp; me.</l>
</lg>
<lb/>
<lg type="stanza">
<l rend="indent2">Behold yon hothouse — see each anxious hour</l>
<l rend="indent2">The curious florist guards his favorite flower —</l>
<l rend="indent2">From India Italy — no matter where</l>
<l rend="indent2">Tis placd in Englands cold ungenial air —</l>
<l rend="indent2">Too weak to stand the chilly winds that fly</l>
<l rend="indent2">Along Britannias bold &amp; bracing sky</l>
<l rend="indent2">Raisd with unceasing care in artful bed</l>
<l rend="indent2">It rears in artificial bloom its head</l>
<l rend="indent2">Some half a dozen friends the plant admire</l>
<l rend="indent2">And soon both master friends &amp; plant expire.</l>
</lg>
<lb/>
<lg type="stanza">
<l rend="indent2">Now view yon violet — its fragrance round</l>
<l rend="indent2">Perfumes the air &amp; ornaments the ground</l>
<l rend="indent2">Of every flower the sweetest &amp; the best</l>
<l rend="indent2">Each village tenant wears it in her breast.</l>
<l rend="indent2">Say <ref target="people.html#CollinsCharles">Collins</ref>
                        which is best? or which shall claim</l>
<l rend="indent2">With most desert the honord due of fame?</l>
</lg>
<lb/>
<lg type="stanza">
<l rend="indent2">The moral comes — intent the letter’d sage</l>
<l rend="indent2">Brunck<note n="3" place="foot" resp="editors">Richard François
                            Philippe Brunck (1729–1803), a French classical scholar notorious for
                            cavalier handling of the texts he edited.</note> or the Scholias<note n="4" place="foot" resp="editors">An editor who made commentaries in the
                            margins of Latin or Greek texts.</note> turns the Grecian page —</l>
<l rend="indent2">Full many a year behold him studious pore</l>
<l rend="indent2">Till sense &amp; learning can correct no more.</l>
<l rend="indent2">The new edition comes — its merit see.</l>
<l rend="indent2">Perhaps a δε for
                        μεν or
                        μεν for
                            δε!<note n="5" place="foot" resp="editors">Southey is playing games, reversing the order of the tags that every
                            student of Greek soon knows simply mean, depending on their place in the
                            sentence, ‘on the one hand’ and ‘on the other’.</note>
</l>
</lg>
<lb/>
<lg type="stanza">
<l rend="indent2">Who knows not Petrarch?<note n="6" place="foot" resp="editors">Francesco Petrarca (1304–1374), Italian poet and humanist. His
                            unfinished Latin epic <title level="m">Africa</title> was little read in
                            the eighteenth century, whilst his sonnets in Italian still commanded a
                            wide audience.</note> many a studious day</l>
<l rend="indent2">He wove intent the Latin epic lay.</l>
<l rend="indent2">The Latin lay despised forgotten lies.</l>
<l rend="indent2">Yet have his sorrows bathd the readers eyes</l>
<l rend="indent2">Yet has the Bard in native language known</l>
<l rend="indent2">Deservd &amp; gaind the immortal laurel crown.</l>
</lg>
<lb/>
<lg type="stanza">
<l rend="indent2">Why then my friend shall Genius blaze in vain</l>
<l rend="indent2">Why pour her rapid flow in Latin strain.</l>
<l rend="indent2">Canst thou my friend the narrow praise desire?</l>
<l rend="indent2">
<ref target="people.html#Doyly">D’Oyley</ref> may equal — <ref target="people.html#VincentWilliam">Vincent</ref> will admire —</l>
<l rend="indent2">Smedley<note n="7" place="foot" resp="editors">Edward Smedley
                            (1750–1825), an Usher at Westminster School 1774–1820.</note> may view
                        you with approving eyes</l>
<l rend="indent2">And Dunces ask their bible exercise!</l>
</lg>
<lb/>
<lg type="stanza">
<l rend="indent2">But say — say <ref target="people.html#CollinsCharles">Collins</ref> will the Doctors name</l>
<l rend="indent2">Expand the portals of the pile of Fame?</l>
<l rend="indent2">What from such labors can such Genius hope</l>
<l rend="indent2">When even Bentley only lives in Pope?<note n="8" place="foot" resp="editors">Richard Bentley (1662–1742; <title level="m">DNB</title>), classical scholar caricatured by Alexander Pope
                            (1688–1744; <title level="m">DNB</title>) in the <title level="m">Dunciad</title>. Bentley, infamously, published a revised
                            (presumably, he thought, improved) version of Milton’s <title level="m">Paradise Lost</title> in 1732.</note>
</l>
</lg>
<lb/>
<lg type="stanza">
<l rend="indent2">Yet deem not even Southeys dreaded strain</l>
<l rend="indent2">Holds learning useless — or thinks study vain</l>
<l rend="indent2">Tho’ he who sways with wig &amp; rod the school</l>
<l rend="indent2">Proclaims me impious insolent &amp; fool.</l>
<l rend="indent2">Yet I have felt enrapt the great delight</l>
<l rend="indent2">When Hector<note n="9" place="foot" resp="editors">In the
                                <title level="m">Iliad</title>, a Trojan hero, killed by
                            Achilles.</note> rages in the field of fight</l>
<l rend="indent2">Yes I have wept when poor &amp; tempest tost</l>
<l rend="indent2">The suffering monarch<note n="10" place="foot" resp="editors">The Greek hero Odysseus.</note> reachd his native cost —</l>
<l rend="indent2">Without one blush een I can dare relate</l>
<l rend="indent2">That I have wept when Argus<note n="11" place="foot" resp="editors">In the <title level="m">Odyssey</title>, Book 17,
                            Odysseus’ dog, who recognises his master on his return home after twenty
                            years and then dies.</note> bowd to fate.</l>
<l rend="indent2">Yet still my native tongue demands my lays</l>
<l rend="indent2">And there &amp; there alone I seek for praise —</l>
</lg>
<lb/>
<lg type="stanza">
<l rend="indent2">Let not thy once lovd friends request be vain</l>
<l rend="indent2">Write soon in verse &amp; English be the strain.</l>
<l rend="indent2">If I may beg &amp; beg without offence</l>
<l rend="indent2">That you will stoop awhile to Common Sense.<note n="12" place="foot" resp="editors">Thomas Paine (1737–1809; <title level="m">DNB</title>), <title level="m">Common Sense</title> (1776), a key
                            tract in support of the American Revolution.</note>
</l>
</lg>
<p rend="indent5"> —————</p>
<p>
<date when="1792">Monday.</date>
<address>
<placeName>
<ref target="places.html#DukeStBath">No 9 Duke Street Bath</ref>
</placeName>
</address>
</p>
</div>
</body>
</text>
</TEI>
