<?xml version="1.0" encoding="utf-8"?><TEI xmlns="http://www.tei-c.org/ns/1.0">
<teiHeader>
<fileDesc>
<titleStmt>
<title type="main">The Collected Letters of Robert Southey. Part 1: 1791-1797 </title>
<title type="subordinate">A Romantic Circles Electronic Edition</title>
<author>
<name>Southey, Robert, 1774-1843</name>
</author>
<editor>Lynda Pratt</editor>
<sponsor>Romantic Circles</sponsor>
<respStmt>
<resp>General Editor, </resp>
<name>Neil Fraistat</name>
</respStmt>
<respStmt>
<resp>General Editor, </resp>
<name>Steven E. Jones</name>
</respStmt>
<respStmt>
<resp>General Editor, </resp>
<name>Carl Stahmer</name>
</respStmt>
<respStmt>
<resp>Technical Editor</resp>
<name>Laura Mandell</name>
</respStmt>
</titleStmt>
<editionStmt>
<edition>
<date>2009-03-15</date>
</edition>
</editionStmt>
<publicationStmt>
<idno type="nines">rce190</idno>
<idno type="edition">letterEEd.26.190</idno>
<publisher>Romantic Circles, http://www.rc.umd.edu, University of Maryland</publisher>
<pubPlace>College Park, MD</pubPlace>
<date when="2009-02-20">March 15, 2009</date>
<availability status="restricted">
<p>Material from the Romantic Circles Website may not be downloaded, reproduced or disseminated in any
												manner without authorization unless it is for purposes of criticism, comment, news reporting,
												teaching, and/or classroom use as provided by the Copyright Act of 1976, as amended.</p>
<p>Unless otherwise noted, all Pages and Resources mounted on Romantic Circles are copyrighted by the
												author/editor and may be shared only in accordance with the Fair Use provisions of U.S. copyright law.
												Except as expressly permitted by this statement, redistribution or republication in any medium
												requires express prior written consent from the author/editors and advance notification of Romantic
												Circles. Any requests for authorization should be forwarded to Romantic Circles:&gt;
												<address>
<addrLine>Romantic Circles</addrLine>
<addrLine>c/o Professor Neil Fraistat</addrLine>
<addrLine>Department of English</addrLine>
<addrLine>University of Maryland</addrLine>
<addrLine>College Park, MD 20742</addrLine>
<addrLine>fraistat@umd.edu</addrLine>
</address>
</p>
<p>By their use of these texts and images, users agree to the following conditions: <list>
<item>These texts and images may not be used for any commercial purpose without prior written
														permission from Romantic Circles.</item>
<item>These texts and images may not be re-distributed in any forms other than their current
														ones.</item>
</list>
</p>
<p>Users are not permitted to download these texts and images in order to mount them on their own servers.
												It is not in our interest or that of our users to have uncontrolled subsets of our holdings available
												elsewhere on the Internet. We make corrections and additions to our edited resources on a continual
												basis, and we want the most current text to be the only one generally available to all Internet users.
												Institutions can, of course, make a link to the copies at Romantic Circles, subject to our conditions
												of use.</p>
</availability>
</publicationStmt>
<sourceDesc>
<p>Bodleian Library, MS Eng. Lett. c. 22.  Not previously published.</p>
<p>These letters were edited with the assistance of Carol Bolton, Tim Fulford and Ian Packer</p>
<p>For permission to publish the text of MSS in their possession, the editor wishes to thank the Beinecke Rare
											Books and Manuscript Library, Yale University; Berg Collection of English and American Literature, The New
											York Public Library, Astor, Lenox and Tilden Foundations; the Bodleian Library Oxford University; the
											British Library; Boston Public Library; the Syndics of Cambridge University Library; the Syndics of the
											Fitzwilliam Museum Cambridge; Haverford College, Connecticut; the Historical Society of Pennsylvania; the
											Hornby Library, Liverpool Libraries and Information Services; the Houghton Library, Harvard University;
											the John Rylands Library, Manchester; the Kenneth Spencer Research Library, University of Kansas; Luton
											Museum (Bedfordshire County Council); Massachusetts Historical Society; McGill University Library; the
											National Library of Scotland; the Newberry Library, Chicago; the New York Public Library (Pforzheimer
											Collections); the Pierpont Morgan Library, New York; the Public Record Offices of Bedford, Suffolk (Bury
											St Edmunds) and Northumberland, the Master and Fellows of Trinity College, Cambridge; the Society of
											Antiquaries of Newcastle upon Tyne; the Trustees of the William Salt Library, Stafford, the Wisbech and
											Fenland Museum; the University of Virginia Library.</p>
<p>A research grant from the British Academy made much of the archival work possible, as did support from the
											English Department of Nottingham Trent University.</p>
</sourceDesc>
</fileDesc>
<encodingDesc>
<editorialDecl>
<quotation>
<p>All quotation marks and apostrophes have been changed: " for “," for ”, ' for ‘, and ' for ’.</p>
</quotation>
<hyphenation eol="none">
<p>Any dashes occurring in line breaks have been removed.</p>
<p>Because of web browser variability, all hyphens have been typed on the U.S. keyboard.</p>
<p>Dashes have been rendered as a variable number of hyphens to give a more exact rendering of their
												length.</p>
</hyphenation>
<normalization method="markup">
<p>Southey's spelling has not been regularized.</p>
<p>Writing in other hands appearing on these manuscripts has been indicated as such, the content recorded
												in brackets.</p>
</normalization>
<normalization>
<p>&amp; has been used for the ampersand sign.</p>
<p>£ has been used for £, the pound sign</p>
<p>All other characters, those with accents, non-breaking spaces, etc., have been encoded in HTML entity
												decimals.</p>
</normalization>
</editorialDecl>
<classDecl>
<taxonomy corresp="http://www.performantsoftware.com/nines_wiki/index.php/Submitting_RDF#.3Cnines:genre.3E" xml:id="g">
<bibl>NINES categories for Genre and Material Form at
												http://www.performantsoftware.com/nines_wiki/index.php/Submitting_RDF#.3Cnines:genre.3E on
												2009-02-26</bibl>
<category xml:id="g1">
<catDesc>Architecture</catDesc>
</category>
<category xml:id="g2">
<catDesc>Artifacts</catDesc>
</category>
<category xml:id="g3">
<catDesc>Bibliography</catDesc>
</category>
<category xml:id="g4">
<catDesc>Collection</catDesc>
</category>
<category xml:id="g5">
<catDesc>Criticism</catDesc>
</category>
<category xml:id="g7">
<catDesc>Letters</catDesc>
</category>
<category xml:id="g6">
<catDesc>Drama</catDesc>
</category>
<category xml:id="g8">
<catDesc>Life Writing</catDesc>
</category>
<category xml:id="g9">
<catDesc>Politics</catDesc>
</category>
<category xml:id="g10">
<catDesc>Folklore</catDesc>
</category>
<category xml:id="g11">
<catDesc>Ephemera</catDesc>
</category>
<category xml:id="g12">
<catDesc>Fiction</catDesc>
</category>
<category xml:id="g13">
<catDesc>History</catDesc>
</category>
<category xml:id="g14">
<catDesc>Leisure</catDesc>
</category>
<category xml:id="g15">
<catDesc>Manuscript</catDesc>
</category>
<category xml:id="g16">
<catDesc>Reference Works</catDesc>
</category>
<category xml:id="g17">
<catDesc>Humor</catDesc>
</category>
<category xml:id="g18">
<catDesc>Education</catDesc>
</category>
<category xml:id="g19">
<catDesc>Music</catDesc>
</category>
<category xml:id="g20">
<catDesc>nonfiction</catDesc>
</category>
<category xml:id="g21">
<catDesc>Paratext</catDesc>
</category>
<category xml:id="g22">
<catDesc>Perodical</catDesc>
</category>
<category xml:id="g23">
<catDesc>Philosphy</catDesc>
</category>
<category xml:id="g24">
<catDesc>Photograph</catDesc>
</category>
<category xml:id="g25">
<catDesc>Citation</catDesc>
</category>
<category xml:id="g26">
<catDesc>Family Life</catDesc>
</category>
<category xml:id="g27">
<catDesc>Poetry</catDesc>
</category>
<category xml:id="g28">
<catDesc>Religion</catDesc>
</category>
<category xml:id="g29">
<catDesc>Review</catDesc>
</category>
<category xml:id="g30">
<catDesc>Visual Art</catDesc>
</category>
<category xml:id="g31">
<catDesc>Translation</catDesc>
</category>
<category xml:id="g32">
<catDesc>Travel</catDesc>
</category>
<category xml:id="g33">
<catDesc>Book History</catDesc>
</category>
<category xml:id="g34">
<catDesc>Law</catDesc>
</category>
</taxonomy>
<taxonomy corresp="http://www.rc.umd.edu/southey_letters/people.xml">
<category xml:id="people">
<catDesc>Southey Letters: Biographies</catDesc>
</category>
</taxonomy>
<taxonomy corresp="http://www.rc.umd.edu/southey_letters/places.xml">
<category xml:id="places">
<catDesc>Southey Letters: Places</catDesc>
</category>
</taxonomy>
</classDecl>
</encodingDesc>
<profileDesc>
<textClass>
<catRef scheme="#genre" target="#g7 #g27"/>
<catRef scheme="#people" target="#EEd.26.1.names"/>
<catRef scheme="#places" target="#EEd.26.1.places"/>
</textClass>
</profileDesc>
<revisionDesc>
<change who="#LM" when="2009-03-10" n="4">
<label>Changed by</label>
<name>Laura Mandell</name>
<list>
<item>XSLT Transforming</item>
</list>
</change>
<change who="#AB" when="2009-03-02" n="3">
<label>Changed by</label>
<name>Averill Buchanan</name>
<list>
<item>corrections from proofing</item>
</list>
</change>
<change who="#LM" when="2009-02-20" n="2">
<label>Changed by</label>
<name xml:id="LM">Laura Mandell</name>
<list>
<item>XSLT Transforming</item>
</list>
</change>
<change who="#AB" when="2009-02-20" n="1">
<label>Changed by</label>
<name xml:id="AB">Averill Buchanan</name>
<list>
<item>TEI Encoding</item>
</list>
</change>
</revisionDesc>
</teiHeader>
<text>
<body>
<div n="190" type="letter">
<head>190. Robert Southey to <ref target="people.html#BedfordGrosvenorCharles">Grosvenor Charles Bedford</ref>, <date when="1796-12-08">8 December [1796]</date>
<note place="foot" resp="editors" type="headnote">Address: G C Bedford Esq<hi rend="sup">r</hi>/ New Palace Yard/ Westminster<lb/>Stamped: BATH<lb/>Postmark: [partial] 96 <lb/>Watermark: [Obscured by MS binding]<lb/>Endorsement: Rec<hi rend="sup">d</hi>. Decr. 9. 1796<lb/>MS: Bodleian Library, MS Eng. Lett. c. 22<lb/>Unpublished.</note>
</head>
<opener>
<dateline rend="right">
<date when="1796-12-08">December 8<hi rend="sup">th</hi>.</date>
<address>
<placeName>Bath.</placeName>
</address>
</dateline>
</opener>
<p rend="indent1">	I was at Bristol when your letter arrived — the inclosed was immediately written, I have spoken of Robert Haynes<note n="1" place="foot" resp="editors">Unidentified; a friend of the Bedford family who was going to Lisbon.</note> as your character of him taught me he deserved to be spoken of — he will need no other introduction. if my friend <ref target="people.html#ThomasWilliamBowyer">Thomas</ref> revisits Lisbon &amp; I shall by this post assure him there is no danger in so doing — you may send any thing by him to introduce him to Haynes — who may then supply my place to <ref target="people.html#ThomasWilliamBowyer">Thomas</ref>.</p>
<p rend="indent1">	you mistook me about Madoc. I had neither the intention or wish of immediate publication. twas a forlorn hope for the future. I wrote to <ref target="people.html#WynnCharlesWW">Wynn</ref> about five days ago — &amp; told him the only remora that would detain me here after Christmas. I am as little content with the world as you are, but I do not like <ref target="people.html#AllenRobert">Allens</ref> gunpowder plot. the world must be mended by the total reorganization of society. &amp; as a Christian I believe this must take place. if I did not — I should join the Atheism of <ref target="people.html#AllenRobert">Allen</ref> — without embracing his plans for the improvement of a rascally public. you call yourself an aristocrat — &amp; before God I know no man whose opinions &amp; feelings are more anti-aristocratical!</p>
<p rend="indent1">	I shall probably visit London a week before <ref target="people.html#FrickerEdith">Edith</ref> — to look about me &amp; fix. will you house me for that time? your plan makes some alteration in mine — I meant to live about Newington to be in the road between <ref target="places.html#Brixton">Brixton</ref> &amp; the Exchequer — now the nearer we are to Lincolns Inn the better — &amp; the nearer to each other.</p>
<p rend="indent1">	But why so anxious <ref target="people.html#BedfordGrosvenorCharles">Grosvenor</ref> as to injure your health? a little stoicism amalgamates well with human affections &amp; virtues &amp; methinks you are too anxious: you have already enough for all wants — &amp; all necessary comforts — &amp; your heart is now your own. a single man needs only good raiment &amp; shelter. if his affections be not engaged &amp; these fail to make him happy — nothing can. that man should ever want these!</p>
<p rend="indent1">	Do you expect to find me altered much? I feel myself the same now as when I first began to feel: &amp; can trace the developement of my character thro every stage. it is tranquilized — not changed. remember you the first of March 1792?<note n="2" place="foot" resp="editors">The first issue of <title level="j">The Flagellant</title>, a collaboration between Southey and schoolfellows, including Grosvenor Charles Bedford, appeared on 1 March 1792.</note> how we stalked thro London streets — higher than all we met — I was then not quite eighteen when I begun the career of an author running plenum sed<note n="3" place="foot" resp="editors">The Latin translates as ‘full butt’.</note> against a great block with a wig on it —. five years produce strange changes in the little world of our own affairs!</p>
<p rend="indent1">	fare you well! the day is short. the work is long<note n="4" place="foot" resp="editors">An adaptation of ‘The Tale of Beryn’ (present in some variants of <title level="m">The Canterbury Tales</title>), line 3631.</note> — said Ali.</p>
<p rend="indent1">	I have just read Carlyles Arabic Translations<note n="5" place="foot" resp="editors">Joseph Dacre Carlyle (1758–1804; <title level="m">DNB</title>), <title level="m">Specimens of Arabian Poetry, From the Earliest Time to the Extinction of the Kaliphat, with some Account of the Authors</title> (1796).</note>  — Zounds what stuff is called Poetry!</p>
<closer>
<salute rend="indent3">			Yrs </salute>
<signed rend="indent4">				R Southey.</signed>
</closer>
<postscript>
<p rend="indent1">
<ref target="people.html#HillHerbert">My Uncle</ref> lives next door to the only English Hotel where Haynes will go upon landing. he has only to give him the letter.</p>
</postscript>
</div>
</body>
</text>
</TEI>
