<?xml version="1.0" encoding="utf-8"?><TEI xmlns="http://www.tei-c.org/ns/1.0">
<teiHeader>
<fileDesc>
<titleStmt>
<title type="main">The Collected Letters of Robert Southey. Part 1: 1791-1797 </title>
<title type="subordinate">A Romantic Circles Electronic Edition</title>
<author>
<name>Southey, Robert, 1774-1843</name>
</author>
<editor>Lynda Pratt</editor>
<sponsor>Romantic Circles</sponsor>
<respStmt>
<resp>General Editor, </resp>
<name>Neil Fraistat</name>
</respStmt>
<respStmt>
<resp>General Editor, </resp>
<name>Steven E. Jones</name>
</respStmt>
<respStmt>
<resp>General Editor, </resp>
<name>Carl Stahmer</name>
</respStmt>
<respStmt>
<resp>Technical Editor</resp>
<name>Laura Mandell</name>
</respStmt>
</titleStmt>
<editionStmt>
<edition>
<date>2009-03-15</date>
</edition>
</editionStmt>
<publicationStmt>
<idno type="nines">rce274</idno>
<idno type="edition">letterEEd.26.274</idno>
<publisher>Romantic Circles, http://www.rc.umd.edu, University of Maryland</publisher>
<pubPlace>College Park, MD</pubPlace>
<date when="2009-02-20">March 15, 2009</date>
<availability status="restricted">
<p>Material from the Romantic Circles Website may not be downloaded, reproduced or disseminated in any
												manner without authorization unless it is for purposes of criticism, comment, news reporting,
												teaching, and/or classroom use as provided by the Copyright Act of 1976, as amended.</p>
<p>Unless otherwise noted, all Pages and Resources mounted on Romantic Circles are copyrighted by the
												author/editor and may be shared only in accordance with the Fair Use provisions of U.S. copyright law.
												Except as expressly permitted by this statement, redistribution or republication in any medium
												requires express prior written consent from the author/editors and advance notification of Romantic
												Circles. Any requests for authorization should be forwarded to Romantic Circles:&gt;
												<address>
<addrLine>Romantic Circles</addrLine>
<addrLine>c/o Professor Neil Fraistat</addrLine>
<addrLine>Department of English</addrLine>
<addrLine>University of Maryland</addrLine>
<addrLine>College Park, MD 20742</addrLine>
<addrLine>fraistat@umd.edu</addrLine>
</address>
</p>
<p>By their use of these texts and images, users agree to the following conditions: <list>
<item>These texts and images may not be used for any commercial purpose without prior written
														permission from Romantic Circles.</item>
<item>These texts and images may not be re-distributed in any forms other than their current
														ones.</item>
</list>
</p>
<p>Users are not permitted to download these texts and images in order to mount them on their own servers.
												It is not in our interest or that of our users to have uncontrolled subsets of our holdings available
												elsewhere on the Internet. We make corrections and additions to our edited resources on a continual
												basis, and we want the most current text to be the only one generally available to all Internet users.
												Institutions can, of course, make a link to the copies at Romantic Circles, subject to our conditions
												of use.</p>
</availability>
</publicationStmt>
<sourceDesc>
<p>Cornell University Library.  Not previously published.</p>
<p>These letters were edited with the assistance of Carol Bolton, Tim Fulford and Ian Packer</p>
<p>For permission to publish the text of MSS in their possession, the editor wishes to thank the Beinecke Rare
											Books and Manuscript Library, Yale University; Berg Collection of English and American Literature, The New
											York Public Library, Astor, Lenox and Tilden Foundations; the Bodleian Library Oxford University; the
											British Library; Boston Public Library; the Syndics of Cambridge University Library; the Syndics of the
											Fitzwilliam Museum Cambridge; Haverford College, Connecticut; the Historical Society of Pennsylvania; the
											Hornby Library, Liverpool Libraries and Information Services; the Houghton Library, Harvard University;
											the John Rylands Library, Manchester; the Kenneth Spencer Research Library, University of Kansas; Luton
											Museum (Bedfordshire County Council); Massachusetts Historical Society; McGill University Library; the
											National Library of Scotland; the Newberry Library, Chicago; the New York Public Library (Pforzheimer
											Collections); the Pierpont Morgan Library, New York; the Public Record Offices of Bedford, Suffolk (Bury
											St Edmunds) and Northumberland, the Master and Fellows of Trinity College, Cambridge; the Society of
											Antiquaries of Newcastle upon Tyne; the Trustees of the William Salt Library, Stafford, the Wisbech and
											Fenland Museum; the University of Virginia Library.</p>
<p>A research grant from the British Academy made much of the archival work possible, as did support from the
											English Department of Nottingham Trent University.</p>
</sourceDesc>
</fileDesc>
<encodingDesc>
<editorialDecl>
<quotation>
<p>All quotation marks and apostrophes have been changed: " for “," for ”, ' for ‘, and ' for ’.</p>
</quotation>
<hyphenation eol="none">
<p>Any dashes occurring in line breaks have been removed.</p>
<p>Because of web browser variability, all hyphens have been typed on the U.S. keyboard.</p>
<p>Dashes have been rendered as a variable number of hyphens to give a more exact rendering of their
												length.</p>
</hyphenation>
<normalization method="markup">
<p>Southey's spelling has not been regularized.</p>
<p>Writing in other hands appearing on these manuscripts has been indicated as such, the content recorded
												in brackets.</p>
</normalization>
<normalization>
<p>&amp; has been used for the ampersand sign.</p>
<p>£ has been used for £, the pound sign</p>
<p>All other characters, those with accents, non-breaking spaces, etc., have been encoded in HTML entity
												decimals.</p>
</normalization>
</editorialDecl>
<classDecl>
<taxonomy corresp="http://www.performantsoftware.com/nines_wiki/index.php/Submitting_RDF#.3Cnines:genre.3E" xml:id="g">
<bibl>NINES categories for Genre and Material Form at
												http://www.performantsoftware.com/nines_wiki/index.php/Submitting_RDF#.3Cnines:genre.3E on
												2009-02-26</bibl>
<category xml:id="g1">
<catDesc>Architecture</catDesc>
</category>
<category xml:id="g2">
<catDesc>Artifacts</catDesc>
</category>
<category xml:id="g3">
<catDesc>Bibliography</catDesc>
</category>
<category xml:id="g4">
<catDesc>Collection</catDesc>
</category>
<category xml:id="g5">
<catDesc>Criticism</catDesc>
</category>
<category xml:id="g7">
<catDesc>Letters</catDesc>
</category>
<category xml:id="g6">
<catDesc>Drama</catDesc>
</category>
<category xml:id="g8">
<catDesc>Life Writing</catDesc>
</category>
<category xml:id="g9">
<catDesc>Politics</catDesc>
</category>
<category xml:id="g10">
<catDesc>Folklore</catDesc>
</category>
<category xml:id="g11">
<catDesc>Ephemera</catDesc>
</category>
<category xml:id="g12">
<catDesc>Fiction</catDesc>
</category>
<category xml:id="g13">
<catDesc>History</catDesc>
</category>
<category xml:id="g14">
<catDesc>Leisure</catDesc>
</category>
<category xml:id="g15">
<catDesc>Manuscript</catDesc>
</category>
<category xml:id="g16">
<catDesc>Reference Works</catDesc>
</category>
<category xml:id="g17">
<catDesc>Humor</catDesc>
</category>
<category xml:id="g18">
<catDesc>Education</catDesc>
</category>
<category xml:id="g19">
<catDesc>Music</catDesc>
</category>
<category xml:id="g20">
<catDesc>nonfiction</catDesc>
</category>
<category xml:id="g21">
<catDesc>Paratext</catDesc>
</category>
<category xml:id="g22">
<catDesc>Perodical</catDesc>
</category>
<category xml:id="g23">
<catDesc>Philosphy</catDesc>
</category>
<category xml:id="g24">
<catDesc>Photograph</catDesc>
</category>
<category xml:id="g25">
<catDesc>Citation</catDesc>
</category>
<category xml:id="g26">
<catDesc>Family Life</catDesc>
</category>
<category xml:id="g27">
<catDesc>Poetry</catDesc>
</category>
<category xml:id="g28">
<catDesc>Religion</catDesc>
</category>
<category xml:id="g29">
<catDesc>Review</catDesc>
</category>
<category xml:id="g30">
<catDesc>Visual Art</catDesc>
</category>
<category xml:id="g31">
<catDesc>Translation</catDesc>
</category>
<category xml:id="g32">
<catDesc>Travel</catDesc>
</category>
<category xml:id="g33">
<catDesc>Book History</catDesc>
</category>
<category xml:id="g34">
<catDesc>Law</catDesc>
</category>
</taxonomy>
<taxonomy corresp="http://www.rc.umd.edu/southey_letters/people.xml">
<category xml:id="people">
<catDesc>Southey Letters: Biographies</catDesc>
</category>
</taxonomy>
<taxonomy corresp="http://www.rc.umd.edu/southey_letters/places.xml">
<category xml:id="places">
<catDesc>Southey Letters: Places</catDesc>
</category>
</taxonomy>
</classDecl>
</encodingDesc>
<profileDesc>
<textClass>
<catRef scheme="#genre" target="#g7 #g27"/>
<catRef scheme="#people" target="#EEd.26.1.names"/>
<catRef scheme="#places" target="#EEd.26.1.places"/>
</textClass>
</profileDesc>
<revisionDesc>
<change who="#LM" when="2009-03-10" n="4">
<label>Changed by</label>
<name>Laura Mandell</name>
<list>
<item>XSLT Transforming</item>
</list>
</change>
<change who="#AB" when="2009-03-02" n="3">
<label>Changed by</label>
<name>Averill Buchanan</name>
<list>
<item>corrections from proofing</item>
</list>
</change>
<change who="#LM" when="2009-02-20" n="2">
<label>Changed by</label>
<name xml:id="LM">Laura Mandell</name>
<list>
<item>XSLT Transforming</item>
</list>
</change>
<change who="#AB" when="2009-02-20" n="1">
<label>Changed by</label>
<name xml:id="AB">Averill Buchanan</name>
<list>
<item>TEI Encoding</item>
</list>
</change>
</revisionDesc>
</teiHeader>
<text>
<body>
<div n="274" type="letter">
<head>274. Robert Southey to <ref target="people.html#CottleJoseph">Joseph Cottle</ref>, <date when="1797-11-19">19 November 1797</date>
<note place="foot" resp="editors" type="headnote">Address: To/ M<hi rend="sup">r</hi> Cottle / High Street/ Bristol<lb/>Endorsements: R. Southey/ Nov 19 — 1797; <hi rend="underline">37</hi>
<del rend="strikethrough">88</del>
<lb/>MS: Cornell University Library<lb/>Unpublished.</note>
</head>
<opener>
<dateline rend="right">
<date when="1797-11-19">Sunday. 19 November. 97.</date>
</dateline>
<salute>My dear Cottle</salute>
</opener>
<p rend="indent2">		Tomorrow we leave Bath. I hope never again to enter this house, when <ref target="people.html#SoutheyMargaret">my Mother</ref> is released from it &amp; comfortably settled, I shall &lt;have&gt; no cause for disquietude.</p>
<p rend="indent1">	Why have I had no proof<note n="1" place="foot" resp="editors">Proof sheets of the second edition of Southey’s <title level="m">Joan of Arc</title>, published in 1798.</note> since Wednesday? examine the weight well, &amp; if a sheet be too heavy, print in half sheets. the direction is <ref target="people.html#WynnCharlesWW">C W Williams Wynn</ref> Esq<hi rend="sup">r</hi> N<hi rend="sup">o</hi> 5 Stone Buildings. Lincolns Inn. there is no need of a direction to me — <del rend="strikethrough">as tho</del> I leave you the second book. you shall have the rest in time — but at the rate the printers go on, Another will not soon be wanted.</p>
<p rend="indent1">	Robert Hancock<note n="2" place="foot" resp="editors">Robert Hancock (c. 1731–1817; <title level="m">DNB</title>), engraver. Between 1796 and 1798, he produced pencil and chalk drawings of Southey and other members of his circle, including Samuel Taylor Coleridge, Charles Lamb and William Wordsworth. Commissioned by Joseph Cottle, the portraits are now in the National Portrait Gallery, London. However, Southey’s reference, later in this paragraph, to a ‘young man’ suggests that he might also be talking about Hancock’s son, Robert Hancock Junior (dates unknown), a drawing-master and painter of miniatures.</note> has finished my likeness. it is a fine drawing, <hi rend="ital">but wants the sedition of my countenance</hi>. he will take <ref target="people.html#FrickerEdith">Edith</ref> &amp; <ref target="people.html#LloydCharles">Lloyd</ref> in London. this is not his profession. I wish very much to serve him. — &amp; for these likenesses he will receive nothing. might we not have the print of Joan of Arc engraved?<note n="3" place="foot" resp="editors">Robert Hancock’s engraving of Joan of Arc appeared as a frontispiece to the second edition of 1798.</note> the expence would be 5 or 6 guineas — I enquired. I would again borrow Ld Carysforts book,<note n="4" place="foot" resp="editors">Probably not a book by <ref target="people.html#ProbyJohnCarysfort">Carysfort</ref>, but one Southey had borrowed from his library.</note> &amp; get a face of better physiognomy from the print there. the book does not want such aid — but it would be serving a young man of merit, who wants assistance.</p>
<p rend="indent1">	We were surprized at seeing <ref target="people.html#FrickerSarah">M<hi rend="sup">rs</hi> Coleridge</ref> last night. they think of leaving Stowey.</p>
<p rend="indent1">	this week has past unpleasantly — I have done little except write letters. my eyes are weak — indeed useless after candle light begins.</p>
<p rend="indent1">	so God bless you. you shall have my direction as soon as I have one to send you. remember me to <ref target="people.html#Cottlefamily">Robert &amp; your sisters</ref>, &amp; <ref target="people.html#FrickerEdith">Edith</ref> —</p>
<closer>
<salute rend="indent2">		yrs affectionately</salute>
<signed rend="indent3">			R Southey.</signed>
</closer>
</div>
</body>
</text>
</TEI>
