<?xml version="1.0" encoding="utf-8"?><TEI xmlns="http://www.tei-c.org/ns/1.0">
<teiHeader>
<fileDesc>
<titleStmt>
<title type="main">The Collected Letters of Robert Southey. Part 1: 1791-1797 </title>
<title type="subordinate">A Romantic Circles Electronic Edition</title>
<author>
<name>Southey, Robert, 1774-1843</name>
</author>
<editor>Lynda Pratt</editor>
<sponsor>Romantic Circles</sponsor>
<respStmt>
<resp>General Editor, </resp>
<name>Neil Fraistat</name>
</respStmt>
<respStmt>
<resp>General Editor, </resp>
<name>Steven E. Jones</name>
</respStmt>
<respStmt>
<resp>General Editor, </resp>
<name>Carl Stahmer</name>
</respStmt>
<respStmt>
<resp>Technical Editor</resp>
<name>Laura Mandell</name>
</respStmt>
</titleStmt>
<editionStmt>
<edition>
<date>2009-03-15</date>
</edition>
</editionStmt>
<publicationStmt>
<idno type="nines">rce106</idno>
<idno type="edition">letterEEd.26.106</idno>
<publisher>Romantic Circles, http://www.rc.umd.edu, University of Maryland</publisher>
<pubPlace>College Park, MD</pubPlace>
<date when="2009-02-20">March 15, 2009</date>
<availability status="restricted">
<p>Material from the Romantic Circles Website may not be downloaded, reproduced or disseminated in any
												manner without authorization unless it is for purposes of criticism, comment, news reporting,
												teaching, and/or classroom use as provided by the Copyright Act of 1976, as amended.</p>
<p>Unless otherwise noted, all Pages and Resources mounted on Romantic Circles are copyrighted by the
												author/editor and may be shared only in accordance with the Fair Use provisions of U.S. copyright law.
												Except as expressly permitted by this statement, redistribution or republication in any medium
												requires express prior written consent from the author/editors and advance notification of Romantic
												Circles. Any requests for authorization should be forwarded to Romantic Circles:&gt;
												<address>
<addrLine>Romantic Circles</addrLine>
<addrLine>c/o Professor Neil Fraistat</addrLine>
<addrLine>Department of English</addrLine>
<addrLine>University of Maryland</addrLine>
<addrLine>College Park, MD 20742</addrLine>
<addrLine>fraistat@umd.edu</addrLine>
</address>
</p>
<p>By their use of these texts and images, users agree to the following conditions: <list>
<item>These texts and images may not be used for any commercial purpose without prior written
														permission from Romantic Circles.</item>
<item>These texts and images may not be re-distributed in any forms other than their current
														ones.</item>
</list>
</p>
<p>Users are not permitted to download these texts and images in order to mount them on their own servers.
												It is not in our interest or that of our users to have uncontrolled subsets of our holdings available
												elsewhere on the Internet. We make corrections and additions to our edited resources on a continual
												basis, and we want the most current text to be the only one generally available to all Internet users.
												Institutions can, of course, make a link to the copies at Romantic Circles, subject to our conditions
												of use.</p>
</availability>
</publicationStmt>
<sourceDesc>
<p>British Library, Add MS 47890.  Previously  published: Kenneth Curry (ed.), New Letters of Robert Southey, 2 vols (London and New York, 1965), I, pp. 80–82; Charles Cuthbert Southey (ed.), Life and Correspondence of Robert Southey, 6 vols (London, 1849–1850), I, pp. 221–222 [in part, where it is misdated 14 October 1794].</p>
<p>These letters were edited with the assistance of Carol Bolton, Tim Fulford and Ian Packer</p>
<p>For permission to publish the text of MSS in their possession, the editor wishes to thank the Beinecke Rare
											Books and Manuscript Library, Yale University; Berg Collection of English and American Literature, The New
											York Public Library, Astor, Lenox and Tilden Foundations; the Bodleian Library Oxford University; the
											British Library; Boston Public Library; the Syndics of Cambridge University Library; the Syndics of the
											Fitzwilliam Museum Cambridge; Haverford College, Connecticut; the Historical Society of Pennsylvania; the
											Hornby Library, Liverpool Libraries and Information Services; the Houghton Library, Harvard University;
											the John Rylands Library, Manchester; the Kenneth Spencer Research Library, University of Kansas; Luton
											Museum (Bedfordshire County Council); Massachusetts Historical Society; McGill University Library; the
											National Library of Scotland; the Newberry Library, Chicago; the New York Public Library (Pforzheimer
											Collections); the Pierpont Morgan Library, New York; the Public Record Offices of Bedford, Suffolk (Bury
											St Edmunds) and Northumberland, the Master and Fellows of Trinity College, Cambridge; the Society of
											Antiquaries of Newcastle upon Tyne; the Trustees of the William Salt Library, Stafford, the Wisbech and
											Fenland Museum; the University of Virginia Library.</p>
<p>A research grant from the British Academy made much of the archival work possible, as did support from the
											English Department of Nottingham Trent University.</p>
</sourceDesc>
</fileDesc>
<encodingDesc>
<editorialDecl>
<quotation>
<p>All quotation marks and apostrophes have been changed: " for “," for ”, ' for ‘, and ' for ’.</p>
</quotation>
<hyphenation eol="none">
<p>Any dashes occurring in line breaks have been removed.</p>
<p>Because of web browser variability, all hyphens have been typed on the U.S. keyboard.</p>
<p>Dashes have been rendered as a variable number of hyphens to give a more exact rendering of their
												length.</p>
</hyphenation>
<normalization method="markup">
<p>Southey's spelling has not been regularized.</p>
<p>Writing in other hands appearing on these manuscripts has been indicated as such, the content recorded
												in brackets.</p>
</normalization>
<normalization>
<p>&amp; has been used for the ampersand sign.</p>
<p>£ has been used for £, the pound sign</p>
<p>All other characters, those with accents, non-breaking spaces, etc., have been encoded in HTML entity
												decimals.</p>
</normalization>
</editorialDecl>
<classDecl>
<taxonomy corresp="http://www.performantsoftware.com/nines_wiki/index.php/Submitting_RDF#.3Cnines:genre.3E" xml:id="g">
<bibl>NINES categories for Genre and Material Form at
												http://www.performantsoftware.com/nines_wiki/index.php/Submitting_RDF#.3Cnines:genre.3E on
												2009-02-26</bibl>
<category xml:id="g1">
<catDesc>Architecture</catDesc>
</category>
<category xml:id="g2">
<catDesc>Artifacts</catDesc>
</category>
<category xml:id="g3">
<catDesc>Bibliography</catDesc>
</category>
<category xml:id="g4">
<catDesc>Collection</catDesc>
</category>
<category xml:id="g5">
<catDesc>Criticism</catDesc>
</category>
<category xml:id="g7">
<catDesc>Letters</catDesc>
</category>
<category xml:id="g6">
<catDesc>Drama</catDesc>
</category>
<category xml:id="g8">
<catDesc>Life Writing</catDesc>
</category>
<category xml:id="g9">
<catDesc>Politics</catDesc>
</category>
<category xml:id="g10">
<catDesc>Folklore</catDesc>
</category>
<category xml:id="g11">
<catDesc>Ephemera</catDesc>
</category>
<category xml:id="g12">
<catDesc>Fiction</catDesc>
</category>
<category xml:id="g13">
<catDesc>History</catDesc>
</category>
<category xml:id="g14">
<catDesc>Leisure</catDesc>
</category>
<category xml:id="g15">
<catDesc>Manuscript</catDesc>
</category>
<category xml:id="g16">
<catDesc>Reference Works</catDesc>
</category>
<category xml:id="g17">
<catDesc>Humor</catDesc>
</category>
<category xml:id="g18">
<catDesc>Education</catDesc>
</category>
<category xml:id="g19">
<catDesc>Music</catDesc>
</category>
<category xml:id="g20">
<catDesc>nonfiction</catDesc>
</category>
<category xml:id="g21">
<catDesc>Paratext</catDesc>
</category>
<category xml:id="g22">
<catDesc>Perodical</catDesc>
</category>
<category xml:id="g23">
<catDesc>Philosphy</catDesc>
</category>
<category xml:id="g24">
<catDesc>Photograph</catDesc>
</category>
<category xml:id="g25">
<catDesc>Citation</catDesc>
</category>
<category xml:id="g26">
<catDesc>Family Life</catDesc>
</category>
<category xml:id="g27">
<catDesc>Poetry</catDesc>
</category>
<category xml:id="g28">
<catDesc>Religion</catDesc>
</category>
<category xml:id="g29">
<catDesc>Review</catDesc>
</category>
<category xml:id="g30">
<catDesc>Visual Art</catDesc>
</category>
<category xml:id="g31">
<catDesc>Translation</catDesc>
</category>
<category xml:id="g32">
<catDesc>Travel</catDesc>
</category>
<category xml:id="g33">
<catDesc>Book History</catDesc>
</category>
<category xml:id="g34">
<catDesc>Law</catDesc>
</category>
</taxonomy>
<taxonomy corresp="http://www.rc.umd.edu/southey_letters/people.xml">
<category xml:id="people">
<catDesc>Southey Letters: Biographies</catDesc>
</category>
</taxonomy>
<taxonomy corresp="http://www.rc.umd.edu/southey_letters/places.xml">
<category xml:id="places">
<catDesc>Southey Letters: Places</catDesc>
</category>
</taxonomy>
</classDecl>
</encodingDesc>
<profileDesc>
<textClass>
<catRef scheme="#genre" target="#g7 #g27"/>
<catRef scheme="#people" target="#EEd.26.1.names"/>
<catRef scheme="#places" target="#EEd.26.1.places"/>
</textClass>
</profileDesc>
<revisionDesc>
<change who="#LM" when="2009-03-10" n="4">
<label>Changed by</label>
<name>Laura Mandell</name>
<list>
<item>XSLT Transforming</item>
</list>
</change>
<change who="#AB" when="2009-03-02" n="3">
<label>Changed by</label>
<name>Averill Buchanan</name>
<list>
<item>corrections from proofing</item>
</list>
</change>
<change who="#LM" when="2009-02-20" n="2">
<label>Changed by</label>
<name xml:id="LM">Laura Mandell</name>
<list>
<item>XSLT Transforming</item>
</list>
</change>
<change who="#AB" when="2009-02-20" n="1">
<label>Changed by</label>
<name xml:id="AB">Averill Buchanan</name>
<list>
<item>TEI Encoding</item>
</list>
</change>
</revisionDesc>
</teiHeader>
<text>
<body>
<div n="106" type="letter">
<head>106. Robert Southey to <ref target="people.html#SoutheyTom">Thomas Southey [brother]</ref>, <date when="1794-10-12">12 October [1794]</date>
<note place="foot" resp="editors" type="headnote">Address: Thomas Southey/ Aquilon Frigate/ Torbay./ or elsewhere/ Single/ [then added in another hand] 2 Aquilon/ 10/ [in S’s hand] Sunday. Oct. 12<lb/>Stamped: BATH<lb/>MS: British Library, Add MS 47890<lb/>Previously published: Kenneth Curry (ed.), <title level="m">New Letters of Robert Southey</title>, 2 vols (London and New York, 1965), I, pp. 80–82; Charles Cuthbert Southey (ed.), <title level="m">Life and Correspondence of Robert Southey</title>, 6 vols (London, 1849–1850), I, pp. 221–222 [in part, where it is misdated 14 October 1794].</note>
</head>
<opener>
<salute>Dear Tom</salute>
</opener>
<p rend="indent1">	Better are a few lines of pleasant information than a long letter of inanity. our plan is in great forwardness nor do I see how it can be frustrated. we are now twenty seven adventurers. M<hi rend="sup">r</hi> Scott<note n="1" place="foot" resp="editors">Unidentified, a prospective Pantisocrat.</note> (a brother of the one whom <ref target="people.html#CollinsCharles">Collins</ref> accused) talks of joining us &amp; if so five persons will accompany him. he drinks tea with me this evening — &amp; Mary Baker<note n="2" place="foot" resp="editors">Unidentified, a prospective Pantisocrat.</note> who ardently wishes to be of our party.</p>
<p rend="indent1">	I wish I could speak as satisfactorily upon money matters. my Mothers house<note n="3" place="foot" resp="editors">
<ref target="people.html#SoutheyMargaret">Margaret Southey</ref>. Her house was at <ref target="places.html#WestgateBath">8 Westgate Buildings, Bath</ref>.</note> is very thin &amp; she could not answer a draft now. you shall hear from me in the course of ten days when I may perhaps write more agreably. money is a huge evil with which we shall not have long to encounter. all well.</p>
<p rend="indent1">	You want news. the infamous falshood of the conspiracy to kill the King must have reachd you, &amp; your own good sense must have made you see thro the ministerial artifice.<note n="4" place="foot" resp="editors">This probably refers to the arrest, in September 1794, of some members of the London Corresponding Society on the charge of planning to assassinate George III (1738–1820; reigned 1760–1820; <title level="m">DNB</title>) with a poisoned dart.</note> the allies are every where defeated. the French every where victorious — the cause of Liberty every where gaining ground. the Poles are successful &amp; the tyrant of Prussia totters upon his blood-cemented throne. Holland is on the point of ruin. in Spain nothing can oppose the Sans Culottes — Germany is beggared — the blood &amp; treasures of England lavished by a corrupt administration . the sword of iniquity is drawn. two men<note n="5" place="foot" resp="editors">David Downie (dates unknown), an elderly goldsmith, was alleged to be treasurer of a committee planning an uprising in Edinburgh. He was condemned to death in September 1794, but reprieved. His co-accused, the Edinburgh wine merchant and ex-government informer Robert Watt (1761–1794; <title level="m">DNB</title>), was executed on 15 October.</note>  suffer next week at Edinburgh for high treason. it is apprehended that Thelwall Horn Tooke &amp; Thomas Holcroft<note n="6" place="foot" resp="editors">John Thelwall (1764–1834; <title level="m">DNB</title>), John Horne Tooke (1736–1812; <title level="m">DNB</title>) and Thomas Hardy (1752–1832; <title level="m">DNB</title>) were tried and acquitted of High Treason in November–December 1794. The charges against Thomas Holcroft (1745–1809; <title level="m">DNB</title>) were dropped.</note> &amp; c will <del rend="strikethrough">suffer</del> &lt;share&gt; the same fate — the measure of iniquity must soon be full &amp; then ———</p>
<p rend="indent1">	thank you for the hanger. keep it for me. you shall not remain longer in the navy than January. live so long in hope. think of America! &amp; remember that while you are only thinking of our plan — we are many of us active in forwarding it.</p>
<p rend="indent1">	Would you were with us! we talk often of you with regret. this Pantisocratic system has given me new life new hope new energy. all the faculties of my mind are dilated — I am weeding out the few lurking prejudices of habit &amp; looking forward to happiness.</p>
<p rend="indent1">
<ref target="people.html#BurnettGeorge">Burnett</ref> has been with me. he left his fraternal remembrances to you.</p>
<p rend="indent1">	I have the Bath volume<note n="7" place="foot" resp="editors">[Robert Lovell and Robert Southey], <title level="m">Poems</title> (1795).</note> printed. &amp; expect fifty copies tomorrow or next day. you should have one were not the expence of sending it more than adequate to the pleasure you would receive — pshaw — this is an affectation unworthy of me — you will like them because they are your brothers — &amp; I will send them. do we not understand the flocci-nauci-nihili-pili-fication<note n="8" place="foot" resp="editors">A series of Latin words meaning ‘nothing’. An eighteenth-century invention, it has been defined as ‘the act of estimating something as worthless’.</note> of money?</p>
<p rend="indent1">	Expect it in the course of a week. you are short of cash &amp; we will pay the carriage. I expect money soon &amp; then you shall not want. I wish I could transfuse some of my high hope &amp; enthusiasm into you — twould warm you in the cold wintry night.</p>
<p rend="indent1">	fare thee well. thy life is very uncomfortable — but contemplate all things with the eye of philosophy — &amp; you will discover the jewel which Adversity possesses.</p>
<closer>
<salute rend="indent3">	yours affectionately</salute>
<signed rend="indent4">		Robert Southey</signed>
</closer>
<postscript>
<p>My thoughts outran my paper. I could have filled a huge sheet but dreamt not of it on beginning.<note n="9" place="foot" resp="editors">My thoughts ... beginning: Written at the top of fol. 1 r.</note>
</p>
</postscript>
</div>
</body>
</text>
</TEI>
