<?xml version="1.0" encoding="utf-8"?><TEI xmlns="http://www.tei-c.org/ns/1.0">
<teiHeader>
<fileDesc>
<titleStmt>
<title type="main">The Collected Letters of Robert Southey. Part 1: 1791-1797 </title>
<title type="subordinate">A Romantic Circles Electronic Edition</title>
<author>
<name>Southey, Robert, 1774-1843</name>
</author>
<editor>Lynda Pratt</editor>
<sponsor>Romantic Circles</sponsor>
<respStmt>
<resp>General Editor, </resp>
<name>Neil Fraistat</name>
</respStmt>
<respStmt>
<resp>General Editor, </resp>
<name>Steven E. Jones</name>
</respStmt>
<respStmt>
<resp>General Editor, </resp>
<name>Carl Stahmer</name>
</respStmt>
<respStmt>
<resp>Technical Editor</resp>
<name>Laura Mandell</name>
</respStmt>
</titleStmt>
<editionStmt>
<edition>
<date>2009-03-15</date>
</edition>
</editionStmt>
<publicationStmt>
<idno type="nines">rce216</idno>
<idno type="edition">letterEEd.26.216</idno>
<publisher>Romantic Circles, http://www.rc.umd.edu, University of Maryland</publisher>
<pubPlace>College Park, MD</pubPlace>
<date when="2009-02-20">March 15, 2009</date>
<availability status="restricted">
<p>Material from the Romantic Circles Website may not be downloaded, reproduced or disseminated in any
												manner without authorization unless it is for purposes of criticism, comment, news reporting,
												teaching, and/or classroom use as provided by the Copyright Act of 1976, as amended.</p>
<p>Unless otherwise noted, all Pages and Resources mounted on Romantic Circles are copyrighted by the
												author/editor and may be shared only in accordance with the Fair Use provisions of U.S. copyright law.
												Except as expressly permitted by this statement, redistribution or republication in any medium
												requires express prior written consent from the author/editors and advance notification of Romantic
												Circles. Any requests for authorization should be forwarded to Romantic Circles:&gt;
												<address>
<addrLine>Romantic Circles</addrLine>
<addrLine>c/o Professor Neil Fraistat</addrLine>
<addrLine>Department of English</addrLine>
<addrLine>University of Maryland</addrLine>
<addrLine>College Park, MD 20742</addrLine>
<addrLine>fraistat@umd.edu</addrLine>
</address>
</p>
<p>By their use of these texts and images, users agree to the following conditions: <list>
<item>These texts and images may not be used for any commercial purpose without prior written
														permission from Romantic Circles.</item>
<item>These texts and images may not be re-distributed in any forms other than their current
														ones.</item>
</list>
</p>
<p>Users are not permitted to download these texts and images in order to mount them on their own servers.
												It is not in our interest or that of our users to have uncontrolled subsets of our holdings available
												elsewhere on the Internet. We make corrections and additions to our edited resources on a continual
												basis, and we want the most current text to be the only one generally available to all Internet users.
												Institutions can, of course, make a link to the copies at Romantic Circles, subject to our conditions
												of use.</p>
</availability>
</publicationStmt>
<sourceDesc>
<p>MS untraced; text is taken
                        from Joseph Cottle, Reminiscences of Samuel Taylor
                            Coleridge and Robert Southey (London, 1847)..  Previously 
                        published: Joseph Cottle, Reminiscences of Samuel Taylor
                            Coleridge and Robert Southey (London, 1847), pp. 212–213 [in
                        part, with omissions at beginning of the letter indicated]. In editing the
                        text for publication, Cottle pieced together extracts from at least two
                        letters. The contents of the first paragraph suggest it was written [c. 8
                        May 1797]. The second paragraph is taken from the letter sent by Southey to
                        Joseph Cottle, 2 May [1797] (Letter 214). The third paragraph may be from
                        the letter of [c. 8 May 1797] or from some other letter from the same period
                        of which there is no other trace.Dating note: The dating of this letter is from internal evidence,
                        in particular the mention of Southey’s meeting with Dr Gregory (1754–1808;
                            DNB), which took place on 7 May 1797 (Letter
                        215).</p>
<p>These letters were edited with the assistance of Carol Bolton, Tim Fulford and Ian Packer</p>
<p>For permission to publish the text of MSS in their possession, the editor wishes to thank the Beinecke Rare
											Books and Manuscript Library, Yale University; Berg Collection of English and American Literature, The New
											York Public Library, Astor, Lenox and Tilden Foundations; the Bodleian Library Oxford University; the
											British Library; Boston Public Library; the Syndics of Cambridge University Library; the Syndics of the
											Fitzwilliam Museum Cambridge; Haverford College, Connecticut; the Historical Society of Pennsylvania; the
											Hornby Library, Liverpool Libraries and Information Services; the Houghton Library, Harvard University;
											the John Rylands Library, Manchester; the Kenneth Spencer Research Library, University of Kansas; Luton
											Museum (Bedfordshire County Council); Massachusetts Historical Society; McGill University Library; the
											National Library of Scotland; the Newberry Library, Chicago; the New York Public Library (Pforzheimer
											Collections); the Pierpont Morgan Library, New York; the Public Record Offices of Bedford, Suffolk (Bury
											St Edmunds) and Northumberland, the Master and Fellows of Trinity College, Cambridge; the Society of
											Antiquaries of Newcastle upon Tyne; the Trustees of the William Salt Library, Stafford, the Wisbech and
											Fenland Museum; the University of Virginia Library.</p>
<p>A research grant from the British Academy made much of the archival work possible, as did support from the
											English Department of Nottingham Trent University.</p>
</sourceDesc>
</fileDesc>
<encodingDesc>
<editorialDecl>
<quotation>
<p>All quotation marks and apostrophes have been changed: " for “," for ”, ' for ‘, and ' for ’.</p>
</quotation>
<hyphenation eol="none">
<p>Any dashes occurring in line breaks have been removed.</p>
<p>Because of web browser variability, all hyphens have been typed on the U.S. keyboard.</p>
<p>Dashes have been rendered as a variable number of hyphens to give a more exact rendering of their
												length.</p>
</hyphenation>
<normalization method="markup">
<p>Southey's spelling has not been regularized.</p>
<p>Writing in other hands appearing on these manuscripts has been indicated as such, the content recorded
												in brackets.</p>
</normalization>
<normalization>
<p>&amp; has been used for the ampersand sign.</p>
<p>£ has been used for £, the pound sign</p>
<p>All other characters, those with accents, non-breaking spaces, etc., have been encoded in HTML entity
												decimals.</p>
</normalization>
</editorialDecl>
<classDecl>
<taxonomy corresp="http://www.performantsoftware.com/nines_wiki/index.php/Submitting_RDF#.3Cnines:genre.3E" xml:id="g">
<bibl>NINES categories for Genre and Material Form at
												http://www.performantsoftware.com/nines_wiki/index.php/Submitting_RDF#.3Cnines:genre.3E on
												2009-02-26</bibl>
<category xml:id="g1">
<catDesc>Architecture</catDesc>
</category>
<category xml:id="g2">
<catDesc>Artifacts</catDesc>
</category>
<category xml:id="g3">
<catDesc>Bibliography</catDesc>
</category>
<category xml:id="g4">
<catDesc>Collection</catDesc>
</category>
<category xml:id="g5">
<catDesc>Criticism</catDesc>
</category>
<category xml:id="g7">
<catDesc>Letters</catDesc>
</category>
<category xml:id="g6">
<catDesc>Drama</catDesc>
</category>
<category xml:id="g8">
<catDesc>Life Writing</catDesc>
</category>
<category xml:id="g9">
<catDesc>Politics</catDesc>
</category>
<category xml:id="g10">
<catDesc>Folklore</catDesc>
</category>
<category xml:id="g11">
<catDesc>Ephemera</catDesc>
</category>
<category xml:id="g12">
<catDesc>Fiction</catDesc>
</category>
<category xml:id="g13">
<catDesc>History</catDesc>
</category>
<category xml:id="g14">
<catDesc>Leisure</catDesc>
</category>
<category xml:id="g15">
<catDesc>Manuscript</catDesc>
</category>
<category xml:id="g16">
<catDesc>Reference Works</catDesc>
</category>
<category xml:id="g17">
<catDesc>Humor</catDesc>
</category>
<category xml:id="g18">
<catDesc>Education</catDesc>
</category>
<category xml:id="g19">
<catDesc>Music</catDesc>
</category>
<category xml:id="g20">
<catDesc>nonfiction</catDesc>
</category>
<category xml:id="g21">
<catDesc>Paratext</catDesc>
</category>
<category xml:id="g22">
<catDesc>Perodical</catDesc>
</category>
<category xml:id="g23">
<catDesc>Philosphy</catDesc>
</category>
<category xml:id="g24">
<catDesc>Photograph</catDesc>
</category>
<category xml:id="g25">
<catDesc>Citation</catDesc>
</category>
<category xml:id="g26">
<catDesc>Family Life</catDesc>
</category>
<category xml:id="g27">
<catDesc>Poetry</catDesc>
</category>
<category xml:id="g28">
<catDesc>Religion</catDesc>
</category>
<category xml:id="g29">
<catDesc>Review</catDesc>
</category>
<category xml:id="g30">
<catDesc>Visual Art</catDesc>
</category>
<category xml:id="g31">
<catDesc>Translation</catDesc>
</category>
<category xml:id="g32">
<catDesc>Travel</catDesc>
</category>
<category xml:id="g33">
<catDesc>Book History</catDesc>
</category>
<category xml:id="g34">
<catDesc>Law</catDesc>
</category>
</taxonomy>
<taxonomy corresp="http://www.rc.umd.edu/southey_letters/people.xml">
<category xml:id="people">
<catDesc>Southey Letters: Biographies</catDesc>
</category>
</taxonomy>
<taxonomy corresp="http://www.rc.umd.edu/southey_letters/places.xml">
<category xml:id="places">
<catDesc>Southey Letters: Places</catDesc>
</category>
</taxonomy>
</classDecl>
</encodingDesc>
<profileDesc>
<textClass>
<catRef scheme="#genre" target="#g7 #g27"/>
<catRef scheme="#people" target="#EEd.26.1.names"/>
<catRef scheme="#places" target="#EEd.26.1.places"/>
</textClass>
</profileDesc>
<revisionDesc>
<change who="#LM" when="2009-03-10" n="4">
<label>Changed by</label>
<name>Laura Mandell</name>
<list>
<item>XSLT Transforming</item>
</list>
</change>
<change who="#AB" when="2009-03-02" n="3">
<label>Changed by</label>
<name>Averill Buchanan</name>
<list>
<item>corrections from proofing</item>
</list>
</change>
<change who="#LM" when="2009-02-20" n="2">
<label>Changed by</label>
<name xml:id="LM">Laura Mandell</name>
<list>
<item>XSLT Transforming</item>
</list>
</change>
<change who="#AB" when="2009-02-20" n="1">
<label>Changed by</label>
<name xml:id="AB">Averill Buchanan</name>
<list>
<item>TEI Encoding</item>
</list>
</change>
</revisionDesc>
</teiHeader>
<text>
<body>
<div n="216" type="letter">
<head>216. Robert Southey to <ref target="people.html#CottleJoseph">Joseph
                        Cottle</ref> [fragment], <date when="1797-05-07">[c. 8 May 1797]</date>
<note place="foot" resp="editors" type="headnote">MS: MS untraced; text is taken
                        from Joseph Cottle, <title level="m">Reminiscences of Samuel Taylor
                            Coleridge and Robert Southey</title> (London, 1847).<lb/>Previously
                        published: Joseph Cottle, <title level="m">Reminiscences of Samuel Taylor
                            Coleridge and Robert Southey</title> (London, 1847), pp. 212–213 [in
                        part, with omissions at beginning of the letter indicated]. In editing the
                        text for publication, Cottle pieced together extracts from at least two
                        letters. The contents of the first paragraph suggest it was written [c. 8
                        May 1797]. The second paragraph is taken from the letter sent by Southey to
                        Joseph Cottle, 2 May [1797] (Letter 214). The third paragraph may be from
                        the letter of [c. 8 May 1797] or from some other letter from the same period
                        of which there is no other trace.<lb/>Dating note: The dating of this letter is from internal evidence,
                        in particular the mention of Southey’s meeting with Dr Gregory (1754–1808;
                            <title level="m">DNB</title>), which took place on 7 May 1797 (Letter
                        215).</note>
</head>
<opener>
<dateline rend="right">
<date when="1797-05">May, 1797.</date>
</dateline>
</opener>
<p rend="indent1"> * * * I fancy you see no hand-writing so often as mine. I have
                    been much pleased with your letter to Herbert Croft.<note n="1" place="foot" resp="editors">Herbert Croft, 5th Baronet (1751–1816; <title level="m">DNB</title>), writer and lexicographer. Southey and Joseph Cottle both
                        disapproved of his exploitation of manuscripts obtained from members of
                        Thomas Chatterton’s (1752–1770; <title level="m">DNB</title>) family. Cottle
                        had written to Croft, informing him that if he did not financially
                        recompense Chatterton’s sister, Mary Newton (1749–1804; <title level="m">DNB</title>), his misconduct would be exposed. See Joseph Cottle,
                            <title level="m">Reminiscences of Samuel Taylor Coleridge and Robert
                            Southey</title> (London, 1847), p. 145. This was the first salvo in what
                        became a public battle. In 1799, Southey proposed a new edition of
                        Chatterton in a letter to the <title level="j">Monthly Magazine</title>, 8
                        (July 1799), 770–772. His letter also touched on Croft’s conduct. Croft
                        replied in letters published in the <title level="j">Gentleman’s
                            Magazine</title>, 70 (February–April 1800), 99–104; 195; 222–226;
                        322–325. Southey responded in the <title level="j">Monthly Magazine</title>,
                        9 (April 1800), 253. Southey and Cottle’s three-volume edition of Chatterton
                        was eventually published in 1803.</note> I was at Dr. Gregory’s<note n="2" place="foot" resp="editors">George Gregory, Church of England clergyman and
                        author, whose writings included a life of Thomas Chatterton, published in
                        1789.</note> last night. He has a nasal twang, right priestly in its note.
                    He said he would gladly abridge his life of Chatterton, if I required it. But it
                    is a bad work, and <ref target="people.html#ColeridgeSamuelTaylor">Coleridge</ref> should write a new one, or if he declines it, let it
                    devolve on me. They knew Miss Wesley, daughter of Charles Wesley,<note n="3" place="foot" resp="editors">Sarah Wesley (1759–1828; <title level="m">DNB</title>), daughter of Charles Wesley (1707–1788; <title level="m">DNB</title>).</note> with whom I once dined at your house. She told
                    them, had he not prematurely died, that she was going to be married to John
                    Henderson. Is this true?<note n="4" place="foot" resp="editors"> Joseph Cottle
                        notes this was a ‘vain fancy; causelessly entertained, by, at least, four
                        other ladies’, as well as Sarah Wesley, see <title level="m">Reminiscences
                            of Samuel Taylor Coleridge and Robert Southey</title> (London, 1847), p.
                        212 n†.</note>
</p>
<p rend="indent1"> I have a treasure for you. A ‘Treatise on Miracles,’ written by
                    John Henderson,<note n="5" place="foot" resp="editors">John Henderson
                        (1757–1788; <title level="m">DNB</title>), student and eccentric. Joseph
                        Cottle had attended his father’s school at Hanham, near Bristol, and John
                        Henderson had encouraged his love of literature and urged him to become a
                        bookseller. Cottle celebrated his life and works in <title level="m">Poems,
                            Containing John the Baptist. Sir Malcolm and Alla, a Tale, Shewing to
                            All the World What a Woman’s Love Can Do. War a Fragment. With a Monody
                            to John Henderson; and a Sketch of his Character</title> (1795) and
                        later in an ‘Appendix’ to <title>Reminiscences of Samuel Taylor Coleridge
                            and Robert Southey</title> (1847).</note> your old tutor, for
                    Coleridge’s brother <ref target="people.html#ColeridgeGeorge">George</ref>, and
                    given to me by a pupil of his, <ref target="people.html#MayJohn">John May</ref>,
                    a Lisbon acquaintance, and a very valuable one. <ref target="people.html#MayJohn">John May</ref> is anxious for a full life of
                    John Henderson. You should get Agutter’s<note n="6" place="foot" resp="editors">William Agutter (1758–1835; <title level="m">DNB</title>), Church of
                        England clergyman, political conservative and campaigner for the abolition
                        of the slave-trade. A friend of John Henderson’s, he accompanied his corpse
                        from Oxford (where Henderson had died) to its final resting place, Kingswood
                        near Bristol, and preached Henderson’s funeral sermon.</note> papers. You
                    ought also to commit to paper all you know concerning him, and all you can
                    collect, that the documents may remain, if you decline it. If the opportunity
                    pass, he will die without his fame.</p>
<p rend="indent1"> I have lost myself in the bottomless profundity of <ref target="people.html#GilbertWilliam">Gilbert’s</ref> papers. Fire, and water,
                    and cubes, and sybils, and Mother Church, &amp;c. &amp;c. Poor fellow. I
                    have been introduced to a man, not unlike him in his ideas, — Taylor the
                        Pagan,<note n="7" place="foot" resp="editors">The philosopher and translator
                        Thomas Taylor (1758–1835; <title level="m">DNB</title>).</note> a most
                    devout Heathen! who seems to have some hopes of me. He is equally
                    unintelligible, but his eye has not that inexpressible wildness, which sometimes
                    half-terrified us in <ref target="people.html#GilbertWilliam">Gilbert</ref>.</p>
<lb/>
</div>
</body>
</text>
</TEI>
