<?xml version="1.0" encoding="utf-8"?><TEI xmlns="http://www.tei-c.org/ns/1.0">
<teiHeader>
<fileDesc>
<titleStmt>
<title type="main">The Collected Letters of Robert Southey. Part 1: 1791-1797 </title>
<title type="subordinate">A Romantic Circles Electronic Edition</title>
<author>
<name>Southey, Robert, 1774-1843</name>
</author>
<editor>Lynda Pratt</editor>
<sponsor>Romantic Circles</sponsor>
<respStmt>
<resp>General Editor, </resp>
<name>Neil Fraistat</name>
</respStmt>
<respStmt>
<resp>General Editor, </resp>
<name>Steven E. Jones</name>
</respStmt>
<respStmt>
<resp>General Editor, </resp>
<name>Carl Stahmer</name>
</respStmt>
<respStmt>
<resp>Technical Editor</resp>
<name>Laura Mandell</name>
</respStmt>
</titleStmt>
<editionStmt>
<edition>
<date>2009-03-15</date>
</edition>
</editionStmt>
<publicationStmt>
<idno type="nines">rce248</idno>
<idno type="edition">letterEEd.26.248</idno>
<publisher>Romantic Circles, http://www.rc.umd.edu, University of Maryland</publisher>
<pubPlace>College Park, MD</pubPlace>
<date when="2009-02-20">March 15, 2009</date>
<availability status="restricted">
<p>Material from the Romantic Circles Website may not be downloaded, reproduced or disseminated in any
												manner without authorization unless it is for purposes of criticism, comment, news reporting,
												teaching, and/or classroom use as provided by the Copyright Act of 1976, as amended.</p>
<p>Unless otherwise noted, all Pages and Resources mounted on Romantic Circles are copyrighted by the
												author/editor and may be shared only in accordance with the Fair Use provisions of U.S. copyright law.
												Except as expressly permitted by this statement, redistribution or republication in any medium
												requires express prior written consent from the author/editors and advance notification of Romantic
												Circles. Any requests for authorization should be forwarded to Romantic Circles:&gt;
												<address>
<addrLine>Romantic Circles</addrLine>
<addrLine>c/o Professor Neil Fraistat</addrLine>
<addrLine>Department of English</addrLine>
<addrLine>University of Maryland</addrLine>
<addrLine>College Park, MD 20742</addrLine>
<addrLine>fraistat@umd.edu</addrLine>
</address>
</p>
<p>By their use of these texts and images, users agree to the following conditions: <list>
<item>These texts and images may not be used for any commercial purpose without prior written
														permission from Romantic Circles.</item>
<item>These texts and images may not be re-distributed in any forms other than their current
														ones.</item>
</list>
</p>
<p>Users are not permitted to download these texts and images in order to mount them on their own servers.
												It is not in our interest or that of our users to have uncontrolled subsets of our holdings available
												elsewhere on the Internet. We make corrections and additions to our edited resources on a continual
												basis, and we want the most current text to be the only one generally available to all Internet users.
												Institutions can, of course, make a link to the copies at Romantic Circles, subject to our conditions
												of use.</p>
</availability>
</publicationStmt>
<sourceDesc>
<p>Robert H. Taylor Collection, Princeton University Library.  Not previously published.</p>
<p>These letters were edited with the assistance of Carol Bolton, Tim Fulford and Ian Packer</p>
<p>For permission to publish the text of MSS in their possession, the editor wishes to thank the Beinecke Rare
											Books and Manuscript Library, Yale University; Berg Collection of English and American Literature, The New
											York Public Library, Astor, Lenox and Tilden Foundations; the Bodleian Library Oxford University; the
											British Library; Boston Public Library; the Syndics of Cambridge University Library; the Syndics of the
											Fitzwilliam Museum Cambridge; Haverford College, Connecticut; the Historical Society of Pennsylvania; the
											Hornby Library, Liverpool Libraries and Information Services; the Houghton Library, Harvard University;
											the John Rylands Library, Manchester; the Kenneth Spencer Research Library, University of Kansas; Luton
											Museum (Bedfordshire County Council); Massachusetts Historical Society; McGill University Library; the
											National Library of Scotland; the Newberry Library, Chicago; the New York Public Library (Pforzheimer
											Collections); the Pierpont Morgan Library, New York; the Public Record Offices of Bedford, Suffolk (Bury
											St Edmunds) and Northumberland, the Master and Fellows of Trinity College, Cambridge; the Society of
											Antiquaries of Newcastle upon Tyne; the Trustees of the William Salt Library, Stafford, the Wisbech and
											Fenland Museum; the University of Virginia Library.</p>
<p>A research grant from the British Academy made much of the archival work possible, as did support from the
											English Department of Nottingham Trent University.</p>
</sourceDesc>
</fileDesc>
<encodingDesc>
<editorialDecl>
<quotation>
<p>All quotation marks and apostrophes have been changed: " for “," for ”, ' for ‘, and ' for ’.</p>
</quotation>
<hyphenation eol="none">
<p>Any dashes occurring in line breaks have been removed.</p>
<p>Because of web browser variability, all hyphens have been typed on the U.S. keyboard.</p>
<p>Dashes have been rendered as a variable number of hyphens to give a more exact rendering of their
												length.</p>
</hyphenation>
<normalization method="markup">
<p>Southey's spelling has not been regularized.</p>
<p>Writing in other hands appearing on these manuscripts has been indicated as such, the content recorded
												in brackets.</p>
</normalization>
<normalization>
<p>&amp; has been used for the ampersand sign.</p>
<p>£ has been used for £, the pound sign</p>
<p>All other characters, those with accents, non-breaking spaces, etc., have been encoded in HTML entity
												decimals.</p>
</normalization>
</editorialDecl>
<classDecl>
<taxonomy corresp="http://www.performantsoftware.com/nines_wiki/index.php/Submitting_RDF#.3Cnines:genre.3E" xml:id="g">
<bibl>NINES categories for Genre and Material Form at
												http://www.performantsoftware.com/nines_wiki/index.php/Submitting_RDF#.3Cnines:genre.3E on
												2009-02-26</bibl>
<category xml:id="g1">
<catDesc>Architecture</catDesc>
</category>
<category xml:id="g2">
<catDesc>Artifacts</catDesc>
</category>
<category xml:id="g3">
<catDesc>Bibliography</catDesc>
</category>
<category xml:id="g4">
<catDesc>Collection</catDesc>
</category>
<category xml:id="g5">
<catDesc>Criticism</catDesc>
</category>
<category xml:id="g7">
<catDesc>Letters</catDesc>
</category>
<category xml:id="g6">
<catDesc>Drama</catDesc>
</category>
<category xml:id="g8">
<catDesc>Life Writing</catDesc>
</category>
<category xml:id="g9">
<catDesc>Politics</catDesc>
</category>
<category xml:id="g10">
<catDesc>Folklore</catDesc>
</category>
<category xml:id="g11">
<catDesc>Ephemera</catDesc>
</category>
<category xml:id="g12">
<catDesc>Fiction</catDesc>
</category>
<category xml:id="g13">
<catDesc>History</catDesc>
</category>
<category xml:id="g14">
<catDesc>Leisure</catDesc>
</category>
<category xml:id="g15">
<catDesc>Manuscript</catDesc>
</category>
<category xml:id="g16">
<catDesc>Reference Works</catDesc>
</category>
<category xml:id="g17">
<catDesc>Humor</catDesc>
</category>
<category xml:id="g18">
<catDesc>Education</catDesc>
</category>
<category xml:id="g19">
<catDesc>Music</catDesc>
</category>
<category xml:id="g20">
<catDesc>nonfiction</catDesc>
</category>
<category xml:id="g21">
<catDesc>Paratext</catDesc>
</category>
<category xml:id="g22">
<catDesc>Perodical</catDesc>
</category>
<category xml:id="g23">
<catDesc>Philosphy</catDesc>
</category>
<category xml:id="g24">
<catDesc>Photograph</catDesc>
</category>
<category xml:id="g25">
<catDesc>Citation</catDesc>
</category>
<category xml:id="g26">
<catDesc>Family Life</catDesc>
</category>
<category xml:id="g27">
<catDesc>Poetry</catDesc>
</category>
<category xml:id="g28">
<catDesc>Religion</catDesc>
</category>
<category xml:id="g29">
<catDesc>Review</catDesc>
</category>
<category xml:id="g30">
<catDesc>Visual Art</catDesc>
</category>
<category xml:id="g31">
<catDesc>Translation</catDesc>
</category>
<category xml:id="g32">
<catDesc>Travel</catDesc>
</category>
<category xml:id="g33">
<catDesc>Book History</catDesc>
</category>
<category xml:id="g34">
<catDesc>Law</catDesc>
</category>
</taxonomy>
<taxonomy corresp="http://www.rc.umd.edu/southey_letters/people.xml">
<category xml:id="people">
<catDesc>Southey Letters: Biographies</catDesc>
</category>
</taxonomy>
<taxonomy corresp="http://www.rc.umd.edu/southey_letters/places.xml">
<category xml:id="places">
<catDesc>Southey Letters: Places</catDesc>
</category>
</taxonomy>
</classDecl>
</encodingDesc>
<profileDesc>
<textClass>
<catRef scheme="#genre" target="#g7 #g27"/>
<catRef scheme="#people" target="#EEd.26.1.names"/>
<catRef scheme="#places" target="#EEd.26.1.places"/>
</textClass>
</profileDesc>
<revisionDesc>
<change who="#LM" when="2009-03-10" n="4">
<label>Changed by</label>
<name>Laura Mandell</name>
<list>
<item>XSLT Transforming</item>
</list>
</change>
<change who="#AB" when="2009-03-02" n="3">
<label>Changed by</label>
<name>Averill Buchanan</name>
<list>
<item>corrections from proofing</item>
</list>
</change>
<change who="#LM" when="2009-02-20" n="2">
<label>Changed by</label>
<name xml:id="LM">Laura Mandell</name>
<list>
<item>XSLT Transforming</item>
</list>
</change>
<change who="#AB" when="2009-02-20" n="1">
<label>Changed by</label>
<name xml:id="AB">Averill Buchanan</name>
<list>
<item>TEI Encoding</item>
</list>
</change>
</revisionDesc>
</teiHeader>
<text>
<body>
<div n="248" type="letter">
<head>248. Robert Southey to <ref target="people.html#SoutheyTom">Thomas Southey [brother]</ref>, <date when="1797-08-16">16 August 1797</date>
<note place="foot" resp="editors" type="headnote">Address: [deletions and readdress in another hand] To/ M<hi rend="sup">r</hi> Southey/ <del rend="strikethrough">Phoebe Frigate</del> at the Centre/ <del rend="strikethrough">Falmouth</del> Westgate/ Buildings/ Bath/ Single<lb/>Stamped: RINGWOOD<lb/>MS: Robert H. Taylor Collection, Princeton University Library<lb/>Unpublished.</note>
</head>
<opener>
<salute>My dear Tom</salute>
</opener>
<p rend="indent2">		I have been silent because I have been expecting some news of your removal. Sir Harry Neals ship<note n="1" place="foot" resp="editors">Sir Harry Burrard-Neale, (1765–1840; <title level="m">DNB</title>), naval officer and politician who, in 1797, commanded the <hi rend="ital">San Fiorenzo</hi>.</note> is full. Admiral Mann<note n="2" place="foot" resp="editors">Robert Mann (d. 1813), in 1797 a Rear Admiral of the Red.</note> has been applied to by letter — his answer has not yet arrived. should it be unfavourable we will apply to other quarters; you may certainly be easy for removed you will be. you may be easy too as to being made a Lieutenant. <ref target="people.html#HillHerbert">my Uncle</ref> has interest enough. if the World remains as bad as it is we shall do well. if it is mended we shall do better.</p>
<p rend="indent1">
<ref target="people.html#HillHerbert">My Uncle</ref> has commissioned <ref target="people.html#ThomasWilliamBowyer">Thomas</ref>, a friend whom I made at Lisbon, to take <ref target="people.html#SoutheyMargaret">my Mothers</ref> affairs in hand, give security for her debts, &amp; get her out of her house. <ref target="people.html#ThomasWilliamBowyer">Thomas</ref> left me yesterday to go to Bath. I wish her much to live with me — but to this <ref target="people.html#TylerElizabeth">my Aunt</ref> will be the obstacle. in that case the greater part of what <ref target="people.html#HillHerbert">my Uncle</ref> would allow her might support <ref target="people.html#SoutheyHenryHerbert">Harry</ref> for a couple of years at school so as to fit him either for law or physic, in which professions I could forward him. his attributes are too good to be wasted upon trade. he may live with me while he is studying physic, which I think the best line for him, or law if he prefers it, &amp; two years education would fit him to begin either study.</p>
<p rend="indent1">	I have sent your narration to the Magazine, &amp; it will probably appear in the next Month.<note n="3" place="foot" resp="editors">Thomas Southey’s account of his captivity had already appeared; see Southey to the Editor of the <title level="m">Monthly Magazine</title>, [c. August 1797] (Letter 241).</note> when I return to town I will get the volumes for you.</p>
<p rend="indent1">
<ref target="people.html#HillHerbert">My Uncles</ref> new appointment is a very valuable one whilst it lasts — the pay is half a guinea a day, one hundred a year. more for nobody can tell what — &amp; ratio &amp; forage — in all as much as three hundred a year. he is now very anxious to have my mother removed from her house — &amp; I hope all will soon be well settled.</p>
<p rend="indent1">	how very unfortunate it is that we cannot meet on account of your rascally Captain.<note n="4" place="foot" resp="editors">Sir Robert Barlow (1757–1843; <title level="m">DNB</title>).</note> you must however make yourself as comfortable as you can be in your present situation by the expectance of speedily exchanging it. <del rend="strikethrough">it</del> in November we shall return to London. that <ref target="people.html#SoutheyMargaret">my mother</ref> will live with us, knowing <ref target="people.html#TylerElizabeth">my Aunts</ref> influence over her mind, I rather hope than expect. after Christmas I go to a Special Pleaders office where my employment will be drawing out pleadings, &amp; a years hard application there will qualify me for doing business <del rend="strikethrough">xxxxx</del> myself.</p>
<p rend="indent1">	I am become a tolerable fish, &amp; am now going to pickle myself in the sea.</p>
<p rend="indent1">	You shall hear again from me as soon as we get any news from Admiral Mann. the application is not likely to fail — &amp; if it should, it will succeed elsewhere.</p>
<p rend="indent1">		God bless you.</p>
<p rend="indent1">
<ref target="people.html#FrickerEdith">Ediths</ref> love.</p>
<closer>
<salute rend="indent3">			yr affectionate brother </salute>
<signed rend="indent5">					Robert Southey.</signed>
</closer>
<postscript>
<p>
<date when="1797-08-16">Wednesday. Aug. 16. 1797.</date>
<address>
<placeName>
<ref target="places.html#Burton">Burton</ref>.</placeName>
</address>
</p>
</postscript>
</div>
</body>
</text>
</TEI>
