<?xml version="1.0" encoding="UTF-8" standalone="no"?>
<TEI xmlns="http://www.tei-c.org/ns/1.0">
	<teiHeader>
		<fileDesc>
			<titleStmt>
				<title type="main">The Collected Letters of Robert Southey. Part 1: 1791-1797 </title>
				<title type="subordinate">A Romantic Circles Electronic Edition</title>
				<author>
					<name>Southey, Robert, 1774-1843</name>
				</author>
				<editor>Lynda Pratt</editor>
				<sponsor>Romantic Circles</sponsor>
				<respStmt>
					<resp>General Editor, </resp>
					<name>Neil Fraistat</name>
				</respStmt>
				<respStmt>
					<resp>General Editor, </resp>
					<name>Steven E. Jones</name>
				</respStmt>
				<respStmt>
					<resp>General Editor, </resp>
					<name>Carl Stahmer</name>
				</respStmt>
				<respStmt>
					<resp>Technical Editor</resp>
					<name>Laura Mandell</name>
				</respStmt>
			</titleStmt>
			<editionStmt>
				<edition>
					<date>2009-03-15</date>
				</edition>
			</editionStmt>
			<publicationStmt>
				<idno type="edition">letterEEd.26.corresplist</idno>
				<publisher>Romantic Circles, http://www.rc.umd.edu, University of Maryland</publisher>
				<pubPlace>College Park, MD</pubPlace>
				<date when="2009-03-15">March 15, 2009</date>
				<availability status="restricted">
					<p>Material from the Romantic Circles Website may not be downloaded, reproduced or disseminated in any manner without
						authorization unless it is for purposes of criticism, comment, news reporting, teaching, and/or classroom use as provided by
						the Copyright Act of 1976, as amended.</p>
					<p>Unless otherwise noted, all Pages and Resources mounted on Romantic Circles are copyrighted by the author/editor and may be
						shared only in accordance with the Fair Use provisions of U.S. copyright law. Except as expressly permitted by this statement,
						redistribution or republication in any medium requires express prior written consent from the author/editors and advance
						notification of Romantic Circles. Any requests for authorization should be forwarded to Romantic Circles:>
						<address><addrLine>Romantic Circles</addrLine>
							<addrLine>c/o Professor Neil Fraistat</addrLine>
							<addrLine>Department of English</addrLine>
							<addrLine>University of Maryland</addrLine>
							<addrLine>College Park, MD 20742</addrLine>
							<addrLine>fraistat@umd.edu</addrLine>
						</address>
					</p>
					<p>By their use of these texts and images, users agree to the following conditions: <list>
							<item>These texts and images may not be used for any commercial purpose without prior written permission from Romantic
								Circles.</item>
							<item>These texts and images may not be re-distributed in any forms other than their current ones.</item>
						</list></p>
					<p>Users are not permitted to download these texts and images in order to mount them on their own servers. It is not in our
						interest or that of our users to have uncontrolled subsets of our holdings available elsewhere on the Internet. We make
						corrections and additions to our edited resources on a continual basis, and we want the most current text to be the only one
						generally available to all Internet users. Institutions can, of course, make a link to the copies at Romantic Circles, subject
						to our conditions of use.</p>
				</availability>
			</publicationStmt>
			<sourceDesc>
				<biblStruct>
					<analytic>
						<author>Lynda Pratt</author>
						<title>List of Correspondents</title>
					</analytic>
					<monogr>
						<title type="main">The Collected Letters of Robert Southey. Part 1: 1791-1797 </title>
						<title type="subordinate">A Romantic Circles Electronic Edition</title>
						<author>
							<name>Southey, Robert, 1774-1843</name>
						</author>
						<editor>Lynda Pratt</editor>
						<imprint>
							<publisher>Romantic Circles</publisher>
							<pubPlace>University of Maryland</pubPlace>
						</imprint>
					</monogr>
				</biblStruct>
			</sourceDesc>
		</fileDesc>
		<encodingDesc>
			<editorialDecl>
				<quotation>
					<p>All quotation marks and apostrophes have been changed: " for “," for ”, ' for ‘, and ' for ’.</p>
				</quotation>
				<hyphenation eol="none">
					<p>Any dashes occurring in line breaks have been removed.</p>
					<p>Because of web browser variability, all hyphens have been typed on the U.S. keyboard.</p>
					<p>Dashes have been rendered as a variable number of hyphens to give a more exact rendering of their length.</p>
				</hyphenation>
				<normalization method="markup">
					<p>Southey's spelling has not been regularized.</p>
					<p>Writing in other hands appearing on these manuscripts has been indicated as such, the content recorded in brackets.</p>
				</normalization>
				<normalization>
					<p>&amp; has been used for the ampersand sign.</p>
					<p>&#163; has been used for £, the pound sign</p>
					<p>All other characters, those with accents, non-breaking spaces, etc., have been encoded in HTML entity decimals.</p>
				</normalization>
			</editorialDecl>
			<classDecl>
				<taxonomy xml:id="g" corresp="http://www.performantsoftware.com/nines_wiki/index.php/Submitting_RDF#.3Cnines:genre.3E">
					<bibl>NINES categories for Genre and Material Form at
						http://www.performantsoftware.com/nines_wiki/index.php/Submitting_RDF#.3Cnines:genre.3E on 2009-02-26</bibl>
					<category xml:id="g1">
						<catDesc>Architecture</catDesc>
					</category>
					<category xml:id="g2">
						<catDesc>Artifacts</catDesc>
					</category>
					<category xml:id="g3">
						<catDesc>Bibliography</catDesc>
					</category>
					<category xml:id="g4">
						<catDesc>Collection</catDesc>
					</category>
					<category xml:id="g5">
						<catDesc>Criticism</catDesc>
					</category>
					<category xml:id="g7">
						<catDesc>Letters</catDesc>
					</category>
					<category xml:id="g6">
						<catDesc>Drama</catDesc>
					</category>
					<category xml:id="g8">
						<catDesc>Life Writing</catDesc>
					</category>
					<category xml:id="g9">
						<catDesc>Politics</catDesc>
					</category>
					<category xml:id="g10">
						<catDesc>Folklore</catDesc>
					</category>
					<category xml:id="g11">
						<catDesc>Ephemera</catDesc>
					</category>
					<category xml:id="g12">
						<catDesc>Fiction</catDesc>
					</category>
					<category xml:id="g13">
						<catDesc>History</catDesc>
					</category>
					<category xml:id="g14">
						<catDesc>Leisure</catDesc>
					</category>
					<category xml:id="g15">
						<catDesc>Manuscript</catDesc>
					</category>
					<category xml:id="g16">
						<catDesc>Reference Works</catDesc>
					</category>
					<category xml:id="g17">
						<catDesc>Humor</catDesc>
					</category>
					<category xml:id="g18">
						<catDesc>Education</catDesc>
					</category>
					<category xml:id="g19">
						<catDesc>Music</catDesc>
					</category>
					<category xml:id="g20">
						<catDesc>nonfiction</catDesc>
					</category>
					<category xml:id="g21">
						<catDesc>Paratext</catDesc>
					</category>
					<category xml:id="g22">
						<catDesc>Perodical</catDesc>
					</category>
					<category xml:id="g23">
						<catDesc>Philosphy</catDesc>
					</category>
					<category xml:id="g24">
						<catDesc>Photograph</catDesc>
					</category>
					<category xml:id="g25">
						<catDesc>Citation</catDesc>
					</category>
					<category xml:id="g26">
						<catDesc>Family Life</catDesc>
					</category>
					<category xml:id="g27">
						<catDesc>Poetry</catDesc>
					</category>
					<category xml:id="g28">
						<catDesc>Religion</catDesc>
					</category>
					<category xml:id="g29">
						<catDesc>Review</catDesc>
					</category>
					<category xml:id="g30">
						<catDesc>Visual Art</catDesc>
					</category>
					<category xml:id="g31">
						<catDesc>Translation</catDesc>
					</category>
					<category xml:id="g32">
						<catDesc>Travel</catDesc>
					</category>
					<category xml:id="g33">
						<catDesc>Book History</catDesc>
					</category>
					<category xml:id="g34">
						<catDesc>Law</catDesc>
					</category>
				</taxonomy>
				<taxonomy corresp="http://www.rc.umd.edu/southey_letters/people.xml">
					<category xml:id="people">
						<catDesc>Southey Letters: Biographies</catDesc>
					</category>
				</taxonomy>
				<taxonomy corresp="http://www.rc.umd.edu/southey_letters/places.xml">
					<category xml:id="places">
						<catDesc>Southey Letters: Places</catDesc>
					</category>
				</taxonomy>
			</classDecl>
		</encodingDesc>
		<profileDesc>
			<textClass>
				<catRef target="#g21" scheme="#genre"/>
				<catRef target="#EEd.26.1.names" scheme="#people"/>
				<catRef target="#EEd.26.1.places" scheme="#places"/>
			</textClass>
		</profileDesc>
		<revisionDesc>
			<change n="4" when="2009-03-10" who="#LM">
				<label>Changed by</label>
				<name>Laura Mandell</name>
				<list>
					<item>XSLT Transforming</item>
				</list>
			</change>
			<change n="3" when="2009-03-02" who="#AB">
				<label>Changed by</label>
				<name>Averill Buchanan</name>
				<list>
					<item>corrections from proofing</item>
				</list>
			</change>
			<change n="2" when="2009-02-20" who="#LM">
				<label>Changed by</label>
				<name xml:id="LM">Laura Mandell</name>
				<list>
					<item>XSLT Transforming</item>
				</list>
			</change>
			<change n="1" when="2009-02-20" who="#AB">
				<label>Changed by</label>
				<name xml:id="AB">Averill Buchanan</name>
				<list>
					<item>TEI Encoding</item>
				</list>
			</change>
		</revisionDesc>
	</teiHeader>
	<text>
		<body>
			<div type="paratext">
				<head>A list of Robert Southey’s correspondents 1791–1797.</head>
				<lb/>
				<p>This list only names correspondents where one or more letters from Southey to that individual have survived, either in manuscript
					or in published versions. </p>
				<p>It does not name individuals – eg. Samuel Taylor Coleridge and George Dyer – to whom Southey is known to have written during the
					period 1791–1797 when the resulting letters have not survived in either manuscript or previously printed versions.</p>
				<lb/>
				<list type="simple">
					<item>Aikin, John [as Editor of the <title level="j">Monthly Magazine</title>]</item>
					<item>Bedford, Grosvenor Charles</item>
					<item>Bedford, Horace Walpole</item>
					<item>Biddlecombe, Charles</item>
					<item>Collins, Charles</item>
					<item>Cottle, Amos</item>
					<item>Cottle, Joseph</item>
					<item>Danvers, Charles</item>
					<item>Duppa, Richard</item>
					<item>Estlin, John Prior</item>
					<item>Fricker, Edith [from November 1795, Edith Southey]</item>
					<item>Fricker, [Sarah]</item>
					<item>Horseman, John</item>
					<item>Lamb, Thomas Davis</item>
					<item>Lamb, Thomas Phillipps</item>
					<item>Lightfoot, Nicholas</item>
					<item>Lovell, Robert</item>
					<item>Lovell, Robert [Senior]</item>
					<item>May, John</item>
					<item>Morgan, John James</item>
					<item>Pughe, William Owen</item>
					<item>Seward, Miss [a sister of Edmund Seward]</item>
					<item>Southey, Thomas</item>
					<item>Thomas, William Bowyer</item>
					<item>Wynn, Charles Watkin Williams</item>
				</list>
			</div>
		</body>
	</text>
</TEI>
