<?xml version="1.0" encoding="utf-8"?><TEI xmlns="http://www.tei-c.org/ns/1.0">
<teiHeader>
<fileDesc>
<titleStmt>
<title type="main">The Collected Letters of Robert Southey. Part 1: 1791-1797 </title>
<title type="subordinate">A Romantic Circles Electronic Edition</title>
<author>
<name>Southey, Robert, 1774-1843</name>
</author>
<editor>Lynda Pratt</editor>
<sponsor>Romantic Circles</sponsor>
<respStmt>
<resp>General Editor, </resp>
<name>Neil Fraistat</name>
</respStmt>
<respStmt>
<resp>General Editor, </resp>
<name>Steven E. Jones</name>
</respStmt>
<respStmt>
<resp>General Editor, </resp>
<name>Carl Stahmer</name>
</respStmt>
<respStmt>
<resp>Technical Editor</resp>
<name>Laura Mandell</name>
</respStmt>
</titleStmt>
<editionStmt>
<edition>
<date>2009-03-15</date>
</edition>
</editionStmt>
<publicationStmt>
<idno type="nines">rce83</idno>
<idno type="edition">letterEEd.26.83</idno>
<publisher>Romantic Circles, http://www.rc.umd.edu, University of Maryland</publisher>
<pubPlace>College Park, MD</pubPlace>
<date when="2009-02-20">March 15, 2009</date>
<availability status="restricted">
<p>Material from the Romantic Circles Website may not be downloaded, reproduced or disseminated in any
												manner without authorization unless it is for purposes of criticism, comment, news reporting,
												teaching, and/or classroom use as provided by the Copyright Act of 1976, as amended.</p>
<p>Unless otherwise noted, all Pages and Resources mounted on Romantic Circles are copyrighted by the
												author/editor and may be shared only in accordance with the Fair Use provisions of U.S. copyright law.
												Except as expressly permitted by this statement, redistribution or republication in any medium
												requires express prior written consent from the author/editors and advance notification of Romantic
												Circles. Any requests for authorization should be forwarded to Romantic Circles:&gt;
												<address>
<addrLine>Romantic Circles</addrLine>
<addrLine>c/o Professor Neil Fraistat</addrLine>
<addrLine>Department of English</addrLine>
<addrLine>University of Maryland</addrLine>
<addrLine>College Park, MD 20742</addrLine>
<addrLine>fraistat@umd.edu</addrLine>
</address>
</p>
<p>By their use of these texts and images, users agree to the following conditions: <list>
<item>These texts and images may not be used for any commercial purpose without prior written
														permission from Romantic Circles.</item>
<item>These texts and images may not be re-distributed in any forms other than their current
														ones.</item>
</list>
</p>
<p>Users are not permitted to download these texts and images in order to mount them on their own servers.
												It is not in our interest or that of our users to have uncontrolled subsets of our holdings available
												elsewhere on the Internet. We make corrections and additions to our edited resources on a continual
												basis, and we want the most current text to be the only one generally available to all Internet users.
												Institutions can, of course, make a link to the copies at Romantic Circles, subject to our conditions
												of use.</p>
</availability>
</publicationStmt>
<sourceDesc>
<p>Houghton
                        Library, bMS Eng 265.1 (2).  Not previously published.</p>
<p>These letters were edited with the assistance of Carol Bolton, Tim Fulford and Ian Packer</p>
<p>For permission to publish the text of MSS in their possession, the editor wishes to thank the Beinecke Rare
											Books and Manuscript Library, Yale University; Berg Collection of English and American Literature, The New
											York Public Library, Astor, Lenox and Tilden Foundations; the Bodleian Library Oxford University; the
											British Library; Boston Public Library; the Syndics of Cambridge University Library; the Syndics of the
											Fitzwilliam Museum Cambridge; Haverford College, Connecticut; the Historical Society of Pennsylvania; the
											Hornby Library, Liverpool Libraries and Information Services; the Houghton Library, Harvard University;
											the John Rylands Library, Manchester; the Kenneth Spencer Research Library, University of Kansas; Luton
											Museum (Bedfordshire County Council); Massachusetts Historical Society; McGill University Library; the
											National Library of Scotland; the Newberry Library, Chicago; the New York Public Library (Pforzheimer
											Collections); the Pierpont Morgan Library, New York; the Public Record Offices of Bedford, Suffolk (Bury
											St Edmunds) and Northumberland, the Master and Fellows of Trinity College, Cambridge; the Society of
											Antiquaries of Newcastle upon Tyne; the Trustees of the William Salt Library, Stafford, the Wisbech and
											Fenland Museum; the University of Virginia Library.</p>
<p>A research grant from the British Academy made much of the archival work possible, as did support from the
											English Department of Nottingham Trent University.</p>
</sourceDesc>
</fileDesc>
<encodingDesc>
<editorialDecl>
<quotation>
<p>All quotation marks and apostrophes have been changed: " for “," for ”, ' for ‘, and ' for ’.</p>
</quotation>
<hyphenation eol="none">
<p>Any dashes occurring in line breaks have been removed.</p>
<p>Because of web browser variability, all hyphens have been typed on the U.S. keyboard.</p>
<p>Dashes have been rendered as a variable number of hyphens to give a more exact rendering of their
												length.</p>
</hyphenation>
<normalization method="markup">
<p>Southey's spelling has not been regularized.</p>
<p>Writing in other hands appearing on these manuscripts has been indicated as such, the content recorded
												in brackets.</p>
</normalization>
<normalization>
<p>&amp; has been used for the ampersand sign.</p>
<p>£ has been used for £, the pound sign</p>
<p>All other characters, those with accents, non-breaking spaces, etc., have been encoded in HTML entity
												decimals.</p>
</normalization>
</editorialDecl>
<classDecl>
<taxonomy corresp="http://www.performantsoftware.com/nines_wiki/index.php/Submitting_RDF#.3Cnines:genre.3E" xml:id="g">
<bibl>NINES categories for Genre and Material Form at
												http://www.performantsoftware.com/nines_wiki/index.php/Submitting_RDF#.3Cnines:genre.3E on
												2009-02-26</bibl>
<category xml:id="g1">
<catDesc>Architecture</catDesc>
</category>
<category xml:id="g2">
<catDesc>Artifacts</catDesc>
</category>
<category xml:id="g3">
<catDesc>Bibliography</catDesc>
</category>
<category xml:id="g4">
<catDesc>Collection</catDesc>
</category>
<category xml:id="g5">
<catDesc>Criticism</catDesc>
</category>
<category xml:id="g7">
<catDesc>Letters</catDesc>
</category>
<category xml:id="g6">
<catDesc>Drama</catDesc>
</category>
<category xml:id="g8">
<catDesc>Life Writing</catDesc>
</category>
<category xml:id="g9">
<catDesc>Politics</catDesc>
</category>
<category xml:id="g10">
<catDesc>Folklore</catDesc>
</category>
<category xml:id="g11">
<catDesc>Ephemera</catDesc>
</category>
<category xml:id="g12">
<catDesc>Fiction</catDesc>
</category>
<category xml:id="g13">
<catDesc>History</catDesc>
</category>
<category xml:id="g14">
<catDesc>Leisure</catDesc>
</category>
<category xml:id="g15">
<catDesc>Manuscript</catDesc>
</category>
<category xml:id="g16">
<catDesc>Reference Works</catDesc>
</category>
<category xml:id="g17">
<catDesc>Humor</catDesc>
</category>
<category xml:id="g18">
<catDesc>Education</catDesc>
</category>
<category xml:id="g19">
<catDesc>Music</catDesc>
</category>
<category xml:id="g20">
<catDesc>nonfiction</catDesc>
</category>
<category xml:id="g21">
<catDesc>Paratext</catDesc>
</category>
<category xml:id="g22">
<catDesc>Perodical</catDesc>
</category>
<category xml:id="g23">
<catDesc>Philosphy</catDesc>
</category>
<category xml:id="g24">
<catDesc>Photograph</catDesc>
</category>
<category xml:id="g25">
<catDesc>Citation</catDesc>
</category>
<category xml:id="g26">
<catDesc>Family Life</catDesc>
</category>
<category xml:id="g27">
<catDesc>Poetry</catDesc>
</category>
<category xml:id="g28">
<catDesc>Religion</catDesc>
</category>
<category xml:id="g29">
<catDesc>Review</catDesc>
</category>
<category xml:id="g30">
<catDesc>Visual Art</catDesc>
</category>
<category xml:id="g31">
<catDesc>Translation</catDesc>
</category>
<category xml:id="g32">
<catDesc>Travel</catDesc>
</category>
<category xml:id="g33">
<catDesc>Book History</catDesc>
</category>
<category xml:id="g34">
<catDesc>Law</catDesc>
</category>
</taxonomy>
<taxonomy corresp="http://www.rc.umd.edu/southey_letters/people.xml">
<category xml:id="people">
<catDesc>Southey Letters: Biographies</catDesc>
</category>
</taxonomy>
<taxonomy corresp="http://www.rc.umd.edu/southey_letters/places.xml">
<category xml:id="places">
<catDesc>Southey Letters: Places</catDesc>
</category>
</taxonomy>
</classDecl>
</encodingDesc>
<profileDesc>
<textClass>
<catRef scheme="#genre" target="#g7 #g27"/>
<catRef scheme="#people" target="#EEd.26.1.names"/>
<catRef scheme="#places" target="#EEd.26.1.places"/>
</textClass>
</profileDesc>
<revisionDesc>
<change who="#LM" when="2009-03-10" n="4">
<label>Changed by</label>
<name>Laura Mandell</name>
<list>
<item>XSLT Transforming</item>
</list>
</change>
<change who="#AB" when="2009-03-02" n="3">
<label>Changed by</label>
<name>Averill Buchanan</name>
<list>
<item>corrections from proofing</item>
</list>
</change>
<change who="#LM" when="2009-02-20" n="2">
<label>Changed by</label>
<name xml:id="LM">Laura Mandell</name>
<list>
<item>XSLT Transforming</item>
</list>
</change>
<change who="#AB" when="2009-02-20" n="1">
<label>Changed by</label>
<name xml:id="AB">Averill Buchanan</name>
<list>
<item>TEI Encoding</item>
</list>
</change>
</revisionDesc>
</teiHeader>
<text>
<body>
<div n="83" type="letter">
<head>83. Robert Southey and <ref target="people.html#WynnCharlesWW">Charles Watkin
                        Williams Wynn</ref> to <ref target="people.html#BedfordGrosvenorCharles">Grosvenor Charles Bedford</ref>, <date when="1794-03-23">23 March
                        [1794]</date>
<note place="foot" resp="editors" type="headnote">Address: Grosvenor Charles
                        Bedford Esq<hi rend="sup">r</hi>/ Old Palace Yard/ Westminster/
                        Single<lb/>Stamped: OXFORD<lb/>Postmark: AMA/ 24/ 94<lb/>MS: Houghton
                        Library, bMS Eng 265.1 (2)<lb/>Unpublished.</note>
</head>
<lb/>
<epigraph>
<lg type="stanza">
<l rend="indent2">Per varios casus per tot discrimina rerum — <note n="1" place="foot" resp="editors">Virgil (70–19 BC), <title level="m">Aeneid,</title> Book 1, line 204. The Latin translates as
                                ‘through so many sorts of disaster and so many crises’.</note>
</l>
<l rend="indent2">In plain prose my dear <ref target="people.html#BedfordGrosvenorCharles">Grosvenor</ref> you
                            shortly shall hear em.</l>
</lg>
</epigraph>
<lb/>
<opener>
<dateline rend="indent1">
<date when="1794-03-23">Sunday morning. March 23<hi rend="sup">rd</hi>.</date>
<address>
<placeName>
<ref target="places.html#BalliolOxford">Balliol College.</ref>
</placeName>
</address>
</dateline>
</opener>
<p>And it came to pass, in the days of <ref target="people.html#DaveyJohn">John
                        Davey</ref> the master of <ref target="places.html#BalliolOxford">Balliol</ref> that great disturbance happened in the community</p>
<p>For the children of <ref target="places.html#BalliolOxford">Balliol</ref> sat
                    down to meat. now this was the seventh day. &amp; the chief priests
                    &amp; elders sent down to them that grace might be said for this was the
                    manner.</p>
<p>But behold the man was ill by whom the grace should have been said.</p>
<p>And Jeremiah the scout came down, &amp; delivered the summons as was
                    commanded him. &amp; they answered him nor a word</p>
<p>Then came fear upon Jeremiah the scout. &amp; he said — behold now the chiefs
                    &amp; elders have called for the grace — now therefore obey ye the call.</p>
<p>And <ref target="people.html#LightfootNicholas">Nicholas Lightfoot</ref> answered
                    him &amp; said — lo now <ref target="people.html#AllenRobert">Allen</ref> is
                    ill — &amp; let him who is the junior go up &amp; do this thing.</p>
<p>Then the junior looked silly &amp; answered him not</p>
<p>And Jeremiah the scout grew more fearful &amp; the chief priests &amp;
                    elders more impatient. then spake he to Southey — go thou &amp; say the
                    grace. but Southey knew it not.</p>
<p>And the chiefs priests &amp; elders departed in wrath.</p>
<p>And they cried out with one voice crucify them crucify them</p>
<p rend="indent2"> X X X X X X X X X X X X X X </p>
<lb/>
<p rend="indent1"> Titus Vespasian<note n="2" place="foot" resp="editors">The Roman
                        Emperor Titus Flavius Vespasianus (9–79; reigned 69–79).</note> the DELIGHT
                    of MANKIND</p>
<p rend="indent1"> and the Best Sovereign that History records,</p>
<p>crucified two thousand Jews one morning &amp; Ralph Churton observes that
                    “with a generous clemency that inseperable attendant on true heroism, he
                    crucified prisoners till space was wanting for the crosses, &amp; crosses
                    for the captives<note n="3" place="foot" resp="editors">A paraphrase of Ralph
                        Churton (1754–1831; <title level="m">DNB</title>), <title level="m">Eight
                            Sermons on the Prophecies Respecting the Destruction of Jerusalem,
                            Preached before the University of Oxford in the Year 1785</title>
                        (Oxford, 1785), p. 201.</note>
</p>
<lb/>
<p rend="indent3">
<ref target="people.html#BarnesFrederick">GINGER BARNES</ref>
</p>
<p rend="indent3"> The delight of the Common Room</p>
<p rend="indent2">and the Best Fellow in <ref target="places.html#BalliolOxford">Balliol College</ref>
</p>
<p rend="indent2">crucified eight scholars after dinner</p>
<p rend="indent5"> &amp;</p>
<p rend="indent4">
<ref target="people.html#DaveyJohn">John Davey</ref>
</p>
<p rend="indent1"> with a generous clemency that inseperable attendant on true
                    learning abused them like pickpockets — degraded them from their rank —
                    sequesterd their revenues — &amp; set them a volume of sermons to
                    translate.</p>
<p>If I could — turn the sentence neat &amp; pretty — Period round &amp;
                    period witty — this sonnet should have made a seperate letter. but I am ill at
                    these things. remember tis the only sonnet I have written.</p>
<p rend="indent7"> ————</p>
<lg type="stanza">
<l rend="indent3">Virgin of Orleans,<note n="4" place="foot" resp="editors">Joan
                            of Arc (c. 1412–1431), the subject of Southey’s first published
                            epic.</note> oft thy minstrels eye</l>
<l rend="indent4"> Has loved thy course thro fields of blood to trace,</l>
<l rend="indent3">When waved the lillied flag in conquest high</l>
<l rend="indent4"> And thy fallen foes retreated with disgrace</l>
</lg>
<lb/>
<lg type="stanza">
<l rend="indent3">Ill-fated heroine round that lovely frame</l>
<l rend="indent4"> That breast too firm in fortitude to fear,</l>
<l rend="indent3">The hangman reard around the unwilling flame</l>
<l rend="indent4"> And sternly softened to a maiden tear.</l>
</lg>
<lb/>
<lg type="stanza">
<l rend="indent3">Yet heaved not then her bosom with the sigh</l>
<l rend="indent4"> Nor faultered then the maidens parting breath</l>
<l rend="indent3">But pleasd in Freedoms glorious cause to die</l>
<l rend="indent4"> She saved her country &amp; she smild at Death.</l>
</lg>
<lb/>
<lg type="stanza">
<l rend="indent3">Oft oer thy lovely form the Bard shall bend.</l>
<l rend="indent3">Whilst Memorys grateful hour recalls the absent friend.</l>
</lg>
<p rend="indent7"> —————</p>
<p>Read this to Mrs Bedford in your best manner. I am sorry that I cannot send <ref target="people.html#CollinsCharles">CC</ref> to read it prettily. or rather
                        <ref target="people.html#WynnCharlesWW">Wynn</ref> is sorry for me. you may
                    guess whom I have at my elbow.</p>
<p rend="indent1"> [Start of section in Charles Watkin Williams Wynn’s hand] The
                    chief Ch. Ch. news which I can relate is that his most Proboscinasal <ref target="people.html#CombeEdward">majesty</ref> has been of late rather
                    &lt;drunk &amp;&gt; amorous has got an impositon a black eye
                    &amp; has given my electrical machine a violent <hi rend="ital">shock</hi>.
                        <ref target="people.html#CollinsCharles">C.C.</ref> has got a little bandbox
                    about 3 feet by two in which he sits &amp; frys till the room floats with
                    his own grease which he likewise employs to daub his scull with instead of
                    Pomatum <del rend="strikethrough">xxxxxxxxxxxxxx believe</del> [end of section
                    in Charles Watkin Williams Wynn’s hand]</p>
<p>adieu <del rend="strikethrough">xxx xxxxx</del>
</p>
<p rend="indent1"> I know not if you understand this asinine language of <ref target="people.html#WynnCharlesWW">Wynn</ref> which he thinks so well
                    adapted.</p>
<p rend="indent1"> tis a long while since I heard from <ref target="people.html#BedfordHoraceWalpole">Horace</ref>. Clodius accuset
                        modius<note n="5" place="foot" resp="editors">Juvenal (fl. AD late C1 and
                        early C2), <title level="m">Satire</title> 2, line 27. The Latin translates
                        as ‘Clodius accused adulterers’.</note>
</p>
</div>
</body>
</text>
</TEI>
