<?xml version="1.0" encoding="utf-8"?><TEI xmlns="http://www.tei-c.org/ns/1.0">
<teiHeader>
<fileDesc>
<titleStmt>
<title type="main">The Collected Letters of Robert Southey. Part 1: 1791-1797 </title>
<title type="subordinate">A Romantic Circles Electronic Edition</title>
<author>
<name>Southey, Robert, 1774-1843</name>
</author>
<editor>Lynda Pratt</editor>
<sponsor>Romantic Circles</sponsor>
<respStmt>
<resp>General Editor, </resp>
<name>Neil Fraistat</name>
</respStmt>
<respStmt>
<resp>General Editor, </resp>
<name>Steven E. Jones</name>
</respStmt>
<respStmt>
<resp>General Editor, </resp>
<name>Carl Stahmer</name>
</respStmt>
<respStmt>
<resp>Technical Editor</resp>
<name>Laura Mandell</name>
</respStmt>
</titleStmt>
<editionStmt>
<edition>
<date>2009-03-15</date>
</edition>
</editionStmt>
<publicationStmt>
<idno type="nines">rce109</idno>
<idno type="edition">letterEEd.26.109</idno>
<publisher>Romantic Circles, http://www.rc.umd.edu, University of Maryland</publisher>
<pubPlace>College Park, MD</pubPlace>
<date when="2009-02-20">March 15, 2009</date>
<availability status="restricted">
<p>Material from the Romantic Circles Website may not be downloaded, reproduced or disseminated in any
												manner without authorization unless it is for purposes of criticism, comment, news reporting,
												teaching, and/or classroom use as provided by the Copyright Act of 1976, as amended.</p>
<p>Unless otherwise noted, all Pages and Resources mounted on Romantic Circles are copyrighted by the
												author/editor and may be shared only in accordance with the Fair Use provisions of U.S. copyright law.
												Except as expressly permitted by this statement, redistribution or republication in any medium
												requires express prior written consent from the author/editors and advance notification of Romantic
												Circles. Any requests for authorization should be forwarded to Romantic Circles:&gt;
												<address>
<addrLine>Romantic Circles</addrLine>
<addrLine>c/o Professor Neil Fraistat</addrLine>
<addrLine>Department of English</addrLine>
<addrLine>University of Maryland</addrLine>
<addrLine>College Park, MD 20742</addrLine>
<addrLine>fraistat@umd.edu</addrLine>
</address>
</p>
<p>By their use of these texts and images, users agree to the following conditions: <list>
<item>These texts and images may not be used for any commercial purpose without prior written
														permission from Romantic Circles.</item>
<item>These texts and images may not be re-distributed in any forms other than their current
														ones.</item>
</list>
</p>
<p>Users are not permitted to download these texts and images in order to mount them on their own servers.
												It is not in our interest or that of our users to have uncontrolled subsets of our holdings available
												elsewhere on the Internet. We make corrections and additions to our edited resources on a continual
												basis, and we want the most current text to be the only one generally available to all Internet users.
												Institutions can, of course, make a link to the copies at Romantic Circles, subject to our conditions
												of use.</p>
</availability>
</publicationStmt>
<sourceDesc>
<p>Harry Ransom Humanities Research Center, University of Texas, Austin.  Previously  published: E. H. Coleridge (ed.), Letters of Samuel Taylor Coleridge, 2 vols (London, 1895), I, pp. 107–108 n. 2 [in part].</p>
<p>These letters were edited with the assistance of Carol Bolton, Tim Fulford and Ian Packer</p>
<p>For permission to publish the text of MSS in their possession, the editor wishes to thank the Beinecke Rare
											Books and Manuscript Library, Yale University; Berg Collection of English and American Literature, The New
											York Public Library, Astor, Lenox and Tilden Foundations; the Bodleian Library Oxford University; the
											British Library; Boston Public Library; the Syndics of Cambridge University Library; the Syndics of the
											Fitzwilliam Museum Cambridge; Haverford College, Connecticut; the Historical Society of Pennsylvania; the
											Hornby Library, Liverpool Libraries and Information Services; the Houghton Library, Harvard University;
											the John Rylands Library, Manchester; the Kenneth Spencer Research Library, University of Kansas; Luton
											Museum (Bedfordshire County Council); Massachusetts Historical Society; McGill University Library; the
											National Library of Scotland; the Newberry Library, Chicago; the New York Public Library (Pforzheimer
											Collections); the Pierpont Morgan Library, New York; the Public Record Offices of Bedford, Suffolk (Bury
											St Edmunds) and Northumberland, the Master and Fellows of Trinity College, Cambridge; the Society of
											Antiquaries of Newcastle upon Tyne; the Trustees of the William Salt Library, Stafford, the Wisbech and
											Fenland Museum; the University of Virginia Library.</p>
<p>A research grant from the British Academy made much of the archival work possible, as did support from the
											English Department of Nottingham Trent University.</p>
</sourceDesc>
</fileDesc>
<encodingDesc>
<editorialDecl>
<quotation>
<p>All quotation marks and apostrophes have been changed: " for “," for ”, ' for ‘, and ' for ’.</p>
</quotation>
<hyphenation eol="none">
<p>Any dashes occurring in line breaks have been removed.</p>
<p>Because of web browser variability, all hyphens have been typed on the U.S. keyboard.</p>
<p>Dashes have been rendered as a variable number of hyphens to give a more exact rendering of their
												length.</p>
</hyphenation>
<normalization method="markup">
<p>Southey's spelling has not been regularized.</p>
<p>Writing in other hands appearing on these manuscripts has been indicated as such, the content recorded
												in brackets.</p>
</normalization>
<normalization>
<p>&amp; has been used for the ampersand sign.</p>
<p>£ has been used for £, the pound sign</p>
<p>All other characters, those with accents, non-breaking spaces, etc., have been encoded in HTML entity
												decimals.</p>
</normalization>
</editorialDecl>
<classDecl>
<taxonomy corresp="http://www.performantsoftware.com/nines_wiki/index.php/Submitting_RDF#.3Cnines:genre.3E" xml:id="g">
<bibl>NINES categories for Genre and Material Form at
												http://www.performantsoftware.com/nines_wiki/index.php/Submitting_RDF#.3Cnines:genre.3E on
												2009-02-26</bibl>
<category xml:id="g1">
<catDesc>Architecture</catDesc>
</category>
<category xml:id="g2">
<catDesc>Artifacts</catDesc>
</category>
<category xml:id="g3">
<catDesc>Bibliography</catDesc>
</category>
<category xml:id="g4">
<catDesc>Collection</catDesc>
</category>
<category xml:id="g5">
<catDesc>Criticism</catDesc>
</category>
<category xml:id="g7">
<catDesc>Letters</catDesc>
</category>
<category xml:id="g6">
<catDesc>Drama</catDesc>
</category>
<category xml:id="g8">
<catDesc>Life Writing</catDesc>
</category>
<category xml:id="g9">
<catDesc>Politics</catDesc>
</category>
<category xml:id="g10">
<catDesc>Folklore</catDesc>
</category>
<category xml:id="g11">
<catDesc>Ephemera</catDesc>
</category>
<category xml:id="g12">
<catDesc>Fiction</catDesc>
</category>
<category xml:id="g13">
<catDesc>History</catDesc>
</category>
<category xml:id="g14">
<catDesc>Leisure</catDesc>
</category>
<category xml:id="g15">
<catDesc>Manuscript</catDesc>
</category>
<category xml:id="g16">
<catDesc>Reference Works</catDesc>
</category>
<category xml:id="g17">
<catDesc>Humor</catDesc>
</category>
<category xml:id="g18">
<catDesc>Education</catDesc>
</category>
<category xml:id="g19">
<catDesc>Music</catDesc>
</category>
<category xml:id="g20">
<catDesc>nonfiction</catDesc>
</category>
<category xml:id="g21">
<catDesc>Paratext</catDesc>
</category>
<category xml:id="g22">
<catDesc>Perodical</catDesc>
</category>
<category xml:id="g23">
<catDesc>Philosphy</catDesc>
</category>
<category xml:id="g24">
<catDesc>Photograph</catDesc>
</category>
<category xml:id="g25">
<catDesc>Citation</catDesc>
</category>
<category xml:id="g26">
<catDesc>Family Life</catDesc>
</category>
<category xml:id="g27">
<catDesc>Poetry</catDesc>
</category>
<category xml:id="g28">
<catDesc>Religion</catDesc>
</category>
<category xml:id="g29">
<catDesc>Review</catDesc>
</category>
<category xml:id="g30">
<catDesc>Visual Art</catDesc>
</category>
<category xml:id="g31">
<catDesc>Translation</catDesc>
</category>
<category xml:id="g32">
<catDesc>Travel</catDesc>
</category>
<category xml:id="g33">
<catDesc>Book History</catDesc>
</category>
<category xml:id="g34">
<catDesc>Law</catDesc>
</category>
</taxonomy>
<taxonomy corresp="http://www.rc.umd.edu/southey_letters/people.xml">
<category xml:id="people">
<catDesc>Southey Letters: Biographies</catDesc>
</category>
</taxonomy>
<taxonomy corresp="http://www.rc.umd.edu/southey_letters/places.xml">
<category xml:id="places">
<catDesc>Southey Letters: Places</catDesc>
</category>
</taxonomy>
</classDecl>
</encodingDesc>
<profileDesc>
<textClass>
<catRef scheme="#genre" target="#g7 #g27"/>
<catRef scheme="#people" target="#EEd.26.1.names"/>
<catRef scheme="#places" target="#EEd.26.1.places"/>
</textClass>
</profileDesc>
<revisionDesc>
<change who="#LM" when="2009-03-10" n="4">
<label>Changed by</label>
<name>Laura Mandell</name>
<list>
<item>XSLT Transforming</item>
</list>
</change>
<change who="#AB" when="2009-03-02" n="3">
<label>Changed by</label>
<name>Averill Buchanan</name>
<list>
<item>corrections from proofing</item>
</list>
</change>
<change who="#LM" when="2009-02-20" n="2">
<label>Changed by</label>
<name xml:id="LM">Laura Mandell</name>
<list>
<item>XSLT Transforming</item>
</list>
</change>
<change who="#AB" when="2009-02-20" n="1">
<label>Changed by</label>
<name xml:id="AB">Averill Buchanan</name>
<list>
<item>TEI Encoding</item>
</list>
</change>
</revisionDesc>
</teiHeader>
<text>
<body>
<div n="109" type="letter">
<head>109. Robert Southey to Miss Fricker [possibly <ref target="people.html#FrickerSarah">Sarah Fricker</ref>], <date when="1794-10-19">[19 October 1794]</date>
<note place="foot" resp="editors" type="headnote">Address: Miss Fricker/ Redclift Hill/ Bristol.<lb/> Stamped: BATH<lb/>Endorsements: a letter on leaving his aunt, Miss Tyler, his mother’s half sister, with whom he had mostly lived. <hi rend="ital">S.C.</hi>; 1794<lb/>MS: Harry Ransom Humanities Research Center, University of Texas, Austin<lb/>Previously published: E. H. Coleridge (ed.), <title level="m">Letters of Samuel Taylor Coleridge</title>, 2 vols (London, 1895), I, pp. 107–108 n. 2 [in part].</note>
</head>
<lb/>
<epigraph>
<p rend="indent3">		“Amid the pelting of the pityless storm”<note n="1" place="foot" resp="editors">A paraphrase of <title level="m">King Lear</title>, Act 3, scene 4, line 29.</note>
</p>
</epigraph>
<p>Did I Robert Southey — the Apostle of Pantisocracy — depart from the city of Bristol my natal place — at the hour of five in a wet windy evening on the seventeenth of October 1794 wrapt up in my fathers old great coat &amp; my own cogitations. Like old Lear I did not call the elements unkind<note n="2" place="foot" resp="editors">
<title>King Lear</title>, Act 3, scene 2, line 16.</note> — &amp; on I past musing on the lamentable effects of pride &amp; prejudice — retracing all the events of my past life — &amp; looking forward to the days to come with pleasure. three miles from Bristol — an old man of sixty — most royally drunk — laid hold of my arm &amp; beggd we might join company as he was going to Bath. I consented for he wanted assistance &amp; dragged the foul animal thro the dirt wind &amp; rain! he calling &lt;me&gt; his good comrade his companion — fellow traveller &amp; dear friend! blessing God that he had met with a young gentleman after his own heart — &amp; exclaiming what would have become of me if I had not found such a good friend as you! in vain did I attempt to house him on the road — he would cry dont leave me my dear dear friend! I shall die if you leave me. — think of me — with a mind so fully occupied — leading this man nine miles — &amp; had I not led him he would have lain down under a hedge &amp; probably perished.</p>
<p rend="indent1">	I reached not Bath till nine o clock. when the rain pelted me most unmercifully in the face I rejoiced that my friends at Bath knew not where I was — &amp; was once vexed at thinking that you would hear it drive against the window &amp; be sorry for the wayworn travellers. here I am — well — &amp; satisfied with my own conduct.</p>
<p rend="indent1">	I have heard from <ref target="people.html#LovellRobert">Lovell</ref>. his letter contained little more than what he wrote to Bristol. <ref target="people.html#FavellRobert">Favell</ref> goes certainly with us &amp; (I trust) <ref target="people.html#LeGriceSamuel">Le Grice</ref>. I write to them both by this days post.</p>
<p rend="indent1">	my cloaths are arrived. “I will never see his face again — &amp; if he writes will return his letters unopened”. to comment on this would be useless. I feel that strong conviction of rectitude which would make me smile on the rack. the two children<note n="3" place="foot" resp="editors">The MS has an insertion in Sara Coleridge’s hand: ‘<ref target="people.html#SoutheyHenryHerbert">Henry Herbert</ref>, &amp; <ref target="people.html#SoutheyEdward">Ed Southey</ref>.’</note> are to come to Bath on Wednesday evening. I fetch them &amp; meet them at the long coach. so if you be in the Old market about four o clock we may have an hours conversation. I purpose being in Bristol at that hour.</p>
<p rend="indent1">	the crisis is over — things are as they should be. <ref target="people.html#SoutheyMargaret">my Mother</ref> vexes herself much yet feels she is right. hostilities are commenced with America! so we must go to some neutral port. Hambro or Venice.</p>
<p rend="indent1">
<ref target="people.html#Frickerfamily">Your sister</ref> is well — &amp; sends her love to all. on Wednesday I hope to see you. till then farewell.</p>
<closer>
<signed rend="indent5">					Robert Southey.</signed>
</closer>
<postscript>
<p>
<address>
<placeName>Bath.</placeName>
</address>
<date when="1794-10-19"> Sunday morning.</date>
</p>
</postscript>
</div>
</body>
</text>
</TEI>
