<?xml version="1.0" encoding="utf-8"?><TEI xmlns="http://www.tei-c.org/ns/1.0">
<teiHeader>
<fileDesc>
<titleStmt>
<title type="main">The Collected Letters of Robert Southey. Part 1: 1791-1797 </title>
<title type="subordinate">A Romantic Circles Electronic Edition</title>
<author>
<name>Southey, Robert, 1774-1843</name>
</author>
<editor>Lynda Pratt</editor>
<sponsor>Romantic Circles</sponsor>
<respStmt>
<resp>General Editor, </resp>
<name>Neil Fraistat</name>
</respStmt>
<respStmt>
<resp>General Editor, </resp>
<name>Steven E. Jones</name>
</respStmt>
<respStmt>
<resp>General Editor, </resp>
<name>Carl Stahmer</name>
</respStmt>
<respStmt>
<resp>Technical Editor</resp>
<name>Laura Mandell</name>
</respStmt>
</titleStmt>
<editionStmt>
<edition>
<date>2009-03-15</date>
</edition>
</editionStmt>
<publicationStmt>
<idno type="nines">rce114</idno>
<idno type="edition">letterEEd.26.114</idno>
<publisher>Romantic Circles, http://www.rc.umd.edu, University of Maryland</publisher>
<pubPlace>College Park, MD</pubPlace>
<date when="2009-02-20">March 15, 2009</date>
<availability status="restricted">
<p>Material from the Romantic Circles Website may not be downloaded, reproduced or disseminated in any
												manner without authorization unless it is for purposes of criticism, comment, news reporting,
												teaching, and/or classroom use as provided by the Copyright Act of 1976, as amended.</p>
<p>Unless otherwise noted, all Pages and Resources mounted on Romantic Circles are copyrighted by the
												author/editor and may be shared only in accordance with the Fair Use provisions of U.S. copyright law.
												Except as expressly permitted by this statement, redistribution or republication in any medium
												requires express prior written consent from the author/editors and advance notification of Romantic
												Circles. Any requests for authorization should be forwarded to Romantic Circles:&gt;
												<address>
<addrLine>Romantic Circles</addrLine>
<addrLine>c/o Professor Neil Fraistat</addrLine>
<addrLine>Department of English</addrLine>
<addrLine>University of Maryland</addrLine>
<addrLine>College Park, MD 20742</addrLine>
<addrLine>fraistat@umd.edu</addrLine>
</address>
</p>
<p>By their use of these texts and images, users agree to the following conditions: <list>
<item>These texts and images may not be used for any commercial purpose without prior written
														permission from Romantic Circles.</item>
<item>These texts and images may not be re-distributed in any forms other than their current
														ones.</item>
</list>
</p>
<p>Users are not permitted to download these texts and images in order to mount them on their own servers.
												It is not in our interest or that of our users to have uncontrolled subsets of our holdings available
												elsewhere on the Internet. We make corrections and additions to our edited resources on a continual
												basis, and we want the most current text to be the only one generally available to all Internet users.
												Institutions can, of course, make a link to the copies at Romantic Circles, subject to our conditions
												of use.</p>
</availability>
</publicationStmt>
<sourceDesc>
<p>Bodleian Library, MS Eng. Lett. c. 22.  Previously  published: Kenneth Curry (ed.), New Letters of Robert Southey, 2 vols (London and New York, 1965), I, pp. 86–87.</p>
<p>These letters were edited with the assistance of Carol Bolton, Tim Fulford and Ian Packer</p>
<p>For permission to publish the text of MSS in their possession, the editor wishes to thank the Beinecke Rare
											Books and Manuscript Library, Yale University; Berg Collection of English and American Literature, The New
											York Public Library, Astor, Lenox and Tilden Foundations; the Bodleian Library Oxford University; the
											British Library; Boston Public Library; the Syndics of Cambridge University Library; the Syndics of the
											Fitzwilliam Museum Cambridge; Haverford College, Connecticut; the Historical Society of Pennsylvania; the
											Hornby Library, Liverpool Libraries and Information Services; the Houghton Library, Harvard University;
											the John Rylands Library, Manchester; the Kenneth Spencer Research Library, University of Kansas; Luton
											Museum (Bedfordshire County Council); Massachusetts Historical Society; McGill University Library; the
											National Library of Scotland; the Newberry Library, Chicago; the New York Public Library (Pforzheimer
											Collections); the Pierpont Morgan Library, New York; the Public Record Offices of Bedford, Suffolk (Bury
											St Edmunds) and Northumberland, the Master and Fellows of Trinity College, Cambridge; the Society of
											Antiquaries of Newcastle upon Tyne; the Trustees of the William Salt Library, Stafford, the Wisbech and
											Fenland Museum; the University of Virginia Library.</p>
<p>A research grant from the British Academy made much of the archival work possible, as did support from the
											English Department of Nottingham Trent University.</p>
</sourceDesc>
</fileDesc>
<encodingDesc>
<editorialDecl>
<quotation>
<p>All quotation marks and apostrophes have been changed: " for “," for ”, ' for ‘, and ' for ’.</p>
</quotation>
<hyphenation eol="none">
<p>Any dashes occurring in line breaks have been removed.</p>
<p>Because of web browser variability, all hyphens have been typed on the U.S. keyboard.</p>
<p>Dashes have been rendered as a variable number of hyphens to give a more exact rendering of their
												length.</p>
</hyphenation>
<normalization method="markup">
<p>Southey's spelling has not been regularized.</p>
<p>Writing in other hands appearing on these manuscripts has been indicated as such, the content recorded
												in brackets.</p>
</normalization>
<normalization>
<p>&amp; has been used for the ampersand sign.</p>
<p>£ has been used for £, the pound sign</p>
<p>All other characters, those with accents, non-breaking spaces, etc., have been encoded in HTML entity
												decimals.</p>
</normalization>
</editorialDecl>
<classDecl>
<taxonomy corresp="http://www.performantsoftware.com/nines_wiki/index.php/Submitting_RDF#.3Cnines:genre.3E" xml:id="g">
<bibl>NINES categories for Genre and Material Form at
												http://www.performantsoftware.com/nines_wiki/index.php/Submitting_RDF#.3Cnines:genre.3E on
												2009-02-26</bibl>
<category xml:id="g1">
<catDesc>Architecture</catDesc>
</category>
<category xml:id="g2">
<catDesc>Artifacts</catDesc>
</category>
<category xml:id="g3">
<catDesc>Bibliography</catDesc>
</category>
<category xml:id="g4">
<catDesc>Collection</catDesc>
</category>
<category xml:id="g5">
<catDesc>Criticism</catDesc>
</category>
<category xml:id="g7">
<catDesc>Letters</catDesc>
</category>
<category xml:id="g6">
<catDesc>Drama</catDesc>
</category>
<category xml:id="g8">
<catDesc>Life Writing</catDesc>
</category>
<category xml:id="g9">
<catDesc>Politics</catDesc>
</category>
<category xml:id="g10">
<catDesc>Folklore</catDesc>
</category>
<category xml:id="g11">
<catDesc>Ephemera</catDesc>
</category>
<category xml:id="g12">
<catDesc>Fiction</catDesc>
</category>
<category xml:id="g13">
<catDesc>History</catDesc>
</category>
<category xml:id="g14">
<catDesc>Leisure</catDesc>
</category>
<category xml:id="g15">
<catDesc>Manuscript</catDesc>
</category>
<category xml:id="g16">
<catDesc>Reference Works</catDesc>
</category>
<category xml:id="g17">
<catDesc>Humor</catDesc>
</category>
<category xml:id="g18">
<catDesc>Education</catDesc>
</category>
<category xml:id="g19">
<catDesc>Music</catDesc>
</category>
<category xml:id="g20">
<catDesc>nonfiction</catDesc>
</category>
<category xml:id="g21">
<catDesc>Paratext</catDesc>
</category>
<category xml:id="g22">
<catDesc>Perodical</catDesc>
</category>
<category xml:id="g23">
<catDesc>Philosphy</catDesc>
</category>
<category xml:id="g24">
<catDesc>Photograph</catDesc>
</category>
<category xml:id="g25">
<catDesc>Citation</catDesc>
</category>
<category xml:id="g26">
<catDesc>Family Life</catDesc>
</category>
<category xml:id="g27">
<catDesc>Poetry</catDesc>
</category>
<category xml:id="g28">
<catDesc>Religion</catDesc>
</category>
<category xml:id="g29">
<catDesc>Review</catDesc>
</category>
<category xml:id="g30">
<catDesc>Visual Art</catDesc>
</category>
<category xml:id="g31">
<catDesc>Translation</catDesc>
</category>
<category xml:id="g32">
<catDesc>Travel</catDesc>
</category>
<category xml:id="g33">
<catDesc>Book History</catDesc>
</category>
<category xml:id="g34">
<catDesc>Law</catDesc>
</category>
</taxonomy>
<taxonomy corresp="http://www.rc.umd.edu/southey_letters/people.xml">
<category xml:id="people">
<catDesc>Southey Letters: Biographies</catDesc>
</category>
</taxonomy>
<taxonomy corresp="http://www.rc.umd.edu/southey_letters/places.xml">
<category xml:id="places">
<catDesc>Southey Letters: Places</catDesc>
</category>
</taxonomy>
</classDecl>
</encodingDesc>
<profileDesc>
<textClass>
<catRef scheme="#genre" target="#g7 #g27"/>
<catRef scheme="#people" target="#EEd.26.1.names"/>
<catRef scheme="#places" target="#EEd.26.1.places"/>
</textClass>
</profileDesc>
<revisionDesc>
<change who="#LM" when="2009-03-10" n="4">
<label>Changed by</label>
<name>Laura Mandell</name>
<list>
<item>XSLT Transforming</item>
</list>
</change>
<change who="#AB" when="2009-03-02" n="3">
<label>Changed by</label>
<name>Averill Buchanan</name>
<list>
<item>corrections from proofing</item>
</list>
</change>
<change who="#LM" when="2009-02-20" n="2">
<label>Changed by</label>
<name xml:id="LM">Laura Mandell</name>
<list>
<item>XSLT Transforming</item>
</list>
</change>
<change who="#AB" when="2009-02-20" n="1">
<label>Changed by</label>
<name xml:id="AB">Averill Buchanan</name>
<list>
<item>TEI Encoding</item>
</list>
</change>
</revisionDesc>
</teiHeader>
<text>
<body>
<div n="114" type="letter">
<head>114. Robert Southey to <ref target="people.html#BedfordHoraceWalpole">Horace Walpole Bedford</ref>, <date when="1794-11-12">12 November 1794</date>
<note place="foot" resp="editors" type="headnote">Address: H W Bedford Esq/ Palace Yard/ Westminster<lb/>Stamped: BATH<lb/>Postmark: ANO/ 14/ 94<lb/>Watermark: Crown and anchor with G R underneath<lb/>Endorsement: Rec<hi rend="sup">d</hi>. Nov<hi rend="sup">r</hi>. 14<hi rend="sup">th</hi>. 1794<lb/>MS: Bodleian Library, MS Eng. Lett. c. 22<lb/>Previously published: Kenneth Curry (ed.), <title level="m">New Letters of Robert Southey</title>, 2 vols (London and New York, 1965), I, pp. 86–87.</note>
</head>
<p rend="indent1">	There was a time <ref target="people.html#BedfordHoraceWalpole">Horace</ref> when my life was heavy in listlessness — when I lookd forward &amp; all was darkness without one ray to which I might guide my steps. strange alteration! now my soul never rests. in the tumult of emotion I have neglected to thank you for Piers Plowman<note n="1" place="foot" resp="editors">Poem by William Langland (c. 1325–c. 1390; <title level="m">DNB</title>).</note> — or if I did thank you, have forgotten it. I know not. never was individual placed in a situation more important — never did man experience more heart-rending scenes. they are past — the energies of my mind have been all exerted &amp; I look back with astonishment at what they have endured.</p>
<p rend="indent1">	direct to me at Bath. I have been turnd out of doors by <ref target="people.html#TylerElizabeth">my Aunt</ref> — did I tell you of this before? excuse me <ref target="people.html#BedfordHoraceWalpole">Horace</ref> that these things glide from my remembrance — my heart strings have been sadly jarrd. I had depended on <ref target="people.html#SoutheyMargaret">my Mothers</ref> going. <ref target="people.html#FrickerEdith">Ariste</ref> did the same — &amp; <ref target="people.html#Frickerfamily">her mothers</ref> accompanying us depended on that. <ref target="people.html#SoutheyMargaret">my Mother</ref> seemd to change her resolution. Horace the question was — will you abandon all your relations for me — or me for your sisters &amp; mother? whether hell has <del rend="strikethrough">more</del> &lt;keener&gt; agonies in store than that of the half hour I waited an answer I know not. Heaven surely has no higher delight than I experienced at last from the answer &amp; the manner that accompanied it. my head throbs at these recollections. do you wonder that my mind has been agitated? almost to frenzy. but I have past all — &amp; all is again fair.</p>
<p rend="indent1">	Have you read Bowles’s<note n="2" place="foot" resp="editors">William Lisle Bowles (1762–1850; <title level="m">DNB</title>).</note> sonnets? they are most beautiful. I know no poems that ever <del>xxx</del> &lt;went&gt; so much to my heart. Dilly<note n="3" place="foot" resp="editors">The London bookseller, Charles Dilly (1739–1807; <title level="m">DNB</title>).</note> sells them.</p>
<p rend="indent1">	the Retrospect<note n="4" place="foot" resp="editors">‘The Retrospect’ was the opening piece in Southey and Lovell’s <title level="m">Poems</title> (1795).</note> is my best piece. I have mentioned the murmuring brook there. take this <del rend="strikethrough">compos</del> &lt;sonnet&gt; conceived upon its bank.</p>
<p rend="indent4">To a brooklet near Alston.<note n="5" place="foot" resp="editors">The sonnet, revised and retitled ‘To a Brook near the Village of Corston’, was published in Southey’s <title level="m">Poems</title> (1797). For the incident which led to this poem, see Southey to Grosvenor Charles Bedford, 13 April 1794 (Letter 86).</note>
</p>
<lg type="stanza">
<l rend="indent2">As thus I bend me oer thy babb&lt;l&gt;ing stream</l>
<l rend="indent3">	And watch thy current, Memory’s hand pourtrays</l>
<l rend="indent3">	The faint-formd scenes of the departed days,</l>
<l rend="indent2">Like the far forest by the moons pale beam</l>
<l rend="indent2">Dimly-descried yet lovely. I have worn</l>
<l rend="indent3">	Upon thy banks the live long hour away</l>
<l rend="indent3">	When sportive childhood wantond thro the day</l>
<l rend="indent2">Joyd at the opening splendor of the morn</l>
<l rend="indent2">Or as the evening darkend heavd the sigh</l>
<l rend="indent3">	Thinks of distant home, as down my cheek</l>
<l rend="indent3">	At the fond thought slow-stealing on would speak</l>
<l rend="indent2">The silent eloquence of the full eye.</l>
<l rend="indent2">Dim are the long past days — yet still they please</l>
<l rend="indent2">As thy soft sounds half heard borne on the inconstant breeze.</l>
</lg>
<p>I write many sonnets. tis a delightful stile of writing.</p>
<p rend="indent1">	I shall write to <ref target="people.html#BedfordGrosvenorCharles">Grosvenor</ref> very soon.</p>
<p rend="indent1">	linen drying at the fire! one person clear starching — one ironing — &amp; one reading aloud in the room. blessed scene to write in! oh for my transatlantic log house!</p>
<p rend="indent1">	I am in hourly expectation of <ref target="people.html#ColeridgeSamuelTaylor">Coleridge</ref>, a man most worthy of all esteem &amp; love. my heavy heart joys in the hope of seeing him.</p>
<p rend="indent1">
<ref target="people.html#BedfordHoraceWalpole">Horace</ref> I am loth to leave you in England. the storm is gathering &amp; must soon break. will you not follow us? I want sadly to converse with you. I must see you. but how to quit the circle where I dispense a gaiety &amp; happiness which I cannot feel! yet I will soon come to London. you shall soon see me. in the interim write. my heart feels very warmly towards you. next March! would to God I were arrived. I will convince you that it is my duty to emigrate when we meet. but what is your duty? tis a question I cannot answer.</p>
<p rend="indent1">	farewell. remember me to your parents. they have been very friendly to me &amp; my heart never forgets the kindnesses it has received. to <ref target="people.html#BedfordHenry">Harry</ref> too. would he were my brother — I love that boy with astonishment — what a Pantisocrat he would make. an aristocrat<del rend="strikethrough">ic</del>! an engineer! — oh what a mind to be oerthrown!</p>
<closer>
<signed rend="indent8">						Robert Southey.</signed>
</closer>
<postscript>
<p>
<address>
<placeName>Westgate Buildings.</placeName>
</address>
<date when="1794-11-12"> Nov. 12<hi rend="sup">th</hi>. 1794</date>
</p>
<p>omit the Esq<hi rend="sup">r</hi> — or M<hi rend="sup">r</hi>. direct to plain RS. I put Esq<hi rend="sup">r</hi> to please you please me by omitting it.</p>
</postscript>
</div>
</body>
</text>
</TEI>
