<?xml version="1.0" encoding="utf-8"?><TEI xmlns="http://www.tei-c.org/ns/1.0">
<teiHeader>
<fileDesc>
<titleStmt>
<title type="main">The Collected Letters of Robert Southey. Part 1: 1791-1797 </title>
<title type="subordinate">A Romantic Circles Electronic Edition</title>
<author>
<name>Southey, Robert, 1774-1843</name>
</author>
<editor>Lynda Pratt</editor>
<sponsor>Romantic Circles</sponsor>
<respStmt>
<resp>General Editor, </resp>
<name>Neil Fraistat</name>
</respStmt>
<respStmt>
<resp>General Editor, </resp>
<name>Steven E. Jones</name>
</respStmt>
<respStmt>
<resp>General Editor, </resp>
<name>Carl Stahmer</name>
</respStmt>
<respStmt>
<resp>Technical Editor</resp>
<name>Laura Mandell</name>
</respStmt>
</titleStmt>
<editionStmt>
<edition>
<date>2009-03-15</date>
</edition>
</editionStmt>
<publicationStmt>
<idno type="nines">rce121</idno>
<idno type="edition">letterEEd.26.121</idno>
<publisher>Romantic Circles, http://www.rc.umd.edu, University of Maryland</publisher>
<pubPlace>College Park, MD</pubPlace>
<date when="2009-02-20">March 15, 2009</date>
<availability status="restricted">
<p>Material from the Romantic Circles Website may not be downloaded, reproduced or disseminated in any
												manner without authorization unless it is for purposes of criticism, comment, news reporting,
												teaching, and/or classroom use as provided by the Copyright Act of 1976, as amended.</p>
<p>Unless otherwise noted, all Pages and Resources mounted on Romantic Circles are copyrighted by the
												author/editor and may be shared only in accordance with the Fair Use provisions of U.S. copyright law.
												Except as expressly permitted by this statement, redistribution or republication in any medium
												requires express prior written consent from the author/editors and advance notification of Romantic
												Circles. Any requests for authorization should be forwarded to Romantic Circles:&gt;
												<address>
<addrLine>Romantic Circles</addrLine>
<addrLine>c/o Professor Neil Fraistat</addrLine>
<addrLine>Department of English</addrLine>
<addrLine>University of Maryland</addrLine>
<addrLine>College Park, MD 20742</addrLine>
<addrLine>fraistat@umd.edu</addrLine>
</address>
</p>
<p>By their use of these texts and images, users agree to the following conditions: <list>
<item>These texts and images may not be used for any commercial purpose without prior written
														permission from Romantic Circles.</item>
<item>These texts and images may not be re-distributed in any forms other than their current
														ones.</item>
</list>
</p>
<p>Users are not permitted to download these texts and images in order to mount them on their own servers.
												It is not in our interest or that of our users to have uncontrolled subsets of our holdings available
												elsewhere on the Internet. We make corrections and additions to our edited resources on a continual
												basis, and we want the most current text to be the only one generally available to all Internet users.
												Institutions can, of course, make a link to the copies at Romantic Circles, subject to our conditions
												of use.</p>
</availability>
</publicationStmt>
<sourceDesc>
<p>Harry
                        Ransom Humanities Research Center, University of Texas, Austin
                        .  Previously  published: E. L. Griggs (ed.), Collected letters
                            of Samuel Taylor Coleridge, 6 vols (Oxford, 1956–1971), I, p.
                        148 n. 2 [in part].Dating note: Dating is from evidence within this
                        letter and others written by Southey and Samuel Taylor Coleridge in January
                        1795. Coleridge was expected to arrive in Bristol on Wednesday 7 January and
                        this letter is written on Friday 9 January, by which time he had still not
                        appeared. Southey left Bath on Saturday 10 January, arriving in London the
                        following day.</p>
<p>These letters were edited with the assistance of Carol Bolton, Tim Fulford and Ian Packer</p>
<p>For permission to publish the text of MSS in their possession, the editor wishes to thank the Beinecke Rare
											Books and Manuscript Library, Yale University; Berg Collection of English and American Literature, The New
											York Public Library, Astor, Lenox and Tilden Foundations; the Bodleian Library Oxford University; the
											British Library; Boston Public Library; the Syndics of Cambridge University Library; the Syndics of the
											Fitzwilliam Museum Cambridge; Haverford College, Connecticut; the Historical Society of Pennsylvania; the
											Hornby Library, Liverpool Libraries and Information Services; the Houghton Library, Harvard University;
											the John Rylands Library, Manchester; the Kenneth Spencer Research Library, University of Kansas; Luton
											Museum (Bedfordshire County Council); Massachusetts Historical Society; McGill University Library; the
											National Library of Scotland; the Newberry Library, Chicago; the New York Public Library (Pforzheimer
											Collections); the Pierpont Morgan Library, New York; the Public Record Offices of Bedford, Suffolk (Bury
											St Edmunds) and Northumberland, the Master and Fellows of Trinity College, Cambridge; the Society of
											Antiquaries of Newcastle upon Tyne; the Trustees of the William Salt Library, Stafford, the Wisbech and
											Fenland Museum; the University of Virginia Library.</p>
<p>A research grant from the British Academy made much of the archival work possible, as did support from the
											English Department of Nottingham Trent University.</p>
</sourceDesc>
</fileDesc>
<encodingDesc>
<editorialDecl>
<quotation>
<p>All quotation marks and apostrophes have been changed: " for “," for ”, ' for ‘, and ' for ’.</p>
</quotation>
<hyphenation eol="none">
<p>Any dashes occurring in line breaks have been removed.</p>
<p>Because of web browser variability, all hyphens have been typed on the U.S. keyboard.</p>
<p>Dashes have been rendered as a variable number of hyphens to give a more exact rendering of their
												length.</p>
</hyphenation>
<normalization method="markup">
<p>Southey's spelling has not been regularized.</p>
<p>Writing in other hands appearing on these manuscripts has been indicated as such, the content recorded
												in brackets.</p>
</normalization>
<normalization>
<p>&amp; has been used for the ampersand sign.</p>
<p>£ has been used for £, the pound sign</p>
<p>All other characters, those with accents, non-breaking spaces, etc., have been encoded in HTML entity
												decimals.</p>
</normalization>
</editorialDecl>
<classDecl>
<taxonomy corresp="http://www.performantsoftware.com/nines_wiki/index.php/Submitting_RDF#.3Cnines:genre.3E" xml:id="g">
<bibl>NINES categories for Genre and Material Form at
												http://www.performantsoftware.com/nines_wiki/index.php/Submitting_RDF#.3Cnines:genre.3E on
												2009-02-26</bibl>
<category xml:id="g1">
<catDesc>Architecture</catDesc>
</category>
<category xml:id="g2">
<catDesc>Artifacts</catDesc>
</category>
<category xml:id="g3">
<catDesc>Bibliography</catDesc>
</category>
<category xml:id="g4">
<catDesc>Collection</catDesc>
</category>
<category xml:id="g5">
<catDesc>Criticism</catDesc>
</category>
<category xml:id="g7">
<catDesc>Letters</catDesc>
</category>
<category xml:id="g6">
<catDesc>Drama</catDesc>
</category>
<category xml:id="g8">
<catDesc>Life Writing</catDesc>
</category>
<category xml:id="g9">
<catDesc>Politics</catDesc>
</category>
<category xml:id="g10">
<catDesc>Folklore</catDesc>
</category>
<category xml:id="g11">
<catDesc>Ephemera</catDesc>
</category>
<category xml:id="g12">
<catDesc>Fiction</catDesc>
</category>
<category xml:id="g13">
<catDesc>History</catDesc>
</category>
<category xml:id="g14">
<catDesc>Leisure</catDesc>
</category>
<category xml:id="g15">
<catDesc>Manuscript</catDesc>
</category>
<category xml:id="g16">
<catDesc>Reference Works</catDesc>
</category>
<category xml:id="g17">
<catDesc>Humor</catDesc>
</category>
<category xml:id="g18">
<catDesc>Education</catDesc>
</category>
<category xml:id="g19">
<catDesc>Music</catDesc>
</category>
<category xml:id="g20">
<catDesc>nonfiction</catDesc>
</category>
<category xml:id="g21">
<catDesc>Paratext</catDesc>
</category>
<category xml:id="g22">
<catDesc>Perodical</catDesc>
</category>
<category xml:id="g23">
<catDesc>Philosphy</catDesc>
</category>
<category xml:id="g24">
<catDesc>Photograph</catDesc>
</category>
<category xml:id="g25">
<catDesc>Citation</catDesc>
</category>
<category xml:id="g26">
<catDesc>Family Life</catDesc>
</category>
<category xml:id="g27">
<catDesc>Poetry</catDesc>
</category>
<category xml:id="g28">
<catDesc>Religion</catDesc>
</category>
<category xml:id="g29">
<catDesc>Review</catDesc>
</category>
<category xml:id="g30">
<catDesc>Visual Art</catDesc>
</category>
<category xml:id="g31">
<catDesc>Translation</catDesc>
</category>
<category xml:id="g32">
<catDesc>Travel</catDesc>
</category>
<category xml:id="g33">
<catDesc>Book History</catDesc>
</category>
<category xml:id="g34">
<catDesc>Law</catDesc>
</category>
</taxonomy>
<taxonomy corresp="http://www.rc.umd.edu/southey_letters/people.xml">
<category xml:id="people">
<catDesc>Southey Letters: Biographies</catDesc>
</category>
</taxonomy>
<taxonomy corresp="http://www.rc.umd.edu/southey_letters/places.xml">
<category xml:id="places">
<catDesc>Southey Letters: Places</catDesc>
</category>
</taxonomy>
</classDecl>
</encodingDesc>
<profileDesc>
<textClass>
<catRef scheme="#genre" target="#g7 #g27"/>
<catRef scheme="#people" target="#EEd.26.1.names"/>
<catRef scheme="#places" target="#EEd.26.1.places"/>
</textClass>
</profileDesc>
<revisionDesc>
<change who="#LM" when="2009-03-10" n="4">
<label>Changed by</label>
<name>Laura Mandell</name>
<list>
<item>XSLT Transforming</item>
</list>
</change>
<change who="#AB" when="2009-03-02" n="3">
<label>Changed by</label>
<name>Averill Buchanan</name>
<list>
<item>corrections from proofing</item>
</list>
</change>
<change who="#LM" when="2009-02-20" n="2">
<label>Changed by</label>
<name xml:id="LM">Laura Mandell</name>
<list>
<item>XSLT Transforming</item>
</list>
</change>
<change who="#AB" when="2009-02-20" n="1">
<label>Changed by</label>
<name xml:id="AB">Averill Buchanan</name>
<list>
<item>TEI Encoding</item>
</list>
</change>
</revisionDesc>
</teiHeader>
<text>
<body>
<div n="121" type="letter">
<head>121. Robert Southey to Miss Fricker [probably <ref target="people.html#FrickerEdith">Edith</ref> or <ref target="people.html#FrickerSarah">Sarah Fricker</ref>], <date when="1795-01-09">[9 January
                        1795]</date>
<note place="foot" resp="editors" type="headnote">Address: Miss
                        Fricker/ Redclift Hill/ Bristol/ Single<lb/> Stamped: BATH<lb/>MS: Harry
                        Ransom Humanities Research Center, University of Texas, Austin<lb/>
                        Previously published: E. L. Griggs (ed.), <title level="m">Collected letters
                            of Samuel Taylor Coleridge</title>, 6 vols (Oxford, 1956–1971), I, p.
                        148 n. 2 [in part].<lb/>Dating note: Dating is from evidence within this
                        letter and others written by Southey and Samuel Taylor Coleridge in January
                        1795. Coleridge was expected to arrive in Bristol on Wednesday 7 January and
                        this letter is written on Friday 9 January, by which time he had still not
                        appeared. Southey left Bath on Saturday 10 January, arriving in London the
                        following day.</note>
</head>
<opener>
<dateline rend="left">
<date when="1795-01-09">Friday night</date> — no <ref target="people.html#ColeridgeSamuelTaylor">Coleridge</ref>!</dateline>
</opener>
<p>I believe I should be very angry were it not for the hope that he has written to
                    Bristol. <ref target="people.html#Frickerfamily">your sister</ref> desired me to
                    let you know when he arrived, &amp; you must attribute these repeated
                    letters to my wish of alleviating suspense as much as possible. you would be
                    disgusted with my hand-writing were I to continue this — so from henceforth I
                    will write no more on so unpleasant an occasion — if he comes you shall know.
                    excuse me for having troubled you so often.</p>
<p rend="indent1"> this state of expectation totally unfits me for any thing. when I
                    attempt to employ myself the first knock at the door wakes all my hopes again
                    &amp; again disappoints them. tis a very unpleasant state — I cannot ask you
                    to write because in hourly hopes of seeing him &amp; then visiting you — so
                    here I am — alone — &amp; without the half-compensation of
                    correspondence.</p>
<p rend="indent1"> the looking glass represents me most melancholy in my sable suit.
                    if my eyes were shut a true methodist parson but their cast is different. I have
                    passed the evening with M<hi rend="sup">rs</hi> Selwood<note n="1" place="foot" resp="editors">Unidentified, an acquaintance of Southey’s in the Bath or
                        Bristol area.</note> — played two rubbers — &amp; quitted an unpleasant
                    company for supper &amp; this unpleasant employment. strange my dear sister
                    that writing to you should be unpleasant! yet so it is — I cannot give pleasure
                    — &amp; to communicate disappointment is hateful. M<hi rend="sup">rs</hi>
                    Selwood goes tomorrow morning — she begs to be rememberd to your sister.
                    remember me likewise — tell her that I found much pleasure in writing to her —
                    but rather abandoned it than would run the risk of fatiguing her. —</p>
<p rend="indent1"> for mercys sake console me here with a letter — I shall have it
                    tomorrow night or Sunday morning — I am so heavy so dull so solitary! this vile
                    expectation unhinges me so lamentably. they laugh at my punctuality — so it is —
                    man delights to ridicule the virtue he does not possess that he may learn to
                    despise the want of it! punctuality — why it is the very prominent feature in my
                    character. I never have been laughed out of principles yet.</p>
<p rend="indent1"> truly I am ashamed to write — &amp; yet think I ought to. tis
                    the last letter. you have <ref target="people.html#Frickerfamily">your
                        sisters</ref> &amp; <ref target="people.html#LovellRobert">Lovell</ref>
                    to cheer you — well — March soon comes &amp; then a fig for care.</p>
<p rend="indent1"> farewell — I am kept in exercise by walking to meet the coaches.
                    did he say Wednesday positively to you? I told you about the middle of the week.
                    why will he ever fix a day if he cannot abide by it. — the quarter boys at
                    Christ Church were the most respectable characters I have met with for they
                    never disappointed me.</p>
<p rend="indent2"> farewell once more</p>
<closer>
<salute rend="indent3"> affectionately yours</salute>
<signed rend="indent4"> Robert Southey.</signed>
</closer>
<postscript>
<p>
<ref target="people.html#SoutheyMargaret">my Mother</ref> is well &amp;
                        never wavers. do you know th[MS torn] I am almost afraid to write to you —
                        since my f[MS torn] letter displeased you. I am a sad hand at turning[MS
                        torn] a neat phrase &amp; rounding a period — plain sincer[MS torn] aim
                        at — &amp; most sincerely do I wish to pleas[MS torn] </p>
</postscript>
</div>
</body>
</text>
</TEI>
