<?xml version="1.0" encoding="utf-8"?><TEI xmlns="http://www.tei-c.org/ns/1.0">
<teiHeader>
<fileDesc>
<titleStmt>
<title type="main">The Collected Letters of Robert Southey. Part 1: 1791-1797 </title>
<title type="subordinate">A Romantic Circles Electronic Edition</title>
<author>
<name>Southey, Robert, 1774-1843</name>
</author>
<editor>Lynda Pratt</editor>
<sponsor>Romantic Circles</sponsor>
<respStmt>
<resp>General Editor, </resp>
<name>Neil Fraistat</name>
</respStmt>
<respStmt>
<resp>General Editor, </resp>
<name>Steven E. Jones</name>
</respStmt>
<respStmt>
<resp>General Editor, </resp>
<name>Carl Stahmer</name>
</respStmt>
<respStmt>
<resp>Technical Editor</resp>
<name>Laura Mandell</name>
</respStmt>
</titleStmt>
<editionStmt>
<edition>
<date>2009-03-15</date>
</edition>
</editionStmt>
<publicationStmt>
<idno type="nines">rce250</idno>
<idno type="edition">letterEEd.26.250</idno>
<publisher>Romantic Circles, http://www.rc.umd.edu, University of Maryland</publisher>
<pubPlace>College Park, MD</pubPlace>
<date when="2009-02-20">March 15, 2009</date>
<availability status="restricted">
<p>Material from the Romantic Circles Website may not be downloaded, reproduced or disseminated in any
												manner without authorization unless it is for purposes of criticism, comment, news reporting,
												teaching, and/or classroom use as provided by the Copyright Act of 1976, as amended.</p>
<p>Unless otherwise noted, all Pages and Resources mounted on Romantic Circles are copyrighted by the
												author/editor and may be shared only in accordance with the Fair Use provisions of U.S. copyright law.
												Except as expressly permitted by this statement, redistribution or republication in any medium
												requires express prior written consent from the author/editors and advance notification of Romantic
												Circles. Any requests for authorization should be forwarded to Romantic Circles:&gt;
												<address>
<addrLine>Romantic Circles</addrLine>
<addrLine>c/o Professor Neil Fraistat</addrLine>
<addrLine>Department of English</addrLine>
<addrLine>University of Maryland</addrLine>
<addrLine>College Park, MD 20742</addrLine>
<addrLine>fraistat@umd.edu</addrLine>
</address>
</p>
<p>By their use of these texts and images, users agree to the following conditions: <list>
<item>These texts and images may not be used for any commercial purpose without prior written
														permission from Romantic Circles.</item>
<item>These texts and images may not be re-distributed in any forms other than their current
														ones.</item>
</list>
</p>
<p>Users are not permitted to download these texts and images in order to mount them on their own servers.
												It is not in our interest or that of our users to have uncontrolled subsets of our holdings available
												elsewhere on the Internet. We make corrections and additions to our edited resources on a continual
												basis, and we want the most current text to be the only one generally available to all Internet users.
												Institutions can, of course, make a link to the copies at Romantic Circles, subject to our conditions
												of use.</p>
</availability>
</publicationStmt>
<sourceDesc>
<p>Robert H. Taylor Collection, Princeton University Library.  Not previously published.</p>
<p>These letters were edited with the assistance of Carol Bolton, Tim Fulford and Ian Packer</p>
<p>For permission to publish the text of MSS in their possession, the editor wishes to thank the Beinecke Rare
											Books and Manuscript Library, Yale University; Berg Collection of English and American Literature, The New
											York Public Library, Astor, Lenox and Tilden Foundations; the Bodleian Library Oxford University; the
											British Library; Boston Public Library; the Syndics of Cambridge University Library; the Syndics of the
											Fitzwilliam Museum Cambridge; Haverford College, Connecticut; the Historical Society of Pennsylvania; the
											Hornby Library, Liverpool Libraries and Information Services; the Houghton Library, Harvard University;
											the John Rylands Library, Manchester; the Kenneth Spencer Research Library, University of Kansas; Luton
											Museum (Bedfordshire County Council); Massachusetts Historical Society; McGill University Library; the
											National Library of Scotland; the Newberry Library, Chicago; the New York Public Library (Pforzheimer
											Collections); the Pierpont Morgan Library, New York; the Public Record Offices of Bedford, Suffolk (Bury
											St Edmunds) and Northumberland, the Master and Fellows of Trinity College, Cambridge; the Society of
											Antiquaries of Newcastle upon Tyne; the Trustees of the William Salt Library, Stafford, the Wisbech and
											Fenland Museum; the University of Virginia Library.</p>
<p>A research grant from the British Academy made much of the archival work possible, as did support from the
											English Department of Nottingham Trent University.</p>
</sourceDesc>
</fileDesc>
<encodingDesc>
<editorialDecl>
<quotation>
<p>All quotation marks and apostrophes have been changed: " for “," for ”, ' for ‘, and ' for ’.</p>
</quotation>
<hyphenation eol="none">
<p>Any dashes occurring in line breaks have been removed.</p>
<p>Because of web browser variability, all hyphens have been typed on the U.S. keyboard.</p>
<p>Dashes have been rendered as a variable number of hyphens to give a more exact rendering of their
												length.</p>
</hyphenation>
<normalization method="markup">
<p>Southey's spelling has not been regularized.</p>
<p>Writing in other hands appearing on these manuscripts has been indicated as such, the content recorded
												in brackets.</p>
</normalization>
<normalization>
<p>&amp; has been used for the ampersand sign.</p>
<p>£ has been used for £, the pound sign</p>
<p>All other characters, those with accents, non-breaking spaces, etc., have been encoded in HTML entity
												decimals.</p>
</normalization>
</editorialDecl>
<classDecl>
<taxonomy corresp="http://www.performantsoftware.com/nines_wiki/index.php/Submitting_RDF#.3Cnines:genre.3E" xml:id="g">
<bibl>NINES categories for Genre and Material Form at
												http://www.performantsoftware.com/nines_wiki/index.php/Submitting_RDF#.3Cnines:genre.3E on
												2009-02-26</bibl>
<category xml:id="g1">
<catDesc>Architecture</catDesc>
</category>
<category xml:id="g2">
<catDesc>Artifacts</catDesc>
</category>
<category xml:id="g3">
<catDesc>Bibliography</catDesc>
</category>
<category xml:id="g4">
<catDesc>Collection</catDesc>
</category>
<category xml:id="g5">
<catDesc>Criticism</catDesc>
</category>
<category xml:id="g7">
<catDesc>Letters</catDesc>
</category>
<category xml:id="g6">
<catDesc>Drama</catDesc>
</category>
<category xml:id="g8">
<catDesc>Life Writing</catDesc>
</category>
<category xml:id="g9">
<catDesc>Politics</catDesc>
</category>
<category xml:id="g10">
<catDesc>Folklore</catDesc>
</category>
<category xml:id="g11">
<catDesc>Ephemera</catDesc>
</category>
<category xml:id="g12">
<catDesc>Fiction</catDesc>
</category>
<category xml:id="g13">
<catDesc>History</catDesc>
</category>
<category xml:id="g14">
<catDesc>Leisure</catDesc>
</category>
<category xml:id="g15">
<catDesc>Manuscript</catDesc>
</category>
<category xml:id="g16">
<catDesc>Reference Works</catDesc>
</category>
<category xml:id="g17">
<catDesc>Humor</catDesc>
</category>
<category xml:id="g18">
<catDesc>Education</catDesc>
</category>
<category xml:id="g19">
<catDesc>Music</catDesc>
</category>
<category xml:id="g20">
<catDesc>nonfiction</catDesc>
</category>
<category xml:id="g21">
<catDesc>Paratext</catDesc>
</category>
<category xml:id="g22">
<catDesc>Perodical</catDesc>
</category>
<category xml:id="g23">
<catDesc>Philosphy</catDesc>
</category>
<category xml:id="g24">
<catDesc>Photograph</catDesc>
</category>
<category xml:id="g25">
<catDesc>Citation</catDesc>
</category>
<category xml:id="g26">
<catDesc>Family Life</catDesc>
</category>
<category xml:id="g27">
<catDesc>Poetry</catDesc>
</category>
<category xml:id="g28">
<catDesc>Religion</catDesc>
</category>
<category xml:id="g29">
<catDesc>Review</catDesc>
</category>
<category xml:id="g30">
<catDesc>Visual Art</catDesc>
</category>
<category xml:id="g31">
<catDesc>Translation</catDesc>
</category>
<category xml:id="g32">
<catDesc>Travel</catDesc>
</category>
<category xml:id="g33">
<catDesc>Book History</catDesc>
</category>
<category xml:id="g34">
<catDesc>Law</catDesc>
</category>
</taxonomy>
<taxonomy corresp="http://www.rc.umd.edu/southey_letters/people.xml">
<category xml:id="people">
<catDesc>Southey Letters: Biographies</catDesc>
</category>
</taxonomy>
<taxonomy corresp="http://www.rc.umd.edu/southey_letters/places.xml">
<category xml:id="places">
<catDesc>Southey Letters: Places</catDesc>
</category>
</taxonomy>
</classDecl>
</encodingDesc>
<profileDesc>
<textClass>
<catRef scheme="#genre" target="#g7 #g27"/>
<catRef scheme="#people" target="#EEd.26.1.names"/>
<catRef scheme="#places" target="#EEd.26.1.places"/>
</textClass>
</profileDesc>
<revisionDesc>
<change who="#LM" when="2009-03-10" n="4">
<label>Changed by</label>
<name>Laura Mandell</name>
<list>
<item>XSLT Transforming</item>
</list>
</change>
<change who="#AB" when="2009-03-02" n="3">
<label>Changed by</label>
<name>Averill Buchanan</name>
<list>
<item>corrections from proofing</item>
</list>
</change>
<change who="#LM" when="2009-02-20" n="2">
<label>Changed by</label>
<name xml:id="LM">Laura Mandell</name>
<list>
<item>XSLT Transforming</item>
</list>
</change>
<change who="#AB" when="2009-02-20" n="1">
<label>Changed by</label>
<name xml:id="AB">Averill Buchanan</name>
<list>
<item>TEI Encoding</item>
</list>
</change>
</revisionDesc>
</teiHeader>
<text>
<body>
<div n="250" type="letter">
<head>250. Robert Southey to <ref target="people.html#MayJohn">John May</ref>, <date when="1797-08-24">24 August 1797</date>
<note place="foot" resp="editors" type="headnote">Address: To/ John May Esq<hi rend="sup">r</hi>/ Hale/ near Downton/ Wilts.<lb/> Stamped: RINGWOOD<lb/>Endorsement: N<hi rend="sup">o</hi>. 7./ 1797/ Robert Southey/ Burton 24 Aug./ rec<hi rend="sup">d</hi>: 25 d<hi rend="sup">o</hi>/ ans<hi rend="sup">d</hi>: 27 d<hi rend="sup">o</hi>
<lb/> MS: Robert H. Taylor Collection, Princeton University Library<lb/>Unpublished.</note>
</head>
<opener>
<dateline rend="right">
<address>
<placeName>
<ref target="places.html#Burton">Burton</ref>.</placeName>
</address>
<date when="1797-08-24">Thursday. Aug. 24. 1797</date>
</dateline>
<salute>My dear friend</salute>
</opener>
<p rend="indent2">		After a journey of almost four hundred miles &amp; very great mental anxiety I am once more at rest, with the reward of believing that I have contributed to the happiness of two persons. I can not say that friendship put my exertions in requisition, for my acquaintance with <ref target="people.html#LloydCharles">Charles Lloyd</ref> (whom I accompanied) was slight. one day you shall hear the particulars in conversation — suffice it now to say that he came to me greatly agitated, &amp; uncertain how to act, that the happiness of <ref target="people.html#PembertonSophia">a very excellent young woman</ref> depended upon his conduct, that matters are well arranged — &amp; that he has returned with me to be my guest till in three months I transfer him to her who will then have the best claim.</p>
<p rend="indent1">	We reached this place last night. <ref target="people.html#SoutheyMargaret">my Mother</ref> will be here on Saturday night. I could much wish you to visit us while she is here. you would see a woman whose health Affliction has broken, but whose unalterable sweetness of temper nothing has been able to injure. you would see <ref target="people.html#SoutheyTom">my brother</ref> likewise, who has left his ship. an excellent young man. we met unexpectedly at Bristol on my return. when he had procured his discharge the Lieutenants called him into their room, &amp; offered him collectively &amp; individually certificates that his conduct had been uniformly strictly proper &amp; that the Captain<note n="1" place="foot" resp="editors">Sir Robert Barlow (1757–1843; <title level="m">DNB</title>).</note> had been wholly &amp; solely to blame. Is it in your power to get him rated in some other vessel? he has served four years &amp; a half — &amp; is I believe an excellent sailour. one who knows his duty &amp; performs it is a valuable acquisition to any ship.</p>
<p rend="indent1">	You shall know <ref target="people.html#LambCharles">Lambs</ref> history when we meet. I shall relate it to you with the hope of perhaps benefiting a man, who amid sufferings more intense than usually afflict mankind, has attained a degree of saintly resignation almost more than human. I myself have little knowledge of him; <ref target="people.html#LloydCharles">Lloyd</ref> sought him out &amp; has won his intimacy. he has certainly performed to the utmost every duty of every relation.</p>
<p rend="indent1">	We are situate about ¼ of a mile short of the 8 mile stone from Ringwood. the inn at Christ Church is nearly two miles distant. it is a decent one, &amp; as I have in some part explained how the room destined for your reception became pre-occupied, it were needless to apologize. I shall &lt;have&gt; much pleasure in introducing you to <ref target="people.html#LloydCharles">Charles Lloyd</ref>. men who mean well, &amp; wish to act well ought to know each other, &amp; as you say, if there be but a few Sodom may yet be saved. <note n="2" place="foot" resp="editors">In <title level="m">Genesis</title> 18, God declared that the city of Sodom would be spared if it contained ten righteous men. It did not, and so was destroyed.</note> Of collective efforts, &amp; the elicited wisdom of conversation — I think as little as of the rest of the city-philosophers jargon. but good men encourage each other in goodness &amp; chear the path of life which is somewhat wearying to the best of us.</p>
<p rend="indent1">
<ref target="people.html#ColeridgeSamuelTaylor">Coleridge</ref> derives his chief support from the contributions of his friends, &amp; thro the hands of <ref target="people.html#EstlinJohnPrior">Estlin</ref> of Bristol receives about fifty pounds annually. this as you may suppose can be but little for one who has neither the feelings nor habits of honest independance, &amp; who always indulges himself careless of consequences. some Linendraper is now going to live with him &amp; study one hour a day. ridiculous as this is, it is the most feasible plan he has yet adopted. the man cannot be very hungry after learning who limits himself to one hour a day, &amp; if instead of a tutor &amp; guide he can be satisfied with th[MS torn] most entertaining of — I may say — buffoons — they will do well together. it is not possible to think too highly[MS torn] <ref target="people.html#ColeridgeSamuelTaylor">Coleridges</ref> abilities, or too despicably of him in every other character.</p>
<p rend="indent1">	Have you seen a poem addressed to me by Miss Anna Seward?<note n="3" place="foot" resp="editors">Anna Seward (1747–1809; <title level="m">DNB</title>), ‘Written by Anna Seward, After Reading Southey’s <title level="m">Joan of Arc</title>’ appeared in the <title level="j">Morning Chronicle</title> on 5 August 1797.</note> if not I can much amuse you by it. she applies to my poetry what Milton says of the Pandæmonium chorists.<note n="4" place="foot" resp="editors">John Milton (1608–1674; <title level="m">DNB</title>), <title level="m">Paradise Lost</title> (1667).</note> calls me an unnatural boy, a beardless parricide, &amp; dark of heart; says I cry like a crocodile &amp; bids me laugh like a hyena. — &amp; laugh I did most heartily — &amp; so I think will you at perusing this very delectable poem.</p>
<p rend="indent1">	When shall we see you? <ref target="people.html#FrickerEdith">Edith</ref> desires to be remembered.</p>
<closer>
<salute rend="indent1">	God bless you.</salute>
<signed rend="indent3">			Robert Southey. </signed>
</closer>
</div>
</body>
</text>
</TEI>
