<?xml version="1.0" encoding="utf-8"?><TEI xmlns="http://www.tei-c.org/ns/1.0">
<teiHeader>
<fileDesc>
<titleStmt>
<title type="main">The Collected Letters of Robert Southey. Part 1: 1791-1797 </title>
<title type="subordinate">A Romantic Circles Electronic Edition</title>
<author>
<name>Southey, Robert, 1774-1843</name>
</author>
<editor>Lynda Pratt</editor>
<sponsor>Romantic Circles</sponsor>
<respStmt>
<resp>General Editor, </resp>
<name>Neil Fraistat</name>
</respStmt>
<respStmt>
<resp>General Editor, </resp>
<name>Steven E. Jones</name>
</respStmt>
<respStmt>
<resp>General Editor, </resp>
<name>Carl Stahmer</name>
</respStmt>
<respStmt>
<resp>Technical Editor</resp>
<name>Laura Mandell</name>
</respStmt>
</titleStmt>
<editionStmt>
<edition>
<date>2009-03-15</date>
</edition>
</editionStmt>
<publicationStmt>
<idno type="nines">rce39</idno>
<idno type="edition">letterEEd.26.39</idno>
<publisher>Romantic Circles, http://www.rc.umd.edu, University of Maryland</publisher>
<pubPlace>College Park, MD</pubPlace>
<date when="2009-02-20">March 15, 2009</date>
<availability status="restricted">
<p>Material from the Romantic Circles Website may not be downloaded, reproduced or disseminated in any
												manner without authorization unless it is for purposes of criticism, comment, news reporting,
												teaching, and/or classroom use as provided by the Copyright Act of 1976, as amended.</p>
<p>Unless otherwise noted, all Pages and Resources mounted on Romantic Circles are copyrighted by the
												author/editor and may be shared only in accordance with the Fair Use provisions of U.S. copyright law.
												Except as expressly permitted by this statement, redistribution or republication in any medium
												requires express prior written consent from the author/editors and advance notification of Romantic
												Circles. Any requests for authorization should be forwarded to Romantic Circles:&gt;
												<address>
<addrLine>Romantic Circles</addrLine>
<addrLine>c/o Professor Neil Fraistat</addrLine>
<addrLine>Department of English</addrLine>
<addrLine>University of Maryland</addrLine>
<addrLine>College Park, MD 20742</addrLine>
<addrLine>fraistat@umd.edu</addrLine>
</address>
</p>
<p>By their use of these texts and images, users agree to the following conditions: <list>
<item>These texts and images may not be used for any commercial purpose without prior written
														permission from Romantic Circles.</item>
<item>These texts and images may not be re-distributed in any forms other than their current
														ones.</item>
</list>
</p>
<p>Users are not permitted to download these texts and images in order to mount them on their own servers.
												It is not in our interest or that of our users to have uncontrolled subsets of our holdings available
												elsewhere on the Internet. We make corrections and additions to our edited resources on a continual
												basis, and we want the most current text to be the only one generally available to all Internet users.
												Institutions can, of course, make a link to the copies at Romantic Circles, subject to our conditions
												of use.</p>
</availability>
</publicationStmt>
<sourceDesc>
<p>.  Previously  published: Roland Baughman,
                        ‘Southey the Schoolboy’, Huntington Library
                            Quarterly, 7 (1944), 266–269 [verse section in part; prose in
                        full; where it is dated 13 January 1793].</p>
<p>These letters were edited with the assistance of Carol Bolton, Tim Fulford and Ian Packer</p>
<p>For permission to publish the text of MSS in their possession, the editor wishes to thank the Beinecke Rare
											Books and Manuscript Library, Yale University; Berg Collection of English and American Literature, The New
											York Public Library, Astor, Lenox and Tilden Foundations; the Bodleian Library Oxford University; the
											British Library; Boston Public Library; the Syndics of Cambridge University Library; the Syndics of the
											Fitzwilliam Museum Cambridge; Haverford College, Connecticut; the Historical Society of Pennsylvania; the
											Hornby Library, Liverpool Libraries and Information Services; the Houghton Library, Harvard University;
											the John Rylands Library, Manchester; the Kenneth Spencer Research Library, University of Kansas; Luton
											Museum (Bedfordshire County Council); Massachusetts Historical Society; McGill University Library; the
											National Library of Scotland; the Newberry Library, Chicago; the New York Public Library (Pforzheimer
											Collections); the Pierpont Morgan Library, New York; the Public Record Offices of Bedford, Suffolk (Bury
											St Edmunds) and Northumberland, the Master and Fellows of Trinity College, Cambridge; the Society of
											Antiquaries of Newcastle upon Tyne; the Trustees of the William Salt Library, Stafford, the Wisbech and
											Fenland Museum; the University of Virginia Library.</p>
<p>A research grant from the British Academy made much of the archival work possible, as did support from the
											English Department of Nottingham Trent University.</p>
</sourceDesc>
</fileDesc>
<encodingDesc>
<editorialDecl>
<quotation>
<p>All quotation marks and apostrophes have been changed: " for “," for ”, ' for ‘, and ' for ’.</p>
</quotation>
<hyphenation eol="none">
<p>Any dashes occurring in line breaks have been removed.</p>
<p>Because of web browser variability, all hyphens have been typed on the U.S. keyboard.</p>
<p>Dashes have been rendered as a variable number of hyphens to give a more exact rendering of their
												length.</p>
</hyphenation>
<normalization method="markup">
<p>Southey's spelling has not been regularized.</p>
<p>Writing in other hands appearing on these manuscripts has been indicated as such, the content recorded
												in brackets.</p>
</normalization>
<normalization>
<p>&amp; has been used for the ampersand sign.</p>
<p>£ has been used for £, the pound sign</p>
<p>All other characters, those with accents, non-breaking spaces, etc., have been encoded in HTML entity
												decimals.</p>
</normalization>
</editorialDecl>
<classDecl>
<taxonomy corresp="http://www.performantsoftware.com/nines_wiki/index.php/Submitting_RDF#.3Cnines:genre.3E" xml:id="g">
<bibl>NINES categories for Genre and Material Form at
												http://www.performantsoftware.com/nines_wiki/index.php/Submitting_RDF#.3Cnines:genre.3E on
												2009-02-26</bibl>
<category xml:id="g1">
<catDesc>Architecture</catDesc>
</category>
<category xml:id="g2">
<catDesc>Artifacts</catDesc>
</category>
<category xml:id="g3">
<catDesc>Bibliography</catDesc>
</category>
<category xml:id="g4">
<catDesc>Collection</catDesc>
</category>
<category xml:id="g5">
<catDesc>Criticism</catDesc>
</category>
<category xml:id="g7">
<catDesc>Letters</catDesc>
</category>
<category xml:id="g6">
<catDesc>Drama</catDesc>
</category>
<category xml:id="g8">
<catDesc>Life Writing</catDesc>
</category>
<category xml:id="g9">
<catDesc>Politics</catDesc>
</category>
<category xml:id="g10">
<catDesc>Folklore</catDesc>
</category>
<category xml:id="g11">
<catDesc>Ephemera</catDesc>
</category>
<category xml:id="g12">
<catDesc>Fiction</catDesc>
</category>
<category xml:id="g13">
<catDesc>History</catDesc>
</category>
<category xml:id="g14">
<catDesc>Leisure</catDesc>
</category>
<category xml:id="g15">
<catDesc>Manuscript</catDesc>
</category>
<category xml:id="g16">
<catDesc>Reference Works</catDesc>
</category>
<category xml:id="g17">
<catDesc>Humor</catDesc>
</category>
<category xml:id="g18">
<catDesc>Education</catDesc>
</category>
<category xml:id="g19">
<catDesc>Music</catDesc>
</category>
<category xml:id="g20">
<catDesc>nonfiction</catDesc>
</category>
<category xml:id="g21">
<catDesc>Paratext</catDesc>
</category>
<category xml:id="g22">
<catDesc>Perodical</catDesc>
</category>
<category xml:id="g23">
<catDesc>Philosphy</catDesc>
</category>
<category xml:id="g24">
<catDesc>Photograph</catDesc>
</category>
<category xml:id="g25">
<catDesc>Citation</catDesc>
</category>
<category xml:id="g26">
<catDesc>Family Life</catDesc>
</category>
<category xml:id="g27">
<catDesc>Poetry</catDesc>
</category>
<category xml:id="g28">
<catDesc>Religion</catDesc>
</category>
<category xml:id="g29">
<catDesc>Review</catDesc>
</category>
<category xml:id="g30">
<catDesc>Visual Art</catDesc>
</category>
<category xml:id="g31">
<catDesc>Translation</catDesc>
</category>
<category xml:id="g32">
<catDesc>Travel</catDesc>
</category>
<category xml:id="g33">
<catDesc>Book History</catDesc>
</category>
<category xml:id="g34">
<catDesc>Law</catDesc>
</category>
</taxonomy>
<taxonomy corresp="http://www.rc.umd.edu/southey_letters/people.xml">
<category xml:id="people">
<catDesc>Southey Letters: Biographies</catDesc>
</category>
</taxonomy>
<taxonomy corresp="http://www.rc.umd.edu/southey_letters/places.xml">
<category xml:id="places">
<catDesc>Southey Letters: Places</catDesc>
</category>
</taxonomy>
</classDecl>
</encodingDesc>
<profileDesc>
<textClass>
<catRef scheme="#genre" target="#g7 #g27"/>
<catRef scheme="#people" target="#EEd.26.1.names"/>
<catRef scheme="#places" target="#EEd.26.1.places"/>
</textClass>
</profileDesc>
<revisionDesc>
<change who="#LM" when="2009-03-10" n="4">
<label>Changed by</label>
<name>Laura Mandell</name>
<list>
<item>XSLT Transforming</item>
</list>
</change>
<change who="#AB" when="2009-03-02" n="3">
<label>Changed by</label>
<name>Averill Buchanan</name>
<list>
<item>corrections from proofing</item>
</list>
</change>
<change who="#LM" when="2009-02-20" n="2">
<label>Changed by</label>
<name xml:id="LM">Laura Mandell</name>
<list>
<item>XSLT Transforming</item>
</list>
</change>
<change who="#AB" when="2009-02-20" n="1">
<label>Changed by</label>
<name xml:id="AB">Averill Buchanan</name>
<list>
<item>TEI Encoding</item>
</list>
</change>
</revisionDesc>
</teiHeader>
<text>
<body>
<div n="39" type="letter">
<head>39. Robert Southey to <ref target="people.html#CollinsCharles">Charles
                        Collins</ref>, <date when="1792-01-12">12 [–13] January [1793]</date>
<note place="foot" resp="editors" type="headnote">Address: Charles Collins Esq<hi rend="sup">re</hi>/ Maize Hill/ Greenwich/ near/ London/ Single
                        Sheet<lb/>Stamped: BRISTOL<lb/>Postmark: JA/ 14/ 93<lb/>Seal: [partial]
                        Black wax, design obscured<lb/>Endorsement: — Not answered —<lb/>MS:
                        Huntington Library, HM 44800<lb/>Previously published: Roland Baughman,
                        ‘Southey the Schoolboy’, <title level="j">Huntington Library
                            Quarterly</title>, 7 (1944), 266–269 [verse section in part; prose in
                        full; where it is dated 13 January 1793].</note>
</head>
<opener>
<dateline rend="left">
<date>Saturday. Jan<hi rend="sup">y</hi> 12.</date>
<time>7 in the evening.</time>
<address>
<placeName>
<ref target="places.html#CollegeGreenBristol">Bristol.</ref>
</placeName>
</address>
</dateline>
</opener>
<p rend="indent7"> 1</p>
<lg type="stanza">
<l rend="indent3">Farewell to Westminster — my friend is gone</l>
<l rend="indent4"> The bands that held me once so close — no more.</l>
<l rend="indent3">Shivering at morn no more I wait for John<note n="1" place="foot" resp="editors">Possibly a reference to the ringing of a
                            bell. The bell tower at Westminster Abbey (next door to Westminster
                            School) contained a bell dedicated to ‘John Whitmell’ and his family,
                            and Southey could be referring to this.</note>
</l>
<l rend="indent4"> At stated hour to send me to my lore.</l>
<l rend="indent3">Farewell the seat of Pedantry &amp; Pride</l>
<l rend="indent4"> Where well-wiggd Folly fills the elbowd chair</l>
<l rend="indent4"> Where stern Intolerance glows with monstrous stare</l>
<l rend="indent3">Wrapt in himself &amp; scorns the world beside</l>
<l rend="indent2"> Farewell to impositions &amp; the rod</l>
<l rend="indent2"> Farewell Constraint &amp; Shame — Falshood farewell
                        &amp; <ref target="people.html#DoddJamesWilliam">Dodd</ref>
</l>
</lg>
<lb/>
<p rend="indent7"> 2</p>
<lg type="stanza">
<l rend="indent3">When Persecution erst upreard the cry</l>
<l rend="indent4"> Devils &amp; Doctors set their wits gainst me</l>
<l rend="indent3">When Bishops sage cried out on Blasphemy</l>
<l rend="indent4"> And met in council issued their decree.</l>
<l rend="indent3">When stern Injustice calld the aid of Law</l>
<l rend="indent4">
<ref target="people.html#VincentWilliam">Vincent</ref> stoopd down <del rend="strikethrough">with</del> league with <ref target="people.html#EgertonThomasJohn">Egerton</ref>
</l>
<l rend="indent4"> And Fraud &amp; Force bid luckless me be gone</l>
<l rend="indent3">Whilst Prosecution strove to strike with awe</l>
<l rend="indent2"> Poor I could do no more than grow resignd</l>
<l rend="indent2"> I went — but left my friends my better part behind</l>
</lg>
<lb/>
<p rend="indent7"> 3</p>
<lg type="stanza">
<l rend="indent3">Those friends are gone — broke is the scanty chain</l>
<l rend="indent4"> That linkd me where I learnt to suffer wrong.</l>
<l rend="indent3">
<ref target="people.html#CombeEdward">Combe</ref>
<ref target="people.html#LambThomasDavis">Lamb</ref> — depart &amp; <ref target="people.html#CollinsCharles">you</ref> alone remain</l>
<l rend="indent4"> A little while — then quit the unheeded throng</l>
<l rend="indent3">Farewell to Westminster. yet still my soul</l>
<l rend="indent4"> Parts with reluctance from the scene belovd</l>
<l rend="indent4"> Where every bliss of social joy I provd</l>
<l rend="indent3">Where wont the weeks &amp; months unheeded roll</l>
<l rend="indent2"> Where oft Injustice’ power I wont defy</l>
<l rend="indent2"> For <ref target="people.html#DoddJamesWilliam">Dodd</ref> was
                        oft unjust &amp; oft rebellious I.</l>
</lg>
<lb/>
<p rend="indent7"> 4</p>
<lg type="stanza">
<l rend="indent3">The stolen walk — the secret porter pot</l>
<l rend="indent4"> The exercise for supper laid aside</l>
<l rend="indent3">The pudding with such care &amp; trouble got</l>
<l rend="indent4"> Made with such pains &amp; eaten with such pride —</l>
<l rend="indent3">The noise I us’d to make but never hear</l>
<l rend="indent4"> The wise precaution of the bolted door</l>
<l rend="indent4"> These days are past — these occupations oer</l>
<l rend="indent3">Absent far absent every scene so dear</l>
<l rend="indent2"> Early I rise nor wish to go astray </l>
<l rend="indent2"> When least commanded still the most disposd to obey.</l>
</lg>
<lb/>
<p rend="indent7"> 5</p>
<lg type="stanza">
<l rend="indent3">Soon shall we meet — ere yet with beard all hoar</l>
<l rend="indent4"> Gemmd with the crystals of the chilly year</l>
<l rend="indent3">Old February comes with snow white oer</l>
<l rend="indent4"> And eye distilling down the humid tear —</l>
<l rend="indent3">To other seats of classic lore we go</l>
<l rend="indent4"> Seats that high-mounted on her mouldring throne</l>
<l rend="indent4"> Mist clad Antiquity still calls her own</l>
<l rend="indent3">More liberal then are these? more wise? ah no</l>
<l rend="indent2"> For Precedent his chains oer Genius flings</l>
<l rend="indent2"> And Pedantry binds down &amp; Custom clips his wings</l>
</lg>
<lb/>
<p rend="indent7"> 6</p>
<lg type="stanza">
<l rend="indent3">Long while in monkish cowl &amp; amis clad</l>
<l rend="indent4"> Had Ignorance maintaind despotic reign</l>
<l rend="indent3">Barbarian Pride &amp; brutal Courage bad</l>
<l rend="indent4"> And Slaughters ills disgracd all England plain</l>
<l rend="indent3">True the bold Minstrel felt the kindling glow</l>
<l rend="indent4"> Of native genius full pervade his frame</l>
<l rend="indent4"> Wild Inspiration caught the glorious flame</l>
<l rend="indent3">And bid in Valors praise the numbers flow</l>
<l rend="indent2"> Amid the trophied hall he struck the lyre</l>
<l rend="indent2"> But with the parent Bard the unwritten strains expire.</l>
</lg>
<lb/>
<p rend="indent7"> 7</p>
<lg type="stanza">
<l rend="indent3">The savage forests of the fruitful North</l>
<l rend="indent4"> Pregnant with future Empires destind seeds</l>
<l rend="indent3">Pourd oer this isle her pirate offspring forth.</l>
<l rend="indent4"> Blood marks its path as on the storm proceeds.</l>
<l rend="indent3">The sacred abbeys walls no more reverd</l>
<l rend="indent4"> Reverd no more the heavn-devoted maid</l>
<l rend="indent4"> Heaven listless sees nor lends the savior aid</l>
<l rend="indent3">Destruction round with reeking jaws appeard</l>
<l rend="indent2"> Aloft supreme the rav’nous raven flies</l>
<l rend="indent2"> Nor England dares resist — for who opposed dies.</l>
</lg>
<lb/>
<p rend="indent7"> 8</p>
<lg type="stanza">
<l rend="indent3">Oddune<note n="2" place="foot" resp="editors">Oddune, Earl of
                            Devonshire at the time of Alfred the Great’s exile on the Isle of
                            Athelney and a symbol of continuing English resistance to Danish
                            invaders. He defeated the Danish leader, Hubba, and captured his
                            ‘enchanted’ raven standard. See David Hume, <title level="m">The History
                                of England, From the Invasion of Julius Caesar to the Accession of
                                Henry VII</title>, 2 vols (London, 1762), I, p. 57.</note> alone
                        amid the sedge grown isle</l>
<l rend="indent4"> Graspt in despair his blood-yrusted arms</l>
<l rend="indent3">He mournd the monarch lost nor knew the while</l>
<l rend="indent4"> Where hid an Alfred<note n="3" place="foot" resp="editors">Alfred the Great (848/9–899; reigned 871–899; <title level="m">DNB</title>), King of Wessex and of the Anglo-Saxons.</note> from
                        the wars alarms —</l>
<l rend="indent3">But weak the covering of the peasants dress</l>
<l rend="indent4"> The rustic labor or the smoaky cot</l>
<l rend="indent4"> His friends his subjects are not yet forgot</l>
<l rend="indent3">Nor feels he for his country’s woes the less</l>
<l rend="indent2"> He grasps the harp the hostile tents among</l>
<l rend="indent2"> With piercing eye he goes &amp; pours the tide of
                        song.</l>
</lg>
<lb/>
<p rend="indent7"> 9</p>
<lg type="stanza">
<l rend="indent3">Stript of the covering — stern the King appears —</l>
<l rend="indent4"> Flows thro the festive camp the sanguine flood</l>
<l rend="indent3">The proud Dane dies ere <del rend="strikethrough">kno</del>
                        conscious why he fears</l>
<l rend="indent4"> Drenchd are the Ravens plumes in Danish blood</l>
<l rend="indent3">The feast of Slaughter &amp; of Fame is oer</l>
<l rend="indent4"> And Alfred turns to more ennobling deeds</l>
<l rend="indent4"> His daring pland the glorious plan areeds</l>
<l rend="indent3">And bids the fabric rise of future lore</l>
<l rend="indent2"> On Isis’ banks he bids the pile arise</l>
<l rend="indent2"> And (how unlike a King!) wishd all his subjects wise.</l>
</lg>
<lb/>
<p rend="indent7"> 10</p>
<lg>
<l rend="indent3">Great Alfred died — &amp; Ignorance again</l>
<l rend="indent4"> Seizd on unhappy Albions state still faint</l>
<l rend="indent3">Beneath the lustful Edgars<note n="4" place="foot" resp="editors">Edgar (943–975; reigned 959–975; <title level="m">DNB</title>), patron of St Dunstan, Archbishop of Canterbury.
                            Southey’s description of his ‘lustful’ nature is drawn from David Hume,
                                <title level="m">The History of England, From the Invasion of Julius
                                Caesar to the Accession of Henry VII</title>, 2 vols (London, 1762),
                            I, pp. 85–86.</note> pious reign</l>
<l rend="indent4"> And him whom Apathy enrolld a saint.<note n="5" place="foot" resp="editors">Edward the Confessor (c. 1005–1066; reigned 1042–1066;
                                <title level="m">DNB</title>). He was canonized by Pope Alexander
                            III in 1161.</note>
</l>
<l rend="indent3">The Bastard<note n="6" place="foot" resp="editors">William I,
                            the Conqueror (1027/8–1087; reigned 1066–1087; <title level="m">DNB</title>), nicknamed the ‘Bastard’, as he was the illegitimate
                            son of Robert the Magnificent, Duke of Normandy (1000-1035).</note>
                        comes — the bold bad man succeeds</l>
<l rend="indent4"> Stern browd Oppression stretchd his iron sway</l>
<l rend="indent4"> The chieftains fall the vassal race obey</l>
<l rend="indent3">Science but languishes when Freedom bleeds</l>
<l rend="indent2"> Oer Europe spreads Devotions mad alarms</l>
<l rend="indent2"> The frantic Hermit<note n="7" place="foot" resp="editors">Peter the Hermit (d. 1115), a key figure in preaching the first
                            crusade.</note> calls &amp; Europe flies to arms</l>
</lg>
<lb/>
<p rend="indent7"> 11</p>
<lg type="stanza">
<l rend="indent3">Long time had Oxford slowly drudgd along</l>
<l rend="indent4"> Oer holy fathers &amp; the comments wise</l>
<l rend="indent3">And schoolmen livd in leading others wrong</l>
<l rend="indent4"> And Popes bid Reason see with Peters eyes</l>
<l rend="indent3">To rear the second seat of mystic lore</l>
<l rend="indent4"> When Baliol<note n="8" place="foot" resp="editors">Balliol
                            College, Oxford, founded in c. 1263 by John Balliol and his wife
                            Dervorguilla of Galloway. The ‘servile’ kinsman is their son John
                            Balliol (c. 1250–1313; King of Scots 1292–1295; <title level="m">DNB</title>), the preferred candidate of the English King Edward I
                            (1239–1307; reigned 1272–1307; <title level="m">DNB</title>) for the
                            vacant Scottish throne.</note> to increase her number came</l>
<l rend="indent4"> Baliol disgracd by kinsmans servile name</l>
<l rend="indent3">Who stoopt a tyrant conqueror to adore</l>
<l rend="indent2"> But why my friend need we for founders care</l>
<l rend="indent2"> What matters me his race when I shall soon be there.</l>
</lg>
<lb/>
<p rend="indent7"> 12</p>
<lg type="stanza">
<l rend="indent3">Soon soon shall I be there — nor there with me</l>
<l rend="indent4"> Social my friends shall pass each live long hour</l>
<l rend="indent3">No more as erst our studies shall agree</l>
<l rend="indent4"> Thus burst by iron hand of lawful power.</l>
<l rend="indent3">Thee — Wolseys fabric proud<note n="9" place="foot" resp="editors">Christ Church, Oxford, founded (as Cardinal College) by
                            Thomas Wolsey (1470/71–1530; <title level="m">DNB</title>) in 1524, and
                            refounded by Henry VIII (1491–1547; reigned 1509–47; <title level="m">DNB</title>) in 1546.</note> receives — a fane</l>
<l rend="indent4"> Of mighty magnitude &amp; pompous state</l>
<l rend="indent4"> That loud exclaims with Fortunes smile elate</l>
<l rend="indent3">Scowling contemptuous — ‘hence away profane.</l>
<l rend="indent2"> Yet tho’ rejected still must I revere</l>
<l rend="indent2"> The spot where many a friend inhabits still so dear.</l>
</lg>
<lb/>
<p rend="indent7"> 13</p>
<lg type="stanza">
<l rend="indent3">If in this seat of Learning still we find</l>
<l rend="indent4"> Pedantic Precedent assert his reign</l>
<l rend="indent3">And tame Conformity enslave the mind</l>
<l rend="indent4"> How useless Science — Knowledge too how vain!</l>
<l rend="indent3">Yet there will Prejudice enslave the man —</l>
<l rend="indent4"> Sits the old Dean &amp; give the formal nod</l>
<l rend="indent4"> That stern rejects who durst despise the rod</l>
<l rend="indent3">And whom the <ref target="people.html#VincentWilliam">Doctor</ref> stild Republican.</l>
<l rend="indent2"> Republican! yet things like these can seed</l>
<l rend="indent2"> Plato’s dreams divine — a Brutus<note n="10" place="foot" resp="editors">Either Lucius Junius Brutus, the man credited with
                            expelling the last king of Rome, Tarquinius Superbus, in 510 BC, or
                            Marcus Junius Brutus (85–42 BC), one of the assassins of Julius Caesar
                            (100/102–44).</note> glorious deed</l>
</lg>
<lb/>
<p rend="indent7"> 14</p>
<lg type="stanza">
<l rend="indent3">Een at the word I feel my soul expand</l>
<l rend="indent4"> The fire of Freedom kindles every vien —</l>
<l rend="indent3">Ah why should Fortune thus restrain my hand</l>
<l rend="indent4"> Why stern Necessity thus bind thy chain?</l>
<l rend="indent3">Man must submit to heavn — to heavn alone.</l>
<l rend="indent4"> Whilst then Oppression shrinks with wild dismay</l>
<l rend="indent4"> Whilst France &amp; Freedom urge their fiery way</l>
<l rend="indent3">And Terror hover round each tyrant throne</l>
<l rend="indent2">
<ref target="people.html#CollinsCharles">Collins</ref> — at Oxford must we
                        wait serene</l>
<l rend="indent2"> And view with anxious eyes the progress of the scene.</l>
</lg>
<lb/>
<p rend="indent7"> 15</p>
<lg type="stanza">
<l rend="indent3">Ah look my friend — behold the black robd crew</l>
<l rend="indent4"> That stalk thro Oxfords street in well wiggd pride</l>
<l rend="indent3">With all their Orthodoxity in view </l>
<l rend="indent4"> For Folly &amp; Submission dignified.</l>
<l rend="indent3">List to the solemn sad sepulchral sound</l>
<l rend="indent4"> Breathd from the pulpit on each public day</l>
<l rend="indent4"> That sends the hearers half awake away —</l>
<l rend="indent3">Where are the mighty fruits of Oxford found</l>
<l rend="indent2"> Lie they in dull declamatory lore</l>
<l rend="indent2"> As pious fathers breathd in stupid zeal before?</l>
</lg>
<lb/>
<p rend="indent7"> 16</p>
<lg>
<l rend="indent3">Turn now your eyes where oer Jamappes<note n="11" place="foot" resp="editors">The battle of Jemappes, 6 November 1792, saw the defeat
                            of the Austrians and their allies by the French General Charles-Francois
                            Dumouriez (17391823). Both sides sustained heavy casualties.</note> red
                        plain</l>
<l rend="indent4"> The Ravens raise the dismal yell of joy</l>
<l rend="indent3">Chartres — Montpensier<note n="12" place="foot" resp="editors">Louis-Philippe (1773–1850; King of France 1830–1848), Duc de Chartres,
                            was the eldest son of Louis Philippe, Duc d’Orléans (1747–1793).
                            Chartres fought in the Jemappes campaign and was a close friend of
                            General Dumouriez, defecting to the Austrians with him in 1793.
                            Montpensier: Antoine Philippe d’Orléans (1775–1807), Duc de Montpensier,
                            younger brother of the Duc de Chartres.</note> strewd the field with
                        slain</l>
<l rend="indent4"> Oppressions chieftains fell before a boy —</l>
<l rend="indent3">Yet did not antique college boast his name</l>
<l rend="indent4"> Yet did not Customs chains avail to bind</l>
<l rend="indent4"> Or Doctord boobies strive to dull his mind</l>
<l rend="indent3">A woman traind them in the path of Fame</l>
<l rend="indent2"> A Woman taught them every ill to face</l>
<l rend="indent2"> To fight in Freedoms cause — to adorn the human race!</l>
</lg>
<lb/>
<p rend="indent7"> 17</p>
<lg>
<l rend="indent3">Brulerck<note n="13" place="foot" resp="editors">Identified by
                            Roland Baughman, 'Southey the Schoolboy', <title level="j">Huntington
                                Library Quarterly</title>, 7 (1944), 268 n. 22, as a phonetic rendering of ‘Brulart’. i.e.
                            Stéphanie Félicité Ducrest de St-Aubin (1746–1830), Comtesse de Genlis,
                            the wife of Charles-Alexis Brulart (1737–1793), Marquis de Silery. She
                            had supervised the education of the children of the Duc d’Orléans and
                            was said to have followed the educational precepts set out in Rousseau’s
                            (1712–1778) <title level="m">Émile</title> (1762).</note> how must thy
                        soul those scenes despise</l>
<l rend="indent4"> Where mouldering colleges in frowning mien</l>
<l rend="indent3">Appear to chill the soul &amp; frown it wise.</l>
<l rend="indent4"> Where Learning’s fabrics wide oerspread the scene</l>
<l rend="indent3">Yet where true Learning banishd far away</l>
<l rend="indent4"> Mid musty volumes Pedantry elate</l>
<l rend="indent4"> Forbids the banishd Muse approach her state</l>
<l rend="indent3">Prohibits Reformation near her sway,</l>
<l rend="indent2"> Where Athanasius<note n="14" place="foot" resp="editors">The
                            Greek theologian Athanasius (293–373), after whom the later Athanasian
                            Creed was named.</note> &amp; the Right Divine</l>
<l rend="indent2"> With thousand follies more support her mouldering shrine.</l>
</lg>
<lb/>
<p rend="indent7"> 18</p>
<lg type="stanza">
<l rend="indent3">But Reason dawns around — her morning ray</l>
<l rend="indent4"> Breaks forth illuming from the clouds of night</l>
<l rend="indent3">The opposing shadows slowly melt away</l>
<l rend="indent4"> And Hope looks on to unremitted light.</l>
<l rend="indent3">Science expands her plumes — her eagle eye</l>
<l rend="indent4"> Fearless pervades the mists that round await</l>
<l rend="indent4"> Where sits her rival in collegiate state</l>
<l rend="indent3">Before her glance the mantle fades away</l>
<l rend="indent2"> Eer long shall Precedents false arts be vain</l>
<l rend="indent2"> And universal Freedom claim his equal reign.</l>
</lg>
<lb/>
<p rend="indent7"> 19</p>
<lg type="stanza">
<l rend="indent3">Already France has reard the immortal pile</l>
<l rend="indent4"> Where Ferneys sage<note n="15" place="foot" resp="editors">Voltaire, François-Marie Arouet (1694–1778), French writer and <hi rend="ital">philosophe</hi>, purchased a substantial estate at
                            Ferney in 1758.</note> is husht in deaths repose —</l>
<l rend="indent3">Where laid no more amid the unhallowed isle</l>
<l rend="indent4"> The MAN of NATURE rests from all his woes —</l>
<l rend="indent3">Bend down from heaven Rousseau thy laurelld head</l>
<l rend="indent4"> Survey with ecstasy this glorious sight</l>
<l rend="indent4"> The sparks of Freedom fire the increasing light</l>
<l rend="indent3">Oer Europe see the glowing flames are spread</l>
<l rend="indent2"> See Reason spurn the stately throne of Pride</l>
<l rend="indent2"> Thy own Emilius see in Chartres verified.</l>
</lg>
<lb/>
<p rend="indent7"> 20</p>
<lg type="stanza">
<l rend="indent3">Come then my friend — together let us go</l>
<l rend="indent4"> And drag awhile the stern pedantic chain</l>
<l rend="indent3">Creep in the beaten tract of science slow</l>
<l rend="indent4"> And toil contented in the falling reign.</l>
<l rend="indent3">The hour will come these chains will be no more</l>
<l rend="indent4"> Meantime together let us pass the day</l>
<l rend="indent4"> Together with the hastening hours to stay</l>
<l rend="indent3">Whilst we peruse the sages volumes oer</l>
<l rend="indent2"> In spite of Prejudice thus learn to see</l>
<l rend="indent2"> And study Natures book — despite of Pedantry.</l>
</lg>
<lb/>
<p rend="indent4">Parvum in Multo.<note n="16" place="foot" resp="editors">A
                        commonplace saying, which translates as ‘little in much’.</note>
</p>
<p rend="indent6"> ———</p>
<p rend="right">
<date rend="alignr" when="1793-01-13">Sunday morning.</date>
</p>
<p rend="indent1"> I deferrd answering your last letter in daily expectation of
                    receiving that from Oxford whither I wrote requesting <ref target="people.html#WynnCharlesWW">Wynn</ref> to forward it. he had left the
                    place &amp; mine did not reach him till it had followed him all over the
                    country. the grand reflections of the first Historian — the philosophic
                        Tacitus<note n="17" place="foot" resp="editors">Publius Cornelius Tacitus
                        (c. AD 56–c. 117), historian. His works include the <title level="m">Histories</title> and the <title level="m">Annals</title>.</note> are
                    not totally despised even in the University — I enquired at <ref target="places.html#BalliolOxford">Baliol</ref> what were the studies
                    &amp; received for answer the present were the Alcibiades of Plato<note n="18" place="foot" resp="editors">
<title level="m">Alcibiades</title> I and
                        II, dialogues attributed to Plato (427–348 BC).</note> the annals of Tacitus
                    &amp; the elements of Euclid<note n="19" place="foot" resp="editors">Euclid
                        of Alexandria (dates uncertain, between 325 and 250 BC), mathematician. His
                        work includes the <title level="m">Elements</title>.</note> — it appears
                    almost miraculous (if in this period anything is to be wondered that) that such
                    monastic institutions, which still in spite of reformation bear so many marks of
                    the old leaven should maintain their ground — look indeed at the whole system of
                    modern education from the nursery to the college &amp; tell me if any thing
                    can be supposed more contradictory to Reason &amp; to Nature? we have seen
                    what are the <hi rend="ital">advantages</hi> of public education perhaps it has
                    been my lot to observe more in the boarding houses — you have seen the effects
                    &amp; I have beheld the causes — morality is not conceived essential at
                    present in the eye of fashion — that of Reason will look upon it as the basis of
                    every virtue &amp; every accomplishment — what however can be more
                    destructive than the contagion of bad example? nemo repente fuit
                        turpissimus<note n="20" place="foot" resp="editors">Juvenal (fl. AD late C1
                        and early C2), <title level="m">Satire</title> 2, line 83. The Latin
                        translates as ‘No one ever became utterly abominable overnight’.</note> —
                    when we once have learnt to behold vice without abhorrence we soon practise it
                    with indifference. public schools (say their advocates) give a knowledge of the
                    world; but it would <del rend="strikethrough">nor</del> require more argument
                    than these wise men of the world are masters of, to persuade me that driving a
                    hackney coach drinking two bottles &amp; frequenting “the mercenary
                    retailers of iniquity”<note n="21" place="foot" resp="editors">Southey is
                        quoting a letter written by Thomas Chatterton (1752–1770; <title level="m">DNB</title>) to a Mr. Clayfield, as published in William Barrett
                        (1727?–1789; <title level="m">DNB</title>), <title level="m">The History and
                            Antiquities of the City of Bristol</title> (Bristol, 1789), p.
                        647.</note> constitute that knowledge. &amp; yet what other modern
                    knowledge is to be attained at Westminster [MS torn] the studies pursued there
                    are of the manners of the dead — with their customs &amp; language we are
                    expected [MS torn] be intimate — improvement in our native tongue you know
                    Vincent wishes not. public schools undoubtedly a[MS torn] excellently adapted to
                    such hopeful heirs as are destined to possess ample fortunes &amp;
                    consequently st[MS torn] in no need of science. yet severely as I really
                    reprobate them, many many happy hours have I passed in Deans Yard &amp;
                    shall ever look back to the two last years without experiencing any unpleasing
                    sensation from the retrospect. the present mode of private education will be
                    equally unable to bear investigat[MS torn] it will be perhaps more destructive
                    if meant to end with the University — perhaps no one point has been less
                    understood — it is more to be wondered at that so many are good than that the
                    number of the profligate is so great. whether or not man has the stain of
                    original sin I leave to theologians &amp; metaphysicians. that education
                    tends to give it him I do not even doubt. Rousseaus plan is too visionary — it
                    supposes such unremitted attention in the tutor &amp; such natural virtue in
                    the pupil that I doubt its practability of this however when we read
                        Emilius<note n="22" place="foot" resp="editors">Jean-Jacques Rousseau’s
                            <title level="m">Émile</title> (1762).</note> (an occupation I look
                    forward to with pleasure) we will freely determine. Madame Brulerck (late
                    Genlis) appears to me to have struck out a path equally new &amp; excellent
                    — the Emilius of L Homme de la Nature existed only in his imagination. but the
                    two sons of Phillipe Egalitè are living proofs of her capacity. <note n="23" place="foot" resp="editors">See note [12] for the ‘two sons’. Philippe
                        Egalite: Louis-Philippe-Joseph, Duc d’Orleans (1747–1793), a distant cousin
                        of Louis XVI (1754–1793; reigned 1774–1792) and early supporter of the
                        French Revolution. Elected as a deputy to the National Convention in
                        September 1792, he voted for the execution of the king. In 1793, after his
                        son (the Duc de Chartres) defected to the Austrians, he was imprisoned and
                        executed during the Terror.</note>
</p>
<p rend="indent1"> every booby will answer an attempt at reformation with this is
                    very well in theory — but how are we rest contented of its impractability
                    without every giving it a trial — &lt;a&gt; experience is the only
                    certain guide &amp; Experience tells us that modern education is bad.</p>
<p rend="indent1"> on Friday next I depart for Oxford &amp; shall perhaps be
                    settled before you come. if however upon your arrival you will give me one line
                    at <ref target="places.html#BalliolOxford">Baliol</ref> I will be with you
                    immediately &amp; be of what service I can. </p>
<p rend="indent1"> I shall write to <ref target="people.html#BedfordGrosvenorCharles">Bedford</ref> before I go
                    relative to my books — I have spent eleven years already at various school
                    &amp; at this hour know not the languages with your accuracy — your example
                    here is a proof of Rousseaus judgement. perhaps I may waste as many years more
                    at college — thus goes the prime of life in attaining knowledge which will not
                    serve to protract its end — we toil on &amp; at last find on a death bed how
                    ignorant we are of every thing. what is God said Hiero<note n="24" place="foot" resp="editors">Hiero I, tyrant of Syracuse (478–467 BC), asked the poet,
                        Simonides of Ceos (556–468 BC), ‘What is god?’ and Simonides finally replied
                        ‘The longer I think on the subject the farther I seem from making it
                        out’.</note> you know the answer.</p>
<p rend="indent1"> I have read all Juvenal<note n="25" place="foot" resp="editors">Decimus Junius Juvenalis (fl. AD late C1 and early C2), satirist.</note>
                    with pleasure it is a manly stile more adapted to me than the sly sarcasms of
                        Horace<note n="26" place="foot" resp="editors">Quintus Horatius Flaccus
                        (65–8 BC), author of the <title level="m">Epodes, Satires, Odes and
                            Epistles</title>.</note> but I have no time for more church is ready
                    &amp; I go to hear a sermon very probably about right divine sedition
                    &amp; impiety which last are always linked together in the pulpit.</p>
<closer>
<salute rend="indent4">yrs sincerely</salute>
</closer>
<closer>
<signed rend="indent6">Robert Southey.</signed>
</closer>
</div>
</body>
</text>
</TEI>
