<?xml version="1.0" encoding="utf-8"?><TEI xmlns="http://www.tei-c.org/ns/1.0">
<teiHeader>
<fileDesc>
<titleStmt>
<title type="main">The Collected Letters of Robert Southey. Part 1: 1791-1797 </title>
<title type="subordinate">A Romantic Circles Electronic Edition</title>
<author>
<name>Southey, Robert, 1774-1843</name>
</author>
<editor>Lynda Pratt</editor>
<sponsor>Romantic Circles</sponsor>
<respStmt>
<resp>General Editor, </resp>
<name>Neil Fraistat</name>
</respStmt>
<respStmt>
<resp>General Editor, </resp>
<name>Steven E. Jones</name>
</respStmt>
<respStmt>
<resp>General Editor, </resp>
<name>Carl Stahmer</name>
</respStmt>
<respStmt>
<resp>Technical Editor</resp>
<name>Laura Mandell</name>
</respStmt>
</titleStmt>
<editionStmt>
<edition>
<date>2009-03-15</date>
</edition>
</editionStmt>
<publicationStmt>
<idno type="nines">rce116</idno>
<idno type="edition">letterEEd.26.116</idno>
<publisher>Romantic Circles, http://www.rc.umd.edu, University of Maryland</publisher>
<pubPlace>College Park, MD</pubPlace>
<date when="2009-02-20">March 15, 2009</date>
<availability status="restricted">
<p>Material from the Romantic Circles Website may not be downloaded, reproduced or disseminated in any
												manner without authorization unless it is for purposes of criticism, comment, news reporting,
												teaching, and/or classroom use as provided by the Copyright Act of 1976, as amended.</p>
<p>Unless otherwise noted, all Pages and Resources mounted on Romantic Circles are copyrighted by the
												author/editor and may be shared only in accordance with the Fair Use provisions of U.S. copyright law.
												Except as expressly permitted by this statement, redistribution or republication in any medium
												requires express prior written consent from the author/editors and advance notification of Romantic
												Circles. Any requests for authorization should be forwarded to Romantic Circles:&gt;
												<address>
<addrLine>Romantic Circles</addrLine>
<addrLine>c/o Professor Neil Fraistat</addrLine>
<addrLine>Department of English</addrLine>
<addrLine>University of Maryland</addrLine>
<addrLine>College Park, MD 20742</addrLine>
<addrLine>fraistat@umd.edu</addrLine>
</address>
</p>
<p>By their use of these texts and images, users agree to the following conditions: <list>
<item>These texts and images may not be used for any commercial purpose without prior written
														permission from Romantic Circles.</item>
<item>These texts and images may not be re-distributed in any forms other than their current
														ones.</item>
</list>
</p>
<p>Users are not permitted to download these texts and images in order to mount them on their own servers.
												It is not in our interest or that of our users to have uncontrolled subsets of our holdings available
												elsewhere on the Internet. We make corrections and additions to our edited resources on a continual
												basis, and we want the most current text to be the only one generally available to all Internet users.
												Institutions can, of course, make a link to the copies at Romantic Circles, subject to our conditions
												of use.</p>
</availability>
</publicationStmt>
<sourceDesc>
<p>British Library, Add MS 47890.  Previously  published: Kenneth Curry (ed.), New Letters of Robert Southey, 2 vols (London and New York, 1965), I, pp. 88–89.</p>
<p>These letters were edited with the assistance of Carol Bolton, Tim Fulford and Ian Packer</p>
<p>For permission to publish the text of MSS in their possession, the editor wishes to thank the Beinecke Rare
											Books and Manuscript Library, Yale University; Berg Collection of English and American Literature, The New
											York Public Library, Astor, Lenox and Tilden Foundations; the Bodleian Library Oxford University; the
											British Library; Boston Public Library; the Syndics of Cambridge University Library; the Syndics of the
											Fitzwilliam Museum Cambridge; Haverford College, Connecticut; the Historical Society of Pennsylvania; the
											Hornby Library, Liverpool Libraries and Information Services; the Houghton Library, Harvard University;
											the John Rylands Library, Manchester; the Kenneth Spencer Research Library, University of Kansas; Luton
											Museum (Bedfordshire County Council); Massachusetts Historical Society; McGill University Library; the
											National Library of Scotland; the Newberry Library, Chicago; the New York Public Library (Pforzheimer
											Collections); the Pierpont Morgan Library, New York; the Public Record Offices of Bedford, Suffolk (Bury
											St Edmunds) and Northumberland, the Master and Fellows of Trinity College, Cambridge; the Society of
											Antiquaries of Newcastle upon Tyne; the Trustees of the William Salt Library, Stafford, the Wisbech and
											Fenland Museum; the University of Virginia Library.</p>
<p>A research grant from the British Academy made much of the archival work possible, as did support from the
											English Department of Nottingham Trent University.</p>
</sourceDesc>
</fileDesc>
<encodingDesc>
<editorialDecl>
<quotation>
<p>All quotation marks and apostrophes have been changed: " for “," for ”, ' for ‘, and ' for ’.</p>
</quotation>
<hyphenation eol="none">
<p>Any dashes occurring in line breaks have been removed.</p>
<p>Because of web browser variability, all hyphens have been typed on the U.S. keyboard.</p>
<p>Dashes have been rendered as a variable number of hyphens to give a more exact rendering of their
												length.</p>
</hyphenation>
<normalization method="markup">
<p>Southey's spelling has not been regularized.</p>
<p>Writing in other hands appearing on these manuscripts has been indicated as such, the content recorded
												in brackets.</p>
</normalization>
<normalization>
<p>&amp; has been used for the ampersand sign.</p>
<p>£ has been used for £, the pound sign</p>
<p>All other characters, those with accents, non-breaking spaces, etc., have been encoded in HTML entity
												decimals.</p>
</normalization>
</editorialDecl>
<classDecl>
<taxonomy corresp="http://www.performantsoftware.com/nines_wiki/index.php/Submitting_RDF#.3Cnines:genre.3E" xml:id="g">
<bibl>NINES categories for Genre and Material Form at
												http://www.performantsoftware.com/nines_wiki/index.php/Submitting_RDF#.3Cnines:genre.3E on
												2009-02-26</bibl>
<category xml:id="g1">
<catDesc>Architecture</catDesc>
</category>
<category xml:id="g2">
<catDesc>Artifacts</catDesc>
</category>
<category xml:id="g3">
<catDesc>Bibliography</catDesc>
</category>
<category xml:id="g4">
<catDesc>Collection</catDesc>
</category>
<category xml:id="g5">
<catDesc>Criticism</catDesc>
</category>
<category xml:id="g7">
<catDesc>Letters</catDesc>
</category>
<category xml:id="g6">
<catDesc>Drama</catDesc>
</category>
<category xml:id="g8">
<catDesc>Life Writing</catDesc>
</category>
<category xml:id="g9">
<catDesc>Politics</catDesc>
</category>
<category xml:id="g10">
<catDesc>Folklore</catDesc>
</category>
<category xml:id="g11">
<catDesc>Ephemera</catDesc>
</category>
<category xml:id="g12">
<catDesc>Fiction</catDesc>
</category>
<category xml:id="g13">
<catDesc>History</catDesc>
</category>
<category xml:id="g14">
<catDesc>Leisure</catDesc>
</category>
<category xml:id="g15">
<catDesc>Manuscript</catDesc>
</category>
<category xml:id="g16">
<catDesc>Reference Works</catDesc>
</category>
<category xml:id="g17">
<catDesc>Humor</catDesc>
</category>
<category xml:id="g18">
<catDesc>Education</catDesc>
</category>
<category xml:id="g19">
<catDesc>Music</catDesc>
</category>
<category xml:id="g20">
<catDesc>nonfiction</catDesc>
</category>
<category xml:id="g21">
<catDesc>Paratext</catDesc>
</category>
<category xml:id="g22">
<catDesc>Perodical</catDesc>
</category>
<category xml:id="g23">
<catDesc>Philosphy</catDesc>
</category>
<category xml:id="g24">
<catDesc>Photograph</catDesc>
</category>
<category xml:id="g25">
<catDesc>Citation</catDesc>
</category>
<category xml:id="g26">
<catDesc>Family Life</catDesc>
</category>
<category xml:id="g27">
<catDesc>Poetry</catDesc>
</category>
<category xml:id="g28">
<catDesc>Religion</catDesc>
</category>
<category xml:id="g29">
<catDesc>Review</catDesc>
</category>
<category xml:id="g30">
<catDesc>Visual Art</catDesc>
</category>
<category xml:id="g31">
<catDesc>Translation</catDesc>
</category>
<category xml:id="g32">
<catDesc>Travel</catDesc>
</category>
<category xml:id="g33">
<catDesc>Book History</catDesc>
</category>
<category xml:id="g34">
<catDesc>Law</catDesc>
</category>
</taxonomy>
<taxonomy corresp="http://www.rc.umd.edu/southey_letters/people.xml">
<category xml:id="people">
<catDesc>Southey Letters: Biographies</catDesc>
</category>
</taxonomy>
<taxonomy corresp="http://www.rc.umd.edu/southey_letters/places.xml">
<category xml:id="places">
<catDesc>Southey Letters: Places</catDesc>
</category>
</taxonomy>
</classDecl>
</encodingDesc>
<profileDesc>
<textClass>
<catRef scheme="#genre" target="#g7 #g27"/>
<catRef scheme="#people" target="#EEd.26.1.names"/>
<catRef scheme="#places" target="#EEd.26.1.places"/>
</textClass>
</profileDesc>
<revisionDesc>
<change who="#LM" when="2009-03-10" n="4">
<label>Changed by</label>
<name>Laura Mandell</name>
<list>
<item>XSLT Transforming</item>
</list>
</change>
<change who="#AB" when="2009-03-02" n="3">
<label>Changed by</label>
<name>Averill Buchanan</name>
<list>
<item>corrections from proofing</item>
</list>
</change>
<change who="#LM" when="2009-02-20" n="2">
<label>Changed by</label>
<name xml:id="LM">Laura Mandell</name>
<list>
<item>XSLT Transforming</item>
</list>
</change>
<change who="#AB" when="2009-02-20" n="1">
<label>Changed by</label>
<name xml:id="AB">Averill Buchanan</name>
<list>
<item>TEI Encoding</item>
</list>
</change>
</revisionDesc>
</teiHeader>
<text>
<body>
<div n="116" type="letter">
<head>116. Robert Southey to <ref target="people.html#SoutheyTom">Thomas Southey [brother]</ref>, <date when="1794-12-01">1 December [1794]</date>
<note place="foot" resp="editors" type="headnote">Address: Thomas Southey./ Aquilon Frigate/ S<hi rend="sup">t</hi> Helens/ Post paid./[in another hand] 20 — 8/4 —16<hi rend="sup">d</hi>
<lb/>Stamped: BATH<lb/>MS: British Library, Add MS 47890<lb/>Previously published: Kenneth Curry (ed.), <title level="m">New Letters of Robert Southey</title>, 2 vols (London and New York, 1965), I, pp. 88–89.</note>
</head>
<opener>
<salute>Dear Tom</salute>
</opener>
<p rend="indent1">	Draw on <ref target="people.html#SoutheyMargaret">my Mother</ref> for five guineas but give her as much time after sight as you can.</p>
<p rend="indent1">	she wrote sometime back desiring you to draw for three guineas.</p>
<p rend="indent1">	it is my opinion that you should immediately get your discharge but <ref target="people.html#SoutheyMargaret">my mother</ref> thinks otherwise. she is afraid of their high mightinesses in the boarding parlour &amp; <del rend="strikethrough">hopes you</del> chuses you to remain because they would dislike your removal.</p>
<p rend="indent1">	Dinner is ready quite unexpectedly at two o clock.</p>
<p rend="indent4">				health &amp; brotherhood</p>
<p rend="indent2">		and more after dinner.</p>
<p>but little more for I have little to say</p>
<p>
<ref target="people.html#SoutheyMary">Aunt Maria</ref> sends her best wishes &amp; her blessings.</p>
<p>
<ref target="people.html#HillMargaret">Cousin Margaret</ref> sends her love<del rend="strikethrough">s</del> hoping soon to see you.</p>
<p>I your brother send — this letter.</p>
<p rend="indent3">			&amp; more over.</p>
<p rend="indent1">	Two Books.</p>
<p rend="indent2">		Ca ira.<note n="1" place="foot" resp="editors">Written in larger lettering. The title of a French revolutionary song.</note>
</p>
<p rend="indent11">
<address rend="indent2">
<placeName>Bath.</placeName>
</address>
<date when="1794-12-01">December the 1<hi rend="sup">st</hi>.</date>
</p>
<p rend="indent10">						 your birth day.</p>
<p>the two last acts of Robespierre are my writing.<note n="2" place="foot" resp="editors">
<title level="m">The Fall of Robespierre. An Historic Drama</title> (1794) had originated as a collaboration, with Southey, Lovell and Coleridge each writing one act. Lovell’s act was quickly dropped and replaced by a new one written by Southey.</note>
</p>
<lb/>
<p>I send this by the post to advertise you that the books go carriage paid by the next coach.</p>
<p rend="indent5">					&lt;your good health &amp; many&gt;</p>
<p rend="indent2">		God bless you. <note n="3" place="foot" resp="editors">Written in in larger lettering.</note>
</p>
<p rend="indent5">					&lt;returns &amp; happy ones.&gt;</p>
<p rend="indent1">	And no more at present</p>
<lb/>
<p>so commending you to God the allmighty father &amp; the cherubims &amp; the seraphims &amp; the thrones dominations virtues &amp; powers &amp; beseeching that the old dragon. — the devouring Lion — the old serpent — the deceiver — the prince of darkness — the lord of the bottomless pit — the devouring Abaddon<note n="4" place="foot" resp="editors">
<title>Revelation</title> 9: 11: ‘They have as king over them the angel of the bottomless pit; his name in Hebrew is Abaddon, and in Greek he is called Apollyon’.</note> — the son of the Morning — old Nick — Davy Jones — Apollyon<note n="5" place="foot" resp="editors">See <title level="m">Revelation</title> 9: 11.</note> — the merciless deceiver — the tempter the Devil — Satan — the fallen angel — the prince of hell — the King of Kings — the author of monarchy who was chained to the bottom of the bottomless pit — </p>
<p rend="indent1">	beseeching I say that Beelzebub may have no power over thee thro the grace of everlasting goodness &amp; the communion of saints — &amp; the forgiveness of sins — &amp; the eternal hallelujahs — &amp; the archangels </p>
<p rend="indent2">		I remain</p>
<p rend="indent2">		in true godliness</p>
<closer>
<salute rend="indent3">			your affectionate brother</salute>
</closer>
<closer>
<signed rend="indent4">				RS</signed>
</closer>
<postscript>
<p rend="indent1">
<ref target="people.html#SoutheyMargaret">My Mother</ref> desires me to tell you that our plan is going on. I think it equally necessary to tell you that I am alive.</p>
<p rend="indent1">
<ref target="people.html#SoutheyMargaret">my mother</ref> sends her love. likewise <ref target="people.html#FrickerEdith">Miss E.F.</ref>
</p>
<p rend="indent2">		fare thee well<note n="6" place="foot" resp="editors">My Mother ... well: Written at top of fol. 1 r.</note>
</p>
<p>
<ref target="people.html#SoutheyHenryHerbert">Harrys</ref> remembrances <note n="7" place="foot" resp="editors">Harrys remembrances: Written below the address on fol. 2 r.</note>
</p>
</postscript>
</div>
</body>
</text>
</TEI>
