<?xml version="1.0" encoding="utf-8"?><TEI xmlns="http://www.tei-c.org/ns/1.0">
<teiHeader>
<fileDesc>
<titleStmt>
<title type="main">The Collected Letters of Robert Southey. Part 1: 1791-1797 </title>
<title type="subordinate">A Romantic Circles Electronic Edition</title>
<author>
<name>Southey, Robert, 1774-1843</name>
</author>
<editor>Lynda Pratt</editor>
<sponsor>Romantic Circles</sponsor>
<respStmt>
<resp>General Editor, </resp>
<name>Neil Fraistat</name>
</respStmt>
<respStmt>
<resp>General Editor, </resp>
<name>Steven E. Jones</name>
</respStmt>
<respStmt>
<resp>General Editor, </resp>
<name>Carl Stahmer</name>
</respStmt>
<respStmt>
<resp>Technical Editor</resp>
<name>Laura Mandell</name>
</respStmt>
</titleStmt>
<editionStmt>
<edition>
<date>2009-03-15</date>
</edition>
</editionStmt>
<publicationStmt>
<idno type="nines">rce9</idno>
<idno type="edition">letterEEd.26.9</idno>
<publisher>Romantic Circles, http://www.rc.umd.edu, University of Maryland</publisher>
<pubPlace>College Park, MD</pubPlace>
<date when="2009-02-20">March 15, 2009</date>
<availability status="restricted">
<p>Material from the Romantic Circles Website may not be downloaded, reproduced or disseminated in any
												manner without authorization unless it is for purposes of criticism, comment, news reporting,
												teaching, and/or classroom use as provided by the Copyright Act of 1976, as amended.</p>
<p>Unless otherwise noted, all Pages and Resources mounted on Romantic Circles are copyrighted by the
												author/editor and may be shared only in accordance with the Fair Use provisions of U.S. copyright law.
												Except as expressly permitted by this statement, redistribution or republication in any medium
												requires express prior written consent from the author/editors and advance notification of Romantic
												Circles. Any requests for authorization should be forwarded to Romantic Circles:&gt;
												<address>
<addrLine>Romantic Circles</addrLine>
<addrLine>c/o Professor Neil Fraistat</addrLine>
<addrLine>Department of English</addrLine>
<addrLine>University of Maryland</addrLine>
<addrLine>College Park, MD 20742</addrLine>
<addrLine>fraistat@umd.edu</addrLine>
</address>
</p>
<p>By their use of these texts and images, users agree to the following conditions: <list>
<item>These texts and images may not be used for any commercial purpose without prior written
														permission from Romantic Circles.</item>
<item>These texts and images may not be re-distributed in any forms other than their current
														ones.</item>
</list>
</p>
<p>Users are not permitted to download these texts and images in order to mount them on their own servers.
												It is not in our interest or that of our users to have uncontrolled subsets of our holdings available
												elsewhere on the Internet. We make corrections and additions to our edited resources on a continual
												basis, and we want the most current text to be the only one generally available to all Internet users.
												Institutions can, of course, make a link to the copies at Romantic Circles, subject to our conditions
												of use.</p>
</availability>
</publicationStmt>
<sourceDesc>
<p>Bodleian Library, MS Eng. Lett. c. 22 .  Previously  published: Charles Cuthbert Southey (ed.), Life and Correspondence of Robert Southey, 6 vols (London, 1849–1850), I, pp. 162–163 [in part; dated 1792].</p>
<p>These letters were edited with the assistance of Carol Bolton, Tim Fulford and Ian Packer</p>
<p>For permission to publish the text of MSS in their possession, the editor wishes to thank the Beinecke Rare
											Books and Manuscript Library, Yale University; Berg Collection of English and American Literature, The New
											York Public Library, Astor, Lenox and Tilden Foundations; the Bodleian Library Oxford University; the
											British Library; Boston Public Library; the Syndics of Cambridge University Library; the Syndics of the
											Fitzwilliam Museum Cambridge; Haverford College, Connecticut; the Historical Society of Pennsylvania; the
											Hornby Library, Liverpool Libraries and Information Services; the Houghton Library, Harvard University;
											the John Rylands Library, Manchester; the Kenneth Spencer Research Library, University of Kansas; Luton
											Museum (Bedfordshire County Council); Massachusetts Historical Society; McGill University Library; the
											National Library of Scotland; the Newberry Library, Chicago; the New York Public Library (Pforzheimer
											Collections); the Pierpont Morgan Library, New York; the Public Record Offices of Bedford, Suffolk (Bury
											St Edmunds) and Northumberland, the Master and Fellows of Trinity College, Cambridge; the Society of
											Antiquaries of Newcastle upon Tyne; the Trustees of the William Salt Library, Stafford, the Wisbech and
											Fenland Museum; the University of Virginia Library.</p>
<p>A research grant from the British Academy made much of the archival work possible, as did support from the
											English Department of Nottingham Trent University.</p>
</sourceDesc>
</fileDesc>
<encodingDesc>
<editorialDecl>
<quotation>
<p>All quotation marks and apostrophes have been changed: " for “," for ”, ' for ‘, and ' for ’.</p>
</quotation>
<hyphenation eol="none">
<p>Any dashes occurring in line breaks have been removed.</p>
<p>Because of web browser variability, all hyphens have been typed on the U.S. keyboard.</p>
<p>Dashes have been rendered as a variable number of hyphens to give a more exact rendering of their
												length.</p>
</hyphenation>
<normalization method="markup">
<p>Southey's spelling has not been regularized.</p>
<p>Writing in other hands appearing on these manuscripts has been indicated as such, the content recorded
												in brackets.</p>
</normalization>
<normalization>
<p>&amp; has been used for the ampersand sign.</p>
<p>£ has been used for £, the pound sign</p>
<p>All other characters, those with accents, non-breaking spaces, etc., have been encoded in HTML entity
												decimals.</p>
</normalization>
</editorialDecl>
<classDecl>
<taxonomy corresp="http://www.performantsoftware.com/nines_wiki/index.php/Submitting_RDF#.3Cnines:genre.3E" xml:id="g">
<bibl>NINES categories for Genre and Material Form at
												http://www.performantsoftware.com/nines_wiki/index.php/Submitting_RDF#.3Cnines:genre.3E on
												2009-02-26</bibl>
<category xml:id="g1">
<catDesc>Architecture</catDesc>
</category>
<category xml:id="g2">
<catDesc>Artifacts</catDesc>
</category>
<category xml:id="g3">
<catDesc>Bibliography</catDesc>
</category>
<category xml:id="g4">
<catDesc>Collection</catDesc>
</category>
<category xml:id="g5">
<catDesc>Criticism</catDesc>
</category>
<category xml:id="g7">
<catDesc>Letters</catDesc>
</category>
<category xml:id="g6">
<catDesc>Drama</catDesc>
</category>
<category xml:id="g8">
<catDesc>Life Writing</catDesc>
</category>
<category xml:id="g9">
<catDesc>Politics</catDesc>
</category>
<category xml:id="g10">
<catDesc>Folklore</catDesc>
</category>
<category xml:id="g11">
<catDesc>Ephemera</catDesc>
</category>
<category xml:id="g12">
<catDesc>Fiction</catDesc>
</category>
<category xml:id="g13">
<catDesc>History</catDesc>
</category>
<category xml:id="g14">
<catDesc>Leisure</catDesc>
</category>
<category xml:id="g15">
<catDesc>Manuscript</catDesc>
</category>
<category xml:id="g16">
<catDesc>Reference Works</catDesc>
</category>
<category xml:id="g17">
<catDesc>Humor</catDesc>
</category>
<category xml:id="g18">
<catDesc>Education</catDesc>
</category>
<category xml:id="g19">
<catDesc>Music</catDesc>
</category>
<category xml:id="g20">
<catDesc>nonfiction</catDesc>
</category>
<category xml:id="g21">
<catDesc>Paratext</catDesc>
</category>
<category xml:id="g22">
<catDesc>Perodical</catDesc>
</category>
<category xml:id="g23">
<catDesc>Philosphy</catDesc>
</category>
<category xml:id="g24">
<catDesc>Photograph</catDesc>
</category>
<category xml:id="g25">
<catDesc>Citation</catDesc>
</category>
<category xml:id="g26">
<catDesc>Family Life</catDesc>
</category>
<category xml:id="g27">
<catDesc>Poetry</catDesc>
</category>
<category xml:id="g28">
<catDesc>Religion</catDesc>
</category>
<category xml:id="g29">
<catDesc>Review</catDesc>
</category>
<category xml:id="g30">
<catDesc>Visual Art</catDesc>
</category>
<category xml:id="g31">
<catDesc>Translation</catDesc>
</category>
<category xml:id="g32">
<catDesc>Travel</catDesc>
</category>
<category xml:id="g33">
<catDesc>Book History</catDesc>
</category>
<category xml:id="g34">
<catDesc>Law</catDesc>
</category>
</taxonomy>
<taxonomy corresp="http://www.rc.umd.edu/southey_letters/people.xml">
<category xml:id="people">
<catDesc>Southey Letters: Biographies</catDesc>
</category>
</taxonomy>
<taxonomy corresp="http://www.rc.umd.edu/southey_letters/places.xml">
<category xml:id="places">
<catDesc>Southey Letters: Places</catDesc>
</category>
</taxonomy>
</classDecl>
</encodingDesc>
<profileDesc>
<textClass>
<catRef scheme="#genre" target="#g7 #g27"/>
<catRef scheme="#people" target="#EEd.26.1.names"/>
<catRef scheme="#places" target="#EEd.26.1.places"/>
</textClass>
</profileDesc>
<revisionDesc>
<change who="#LM" when="2009-03-10" n="4">
<label>Changed by</label>
<name>Laura Mandell</name>
<list>
<item>XSLT Transforming</item>
</list>
</change>
<change who="#AB" when="2009-03-02" n="3">
<label>Changed by</label>
<name>Averill Buchanan</name>
<list>
<item>corrections from proofing</item>
</list>
</change>
<change who="#LM" when="2009-02-20" n="2">
<label>Changed by</label>
<name xml:id="LM">Laura Mandell</name>
<list>
<item>XSLT Transforming</item>
</list>
</change>
<change who="#AB" when="2009-02-20" n="1">
<label>Changed by</label>
<name xml:id="AB">Averill Buchanan</name>
<list>
<item>TEI Encoding</item>
</list>
</change>
</revisionDesc>
</teiHeader>
<text>
<body>
<div n="9" type="letter">
<head>9. Robert Southey to <ref target="people.html#BedfordGrosvenorCharles">Grosvenor Charles Bedford</ref>, <date when="1792-05-05">[c. 5 May 1792]</date>
<note place="foot" resp="editors" type="headnote">Address: Grosvenor Charles Bedford Esq<hi rend="sup">r</hi>/ Brixton Causeway/ Surry<lb/> Postmark: MA/ 5/ 92<lb/> Watermark: Crown and anchor<lb/>MS: Bodleian Library, MS Eng. Lett. c. 22<lb/> Previously published: Charles Cuthbert Southey (ed.), <title level="m">Life and Correspondence of Robert Southey</title>, 6 vols (London, 1849–1850), I, pp. 162–163 [in part; dated 1792].</note>
</head>
<opener>
<salute>Dear Bedford </salute>
</opener>
<p rend="indent1"> I ought certainly to have returned you my best thanks as well for your letters as your giving up the Flagellant. I would have wrote sooner but I have no longer the consolation of having acted either properly or consistently — what had happened from malice &amp; tyranny I could bear but when I have stooped to mean&lt;n&gt;ess &amp; falshood I cannot find that pride in reflection necessary to comfort. I look upon myself with contempt &amp; fly from the hideous retrospect. <ref target="people.html#BedfordGrosvenorCharles">Bedford</ref> I have been obliged to write to <ref target="people.html#VincentWilliam">Vincent</ref> to confess myself wrong — I deserve to be despised I deserve to be shunned but I do not think you will despise me — more than once have I approachd the very brink of destruction still however I live in the hope of revenge &amp; that hope is the only thing which can render life supportable.</p>
<p rend="indent1"> your last leaves me in an unpleasant suspense you have some <hi rend="ital">virtuous</hi> &amp;c action to tell me — accustomed as we are to such complicated meanness &amp; villany it must be something very bad to surprize me — I am not quite eighteen &amp; few men of eighty have been more persecuted — but disappointment &amp; misery are the portion of all my family &amp; I must bear my part — were I to lay open the whole history of these misfortunes you would think it scarcely credible, still less so that I could survive them — hope &amp; the firm dignity of conscious merit have hitherto supported me, the last of these is gone — I am despicable in my own eyes &amp; criminal in those of my friends where then can I look for assistance — hope can bring little.</p>
<p rend="indent1"> the Flagellant is gone — still however do I think that our joint production may acquire some credit — the sooner we have a volume &lt;published&gt; the better — the Medley — the Hodge Podge — the Whatdoyoucall it — or to retain our old plan Monastic lucubrations any of these titles or any better you may propose will do. shall we dedicate it to Envy Hatred Malice &amp; all Uncharitableness?</p>
<p rend="indent1"> Powerful arbitrators of the minds of men — ye twin sisters who have already honoured us with your marked attention — ye who can convert innocence into treason &amp; shielded by the arm of power remain secure &amp;c &amp;c &amp;c</p>
<p rend="indent1">
<del rend="strikethrough">x</del> shall we dedicate it to the Shade of Elizabeth<note n="1" place="foot" resp="editors">Elizabeth I (1533–1603; reigned 1558–1603; <title level="m">DNB</title>) had re-founded Westminster School in 1560.</note> — or to the <ref target="people.html#VincentWilliam">Doctor</ref> or to the Devil or to the King or to Ourselves —</p>
<p rend="indent1"> Gentlemen</p>
<p rend="indent2"> To you in whose breasts neither Envy nor Malice can find a place, who will not be biased by the clamors of popular prejudice nor stoop to the authority of ignorance &amp; power &amp;c &amp;c &amp;c &amp;c</p>
<p>I see no reason why we should not publish pretty soon it will be at least four months before we can prepare it for the press &amp; surely by that time we may venture again upon the world</p>
<lg type="stanza">
<l rend="indent7"> we have venturd</l>
<l rend="indent2">Like little wanton boys that swim on bladders</l>
<l rend="indent2">These last nine numbers on a sea of honour</l>
<l rend="indent2">But far above our depth — the high blown bubble</l>
<l rend="indent2">At length burst under us &amp; now has left us</l>
<l rend="indent2">(Yet smarting from the rod of persecution</l>
<l rend="indent2">Tho’ yet unwearied) to the merciless rage</l>
<l rend="indent2">Of the rude sea that swallowed Number five —</l>
</lg>
<p>You like the plan of publishing a volume — what says <ref target="people.html#WynnCharlesWW">Wynn</ref>? if you think proper <ref target="people.html#CollinsCharles">Collins</ref> may speak to <ref target="people.html#RoughWilliam">Rough</ref> upon the subject but this I leave entirely to you — we can do without him certainly but I think it would be as well to ask him. &amp; as we must delay publishing for some months till we are ready if you can persuade little <ref target="people.html#CollinsCharles">Collins</ref> it will be much better — explain your <hi rend="ital">liberal</hi> actions in your next</p>
<closer>
<salute rend="indent5">yours sincerely</salute>
</closer>
<closer>
<signed rend="indent6">R. Southey.</signed>
</closer>
</div>
</body>
</text>
</TEI>
