<?xml version="1.0" encoding="utf-8"?><TEI xmlns="http://www.tei-c.org/ns/1.0">
<teiHeader>
<fileDesc>
<titleStmt>
<title type="main">The Collected Letters of Robert Southey. Part 1: 1791-1797 </title>
<title type="subordinate">A Romantic Circles Electronic Edition</title>
<author>
<name>Southey, Robert, 1774-1843</name>
</author>
<editor>Lynda Pratt</editor>
<sponsor>Romantic Circles</sponsor>
<respStmt>
<resp>General Editor, </resp>
<name>Neil Fraistat</name>
</respStmt>
<respStmt>
<resp>General Editor, </resp>
<name>Steven E. Jones</name>
</respStmt>
<respStmt>
<resp>General Editor, </resp>
<name>Carl Stahmer</name>
</respStmt>
<respStmt>
<resp>Technical Editor</resp>
<name>Laura Mandell</name>
</respStmt>
</titleStmt>
<editionStmt>
<edition>
<date>2009-03-15</date>
</edition>
</editionStmt>
<publicationStmt>
<idno type="nines">rce255</idno>
<idno type="edition">letterEEd.26.255</idno>
<publisher>Romantic Circles, http://www.rc.umd.edu, University of Maryland</publisher>
<pubPlace>College Park, MD</pubPlace>
<date when="2009-02-20">March 15, 2009</date>
<availability status="restricted">
<p>Material from the Romantic Circles Website may not be downloaded, reproduced or disseminated in any
												manner without authorization unless it is for purposes of criticism, comment, news reporting,
												teaching, and/or classroom use as provided by the Copyright Act of 1976, as amended.</p>
<p>Unless otherwise noted, all Pages and Resources mounted on Romantic Circles are copyrighted by the
												author/editor and may be shared only in accordance with the Fair Use provisions of U.S. copyright law.
												Except as expressly permitted by this statement, redistribution or republication in any medium
												requires express prior written consent from the author/editors and advance notification of Romantic
												Circles. Any requests for authorization should be forwarded to Romantic Circles:&gt;
												<address>
<addrLine>Romantic Circles</addrLine>
<addrLine>c/o Professor Neil Fraistat</addrLine>
<addrLine>Department of English</addrLine>
<addrLine>University of Maryland</addrLine>
<addrLine>College Park, MD 20742</addrLine>
<addrLine>fraistat@umd.edu</addrLine>
</address>
</p>
<p>By their use of these texts and images, users agree to the following conditions: <list>
<item>These texts and images may not be used for any commercial purpose without prior written
														permission from Romantic Circles.</item>
<item>These texts and images may not be re-distributed in any forms other than their current
														ones.</item>
</list>
</p>
<p>Users are not permitted to download these texts and images in order to mount them on their own servers.
												It is not in our interest or that of our users to have uncontrolled subsets of our holdings available
												elsewhere on the Internet. We make corrections and additions to our edited resources on a continual
												basis, and we want the most current text to be the only one generally available to all Internet users.
												Institutions can, of course, make a link to the copies at Romantic Circles, subject to our conditions
												of use.</p>
</availability>
</publicationStmt>
<sourceDesc>
<p>Bodleian Library, MS Eng Lett. d. 111.  Previously  published: John Wood Warter (ed.), Selections From the Letters of Robert Southey, 4 vols (London, 1856), I, pp. 44–45.</p>
<p>These letters were edited with the assistance of Carol Bolton, Tim Fulford and Ian Packer</p>
<p>For permission to publish the text of MSS in their possession, the editor wishes to thank the Beinecke Rare
											Books and Manuscript Library, Yale University; Berg Collection of English and American Literature, The New
											York Public Library, Astor, Lenox and Tilden Foundations; the Bodleian Library Oxford University; the
											British Library; Boston Public Library; the Syndics of Cambridge University Library; the Syndics of the
											Fitzwilliam Museum Cambridge; Haverford College, Connecticut; the Historical Society of Pennsylvania; the
											Hornby Library, Liverpool Libraries and Information Services; the Houghton Library, Harvard University;
											the John Rylands Library, Manchester; the Kenneth Spencer Research Library, University of Kansas; Luton
											Museum (Bedfordshire County Council); Massachusetts Historical Society; McGill University Library; the
											National Library of Scotland; the Newberry Library, Chicago; the New York Public Library (Pforzheimer
											Collections); the Pierpont Morgan Library, New York; the Public Record Offices of Bedford, Suffolk (Bury
											St Edmunds) and Northumberland, the Master and Fellows of Trinity College, Cambridge; the Society of
											Antiquaries of Newcastle upon Tyne; the Trustees of the William Salt Library, Stafford, the Wisbech and
											Fenland Museum; the University of Virginia Library.</p>
<p>A research grant from the British Academy made much of the archival work possible, as did support from the
											English Department of Nottingham Trent University.</p>
</sourceDesc>
</fileDesc>
<encodingDesc>
<editorialDecl>
<quotation>
<p>All quotation marks and apostrophes have been changed: " for “," for ”, ' for ‘, and ' for ’.</p>
</quotation>
<hyphenation eol="none">
<p>Any dashes occurring in line breaks have been removed.</p>
<p>Because of web browser variability, all hyphens have been typed on the U.S. keyboard.</p>
<p>Dashes have been rendered as a variable number of hyphens to give a more exact rendering of their
												length.</p>
</hyphenation>
<normalization method="markup">
<p>Southey's spelling has not been regularized.</p>
<p>Writing in other hands appearing on these manuscripts has been indicated as such, the content recorded
												in brackets.</p>
</normalization>
<normalization>
<p>&amp; has been used for the ampersand sign.</p>
<p>£ has been used for £, the pound sign</p>
<p>All other characters, those with accents, non-breaking spaces, etc., have been encoded in HTML entity
												decimals.</p>
</normalization>
</editorialDecl>
<classDecl>
<taxonomy corresp="http://www.performantsoftware.com/nines_wiki/index.php/Submitting_RDF#.3Cnines:genre.3E" xml:id="g">
<bibl>NINES categories for Genre and Material Form at
												http://www.performantsoftware.com/nines_wiki/index.php/Submitting_RDF#.3Cnines:genre.3E on
												2009-02-26</bibl>
<category xml:id="g1">
<catDesc>Architecture</catDesc>
</category>
<category xml:id="g2">
<catDesc>Artifacts</catDesc>
</category>
<category xml:id="g3">
<catDesc>Bibliography</catDesc>
</category>
<category xml:id="g4">
<catDesc>Collection</catDesc>
</category>
<category xml:id="g5">
<catDesc>Criticism</catDesc>
</category>
<category xml:id="g7">
<catDesc>Letters</catDesc>
</category>
<category xml:id="g6">
<catDesc>Drama</catDesc>
</category>
<category xml:id="g8">
<catDesc>Life Writing</catDesc>
</category>
<category xml:id="g9">
<catDesc>Politics</catDesc>
</category>
<category xml:id="g10">
<catDesc>Folklore</catDesc>
</category>
<category xml:id="g11">
<catDesc>Ephemera</catDesc>
</category>
<category xml:id="g12">
<catDesc>Fiction</catDesc>
</category>
<category xml:id="g13">
<catDesc>History</catDesc>
</category>
<category xml:id="g14">
<catDesc>Leisure</catDesc>
</category>
<category xml:id="g15">
<catDesc>Manuscript</catDesc>
</category>
<category xml:id="g16">
<catDesc>Reference Works</catDesc>
</category>
<category xml:id="g17">
<catDesc>Humor</catDesc>
</category>
<category xml:id="g18">
<catDesc>Education</catDesc>
</category>
<category xml:id="g19">
<catDesc>Music</catDesc>
</category>
<category xml:id="g20">
<catDesc>nonfiction</catDesc>
</category>
<category xml:id="g21">
<catDesc>Paratext</catDesc>
</category>
<category xml:id="g22">
<catDesc>Perodical</catDesc>
</category>
<category xml:id="g23">
<catDesc>Philosphy</catDesc>
</category>
<category xml:id="g24">
<catDesc>Photograph</catDesc>
</category>
<category xml:id="g25">
<catDesc>Citation</catDesc>
</category>
<category xml:id="g26">
<catDesc>Family Life</catDesc>
</category>
<category xml:id="g27">
<catDesc>Poetry</catDesc>
</category>
<category xml:id="g28">
<catDesc>Religion</catDesc>
</category>
<category xml:id="g29">
<catDesc>Review</catDesc>
</category>
<category xml:id="g30">
<catDesc>Visual Art</catDesc>
</category>
<category xml:id="g31">
<catDesc>Translation</catDesc>
</category>
<category xml:id="g32">
<catDesc>Travel</catDesc>
</category>
<category xml:id="g33">
<catDesc>Book History</catDesc>
</category>
<category xml:id="g34">
<catDesc>Law</catDesc>
</category>
</taxonomy>
<taxonomy corresp="http://www.rc.umd.edu/southey_letters/people.xml">
<category xml:id="people">
<catDesc>Southey Letters: Biographies</catDesc>
</category>
</taxonomy>
<taxonomy corresp="http://www.rc.umd.edu/southey_letters/places.xml">
<category xml:id="places">
<catDesc>Southey Letters: Places</catDesc>
</category>
</taxonomy>
</classDecl>
</encodingDesc>
<profileDesc>
<textClass>
<catRef scheme="#genre" target="#g7 #g27"/>
<catRef scheme="#people" target="#EEd.26.1.names"/>
<catRef scheme="#places" target="#EEd.26.1.places"/>
</textClass>
</profileDesc>
<revisionDesc>
<change who="#LM" when="2009-03-10" n="4">
<label>Changed by</label>
<name>Laura Mandell</name>
<list>
<item>XSLT Transforming</item>
</list>
</change>
<change who="#AB" when="2009-03-02" n="3">
<label>Changed by</label>
<name>Averill Buchanan</name>
<list>
<item>corrections from proofing</item>
</list>
</change>
<change who="#LM" when="2009-02-20" n="2">
<label>Changed by</label>
<name xml:id="LM">Laura Mandell</name>
<list>
<item>XSLT Transforming</item>
</list>
</change>
<change who="#AB" when="2009-02-20" n="1">
<label>Changed by</label>
<name xml:id="AB">Averill Buchanan</name>
<list>
<item>TEI Encoding</item>
</list>
</change>
</revisionDesc>
</teiHeader>
<text>
<body>
<div n="255" type="letter">
<head>255. Robert Southey to <ref target="people.html#MayJohn">John May</ref>, <date when="1797-09-10">10 September 1797</date>
<note place="foot" resp="editors" type="headnote">Address: To/ John May Esq<hi rend="sup">r</hi>/ 4. Bedford Square/ London<lb/>Postmark: ASE/ 11/ 97<lb/>Watermarks: Crown and anchor/ 1796<lb/>Endorsements: 1797 N<hi rend="sup">o</hi>. 8/ Robert Southey/ Burton 10 Sept<hi rend="sup">r</hi>:/ rec<hi rend="sup">d</hi>: 11 d<hi rend="sup">o</hi>/ ans<hi rend="sup">d</hi>: 27 d<hi rend="sup">o</hi>
<lb/>MS: Bodleian Library, MS Eng Lett. d. 111<lb/>Previously published: John Wood Warter (ed.), <title level="m">Selections From the Letters of Robert Southey</title>, 4 vols (London, 1856), I, pp. 44–45.</note>
</head>
<opener>
<dateline rend="right">
<date when="1797-09-10">Sunday. Sept. 10. 1797.</date>
</dateline>
<salute>My dear friend</salute>
</opener>
<p rend="indent2">		You will be somewhat surprized to hear that we are about to remove from <ref target="places.html#Burton">Burton</ref>, &amp; take up our abode with <ref target="people.html#SoutheyMargaret">my Mother</ref> for the residue of my reprieve from London. for this I had a strong motive independant of <ref target="people.html#SoutheyMargaret">my Mothers</ref> wish, &amp; the inclination I feel to be near a few Bristol friends. I want access to books which I can neither buy or borrow, &amp; which are almost necessary to elucidate my second edition. Lloyd accompanies us. he will be a boarder at <ref target="people.html#SoutheyMargaret">my mothers</ref>. But I shall leave <ref target="places.html#Burton">Burton</ref> with regret. I begin to take root here, — novelty is to me less a source of delight, than the kind of friendship which I contract with scenery that has interested me repeatedly, &amp; awakened those emotions which defy expression, &amp; which are almost too subtle for Remembrance to retain. </p>
<p rend="indent1">	I almost wish that I believed <del rend="strikethrough">tho</del> in the local divinities of the Pagans — but without becoming a pagan or a fool. we may allow Imagination to people the air with intelligent spirits, &amp; animate every herb with sensation, for wherever there is the possibility of happiness, infinite Power &amp; infinite Benevolence will produce it. the belief of a creating Intelligence is to me a feeling like that of my own existence, an intuitive truth: it were as easy to open my eyes &amp; not see, as to meditate upon this subject &amp; not believe. I know not whether you can follow associations that appear so unconnected upon paper but the recollection of scenery that I love recalls to me those theistic feelings which the beauties of Nature are best fitted to awaken. the hill &amp; the grove would be to me holier places than the temple of Solomon; man cannot pile up the quarried rock <del rend="strikethrough">with mxxx xxxx</del> to equal its original grandeur, &amp; the cedar of Lebanon loses all its beauties when hewn into a beam.</p>
<p rend="indent1">
<ref target="people.html#SoutheyMargaret">My mother</ref> is much better since her arrival here. it is somewhat hard that they who wish only for quietness <del rend="strikethrough">in the world</del>, cannot attain to it. Anxieties warp the mind as well as destroy the health, &amp; too frequently misery in this world seems <del rend="strikethrough">only</del> to render the soul less fit for another.</p>
<p rend="indent1">	I ought to congratulate you upon the addition to your family. I should do it with more pleasure were it <del rend="strikethrough">tx</del> on your own account, for tho the wise man, in a period like this, would perhaps keep himself wholly without a tie, I do not wish either myself or my friends that cold wisdom. I have no idea of single blessedness. if a man goes thro life without meeting one with whom he could be happy, I should think strangely ill of him — he wants the capability of happiness — &amp; if he has not the pumpkin-head, must have the pippin-heart. young men are sad cattle now — &amp; when I reflect how they are educated it appears wonderful that they are not worse. young women are somewhat better — that is they are more to be despised than detested. domestic happiness is a rare jewel — &amp; thank God I have found it.</p>
<p rend="indent1">
<ref target="people.html#LloydCharles">Lloyd</ref> &amp; <ref target="people.html#SoutheyTom">my brother</ref> set off for the Isle of Wight the morning after you left us. we think of removing about Thursday next. <ref target="people.html#FrickerEdith">Edith</ref> accompanies <ref target="people.html#SoutheyTom">Tom</ref> &amp; <ref target="people.html#SoutheyMargaret">my Mother</ref>, I &amp; <ref target="people.html#LloydCharles">Lloyd</ref> shall walk — &amp; we mean to make a pilgrimage to Stonehenge on the way. direct your next to <ref target="places.html#WestgateBath">8. Westgate Buildings Bath</ref>. I have laboured hard at revising Joan of Arc since you were here, &amp; with success I think. Froissart<note n="1" place="foot" resp="editors">Jean Froissart (c. 1337–c. 1410), <title level="m">Le Premier (-Quart) Volume De Messire Jehan Froissart Lequel Traicte de Choses Vingts de Memoire Advenues Tant es Pays de France, Angleterre, Flandres, Espaigne que Escoce, ets Aus Tres Lieux Circonvoisins</title> (1530), which Southey used for the second edition of <title level="m">Joan of Arc</title> (1798).</note> will give me the information I want for the costume of dress — banquets &amp;c, &amp; my notes will assume a learned appearance.</p>
<p rend="indent2">		God bless you.</p>
<closer>
<salute rend="indent4">				yrs truly</salute>
<signed rend="indent5">					Robert Southey </signed>
</closer>
</div>
</body>
</text>
</TEI>
