<?xml version="1.0" encoding="utf-8"?><TEI xmlns="http://www.tei-c.org/ns/1.0">
<teiHeader>
<fileDesc>
<titleStmt>
<title type="main">The Collected Letters of Robert Southey. Part 1: 1791-1797 </title>
<title type="subordinate">A Romantic Circles Electronic Edition</title>
<author>
<name>Southey, Robert, 1774-1843</name>
</author>
<editor>Lynda Pratt</editor>
<sponsor>Romantic Circles</sponsor>
<respStmt>
<resp>General Editor, </resp>
<name>Neil Fraistat</name>
</respStmt>
<respStmt>
<resp>General Editor, </resp>
<name>Steven E. Jones</name>
</respStmt>
<respStmt>
<resp>General Editor, </resp>
<name>Carl Stahmer</name>
</respStmt>
<respStmt>
<resp>Technical Editor</resp>
<name>Laura Mandell</name>
</respStmt>
</titleStmt>
<editionStmt>
<edition>
<date>2009-03-15</date>
</edition>
</editionStmt>
<publicationStmt>
<idno type="nines">rce26</idno>
<idno type="edition">letterEEd.26.26</idno>
<publisher>Romantic Circles, http://www.rc.umd.edu, University of Maryland</publisher>
<pubPlace>College Park, MD</pubPlace>
<date when="2009-02-20">March 15, 2009</date>
<availability status="restricted">
<p>Material from the Romantic Circles Website may not be downloaded, reproduced or disseminated in any
												manner without authorization unless it is for purposes of criticism, comment, news reporting,
												teaching, and/or classroom use as provided by the Copyright Act of 1976, as amended.</p>
<p>Unless otherwise noted, all Pages and Resources mounted on Romantic Circles are copyrighted by the
												author/editor and may be shared only in accordance with the Fair Use provisions of U.S. copyright law.
												Except as expressly permitted by this statement, redistribution or republication in any medium
												requires express prior written consent from the author/editors and advance notification of Romantic
												Circles. Any requests for authorization should be forwarded to Romantic Circles:&gt;
												<address>
<addrLine>Romantic Circles</addrLine>
<addrLine>c/o Professor Neil Fraistat</addrLine>
<addrLine>Department of English</addrLine>
<addrLine>University of Maryland</addrLine>
<addrLine>College Park, MD 20742</addrLine>
<addrLine>fraistat@umd.edu</addrLine>
</address>
</p>
<p>By their use of these texts and images, users agree to the following conditions: <list>
<item>These texts and images may not be used for any commercial purpose without prior written
														permission from Romantic Circles.</item>
<item>These texts and images may not be re-distributed in any forms other than their current
														ones.</item>
</list>
</p>
<p>Users are not permitted to download these texts and images in order to mount them on their own servers.
												It is not in our interest or that of our users to have uncontrolled subsets of our holdings available
												elsewhere on the Internet. We make corrections and additions to our edited resources on a continual
												basis, and we want the most current text to be the only one generally available to all Internet users.
												Institutions can, of course, make a link to the copies at Romantic Circles, subject to our conditions
												of use.</p>
</availability>
</publicationStmt>
<sourceDesc>
<p>Bodleian Library, MS
                        Eng. Lett. c. 22.  Not previously published.</p>
<p>These letters were edited with the assistance of Carol Bolton, Tim Fulford and Ian Packer</p>
<p>For permission to publish the text of MSS in their possession, the editor wishes to thank the Beinecke Rare
											Books and Manuscript Library, Yale University; Berg Collection of English and American Literature, The New
											York Public Library, Astor, Lenox and Tilden Foundations; the Bodleian Library Oxford University; the
											British Library; Boston Public Library; the Syndics of Cambridge University Library; the Syndics of the
											Fitzwilliam Museum Cambridge; Haverford College, Connecticut; the Historical Society of Pennsylvania; the
											Hornby Library, Liverpool Libraries and Information Services; the Houghton Library, Harvard University;
											the John Rylands Library, Manchester; the Kenneth Spencer Research Library, University of Kansas; Luton
											Museum (Bedfordshire County Council); Massachusetts Historical Society; McGill University Library; the
											National Library of Scotland; the Newberry Library, Chicago; the New York Public Library (Pforzheimer
											Collections); the Pierpont Morgan Library, New York; the Public Record Offices of Bedford, Suffolk (Bury
											St Edmunds) and Northumberland, the Master and Fellows of Trinity College, Cambridge; the Society of
											Antiquaries of Newcastle upon Tyne; the Trustees of the William Salt Library, Stafford, the Wisbech and
											Fenland Museum; the University of Virginia Library.</p>
<p>A research grant from the British Academy made much of the archival work possible, as did support from the
											English Department of Nottingham Trent University.</p>
</sourceDesc>
</fileDesc>
<encodingDesc>
<editorialDecl>
<quotation>
<p>All quotation marks and apostrophes have been changed: " for “," for ”, ' for ‘, and ' for ’.</p>
</quotation>
<hyphenation eol="none">
<p>Any dashes occurring in line breaks have been removed.</p>
<p>Because of web browser variability, all hyphens have been typed on the U.S. keyboard.</p>
<p>Dashes have been rendered as a variable number of hyphens to give a more exact rendering of their
												length.</p>
</hyphenation>
<normalization method="markup">
<p>Southey's spelling has not been regularized.</p>
<p>Writing in other hands appearing on these manuscripts has been indicated as such, the content recorded
												in brackets.</p>
</normalization>
<normalization>
<p>&amp; has been used for the ampersand sign.</p>
<p>£ has been used for £, the pound sign</p>
<p>All other characters, those with accents, non-breaking spaces, etc., have been encoded in HTML entity
												decimals.</p>
</normalization>
</editorialDecl>
<classDecl>
<taxonomy corresp="http://www.performantsoftware.com/nines_wiki/index.php/Submitting_RDF#.3Cnines:genre.3E" xml:id="g">
<bibl>NINES categories for Genre and Material Form at
												http://www.performantsoftware.com/nines_wiki/index.php/Submitting_RDF#.3Cnines:genre.3E on
												2009-02-26</bibl>
<category xml:id="g1">
<catDesc>Architecture</catDesc>
</category>
<category xml:id="g2">
<catDesc>Artifacts</catDesc>
</category>
<category xml:id="g3">
<catDesc>Bibliography</catDesc>
</category>
<category xml:id="g4">
<catDesc>Collection</catDesc>
</category>
<category xml:id="g5">
<catDesc>Criticism</catDesc>
</category>
<category xml:id="g7">
<catDesc>Letters</catDesc>
</category>
<category xml:id="g6">
<catDesc>Drama</catDesc>
</category>
<category xml:id="g8">
<catDesc>Life Writing</catDesc>
</category>
<category xml:id="g9">
<catDesc>Politics</catDesc>
</category>
<category xml:id="g10">
<catDesc>Folklore</catDesc>
</category>
<category xml:id="g11">
<catDesc>Ephemera</catDesc>
</category>
<category xml:id="g12">
<catDesc>Fiction</catDesc>
</category>
<category xml:id="g13">
<catDesc>History</catDesc>
</category>
<category xml:id="g14">
<catDesc>Leisure</catDesc>
</category>
<category xml:id="g15">
<catDesc>Manuscript</catDesc>
</category>
<category xml:id="g16">
<catDesc>Reference Works</catDesc>
</category>
<category xml:id="g17">
<catDesc>Humor</catDesc>
</category>
<category xml:id="g18">
<catDesc>Education</catDesc>
</category>
<category xml:id="g19">
<catDesc>Music</catDesc>
</category>
<category xml:id="g20">
<catDesc>nonfiction</catDesc>
</category>
<category xml:id="g21">
<catDesc>Paratext</catDesc>
</category>
<category xml:id="g22">
<catDesc>Perodical</catDesc>
</category>
<category xml:id="g23">
<catDesc>Philosphy</catDesc>
</category>
<category xml:id="g24">
<catDesc>Photograph</catDesc>
</category>
<category xml:id="g25">
<catDesc>Citation</catDesc>
</category>
<category xml:id="g26">
<catDesc>Family Life</catDesc>
</category>
<category xml:id="g27">
<catDesc>Poetry</catDesc>
</category>
<category xml:id="g28">
<catDesc>Religion</catDesc>
</category>
<category xml:id="g29">
<catDesc>Review</catDesc>
</category>
<category xml:id="g30">
<catDesc>Visual Art</catDesc>
</category>
<category xml:id="g31">
<catDesc>Translation</catDesc>
</category>
<category xml:id="g32">
<catDesc>Travel</catDesc>
</category>
<category xml:id="g33">
<catDesc>Book History</catDesc>
</category>
<category xml:id="g34">
<catDesc>Law</catDesc>
</category>
</taxonomy>
<taxonomy corresp="http://www.rc.umd.edu/southey_letters/people.xml">
<category xml:id="people">
<catDesc>Southey Letters: Biographies</catDesc>
</category>
</taxonomy>
<taxonomy corresp="http://www.rc.umd.edu/southey_letters/places.xml">
<category xml:id="places">
<catDesc>Southey Letters: Places</catDesc>
</category>
</taxonomy>
</classDecl>
</encodingDesc>
<profileDesc>
<textClass>
<catRef scheme="#genre" target="#g7 #g27"/>
<catRef scheme="#people" target="#EEd.26.1.names"/>
<catRef scheme="#places" target="#EEd.26.1.places"/>
</textClass>
</profileDesc>
<revisionDesc>
<change who="#LM" when="2009-03-10" n="4">
<label>Changed by</label>
<name>Laura Mandell</name>
<list>
<item>XSLT Transforming</item>
</list>
</change>
<change who="#AB" when="2009-03-02" n="3">
<label>Changed by</label>
<name>Averill Buchanan</name>
<list>
<item>corrections from proofing</item>
</list>
</change>
<change who="#LM" when="2009-02-20" n="2">
<label>Changed by</label>
<name xml:id="LM">Laura Mandell</name>
<list>
<item>XSLT Transforming</item>
</list>
</change>
<change who="#AB" when="2009-02-20" n="1">
<label>Changed by</label>
<name xml:id="AB">Averill Buchanan</name>
<list>
<item>TEI Encoding</item>
</list>
</change>
</revisionDesc>
</teiHeader>
<text>
<body>
<div n="26" type="letter">
<head>26. Robert Southey to <ref target="people.html#BedfordGrosvenorCharles">Grosvenor Charles Bedford</ref>, <date when="1792-10-06">[c. 6 October
                        1792]</date>
<note place="foot" resp="editors" type="headnote">Address:
                        Grosvenor Charles Bedford Esq<hi rend="sup">r</hi>/ Old Palace Yard/
                        Westminster<lb/>Stamped: BRISTOL<lb/>Postmark: OOC/ 6/ 92<lb/>Watermark:
                        [obscured by MS binding]<lb/>Seal: Red wax [design
                        illegible]<lb/>Endorsement: Rec<hi rend="sup">d</hi>. Octo<hi rend="sup">r</hi>. 6<hi rend="sup">th</hi>. 1792<lb/> MS: Bodleian Library, MS
                        Eng. Lett. c. 22<lb/>Unpublished.</note>
</head>
<opener>
<salute>My dear friend</salute>
</opener>
<p rend="indent1"> Before I send off my packet of letters to <ref target="places.html#MountsfieldRye">Rye</ref> &amp; to York let me
                    acknowledge your kind letter &amp; return my thanks for this &amp; every
                    other favor. I hope I shall soon do it in person as I spend my Xmas with <ref target="people.html#LambThomasPhillipps">M<hi rend="sup">r</hi> Lamb</ref>
                    &amp; must pass thro London in my way. if I find you there as I trust it
                    shall it will be an inducement to detain me a few days in a city which I never
                    can think of with pleasure.</p>
<p rend="indent1"> make my best apologies to <ref target="people.html#CollinsCharles">Collins</ref> &amp; assure him if
                    this post would give me time I would make them myself — Sunday I will. perhaps
                    the cool considerate <ref target="people.html#CollinsCharles">Collins</ref> may
                    not allow for a little forgetfulness when the mind was overcharged with
                    indignities which it had not deserved. you can &amp; I trust will.</p>
<p rend="indent1"> you will perhaps wonder in what manner I can during this long
                    time employ myself my dear <ref target="people.html#BedfordGrosvenorCharles">Bedford</ref> in a most arduous &amp; important task. Euclid<note n="1" place="foot" resp="editors">Euclid of Alexandria (dates uncertain, between
                        325 and 250 BC), mathematician. His work includes the <title level="m">Elements</title>.</note> I lay aside with despair &amp; have began
                    to look seriously into myself. &amp; now when I say all my faults are in my
                    waistcoat pocket you will discover the same levity that always haunted me.
                    indeed there they are a long catalogue but I mean <del rend="strikethrough">them</del> to read them every day &amp; a sermon every Sunday till I
                    may safely offer them to their author on the altar of
                        Cloaci&lt;na&gt;<note n="2" place="foot" resp="editors">The goddess
                        who presided over the sewers of Rome.</note>
</p>
<p rend="indent1"> I thought of sending you the list but tho’ I can expose it to
                    myself why should I to any body else. I cannot acquit myself of any one fault
                    therein specified yet I did not esteem myself so bad till I saw the
                    accumulate.</p>
<p rend="indent1">
<ref target="people.html#HookJames">Hooke</ref> I believe is at S<hi rend="sup">t</hi> Mary Hall. where <ref target="people.html#Doyly">DOyly</ref>
                    &amp; Wentworth<note n="3" place="foot" resp="editors">Charles Wentworth
                        (1775–1844), only son of Sir John Wentworth, Bart.; educated at Westminster
                        School (adm. 1785) and Oxford and Cambridge universities. Southey knew —
                        but was not particularly fond of — him during his schooldays.</note> are I
                    know not I wish no acquaintance with either of them. <ref target="people.html#Doyly">DO</ref>. is a learned fool. <ref target="people.html#HookJames">Hooke</ref> I very much dislike. I despise
                    his enmity but I fear his friendship. he has privately caracatured me &amp;
                    if he does it publickly I care not. to his merit I will always bear testimony —
                    but notwithstanding our mutual injuries, cold civility will be all he ever must
                    expect to meet with from me. times presses me very much I am still indebted a
                    long letter to you &amp; if I forget not you have promised me one. what a
                    novel might be made of the characters I know. the charitable <ref target="people.html#VincentWilliam">Dr V.</ref> the liberal &amp;
                    learned Huncamunca.<note n="4" place="foot" resp="editors">A character in Henry
                        Fielding (1707–1754; <title level="m">DNB</title>), <title level="m">Tom
                            Thumb, a Tragedy</title> (1730). Possibly a nickname for a Westminster
                        School Usher.</note> the witty Smedley<note n="5" place="foot" resp="editors">Edward Smedley (1750–1825), an Usher at Westminster School,
                        1774–1820.</note> — the Christian clergyman in <ref target="people.html#DoddJamesWilliam">Dodd</ref> — <ref target="people.html#KellyMontague">Mountague Kelly</ref> — young <ref target="people.html#WynnCharlesWW">Wynn</ref> — the temperate <ref target="people.html#BunburyCharlesJohn">Bunbury</ref> little <ref target="people.html#PhillimoreJoseph">Joe</ref> the philosopher. common
                    sense in myself — grammatical nicety &amp; a pig tail in you know who. the
                    good <ref target="people.html#NaresRobert">Nares</ref>. all these you are
                    acquainted with. &amp; I know as many more. expect to hear from me early
                    next week &amp; believe me</p>
<closer>
<salute rend="indent2"> your sincerely</salute>
</closer>
<closer>
<signed rend="indent3">Robert Southey.</signed>
</closer>
</div>
</body>
</text>
</TEI>
