<?xml version="1.0" encoding="utf-8"?><TEI xmlns="http://www.tei-c.org/ns/1.0">
<teiHeader>
<fileDesc>
<titleStmt>
<title type="main">The Collected Letters of Robert Southey. Part 1: 1791-1797 </title>
<title type="subordinate">A Romantic Circles Electronic Edition</title>
<author>
<name>Southey, Robert, 1774-1843</name>
</author>
<editor>Lynda Pratt</editor>
<sponsor>Romantic Circles</sponsor>
<respStmt>
<resp>General Editor, </resp>
<name>Neil Fraistat</name>
</respStmt>
<respStmt>
<resp>General Editor, </resp>
<name>Steven E. Jones</name>
</respStmt>
<respStmt>
<resp>General Editor, </resp>
<name>Carl Stahmer</name>
</respStmt>
<respStmt>
<resp>Technical Editor</resp>
<name>Laura Mandell</name>
</respStmt>
</titleStmt>
<editionStmt>
<edition>
<date>2009-03-15</date>
</edition>
</editionStmt>
<publicationStmt>
<idno type="nines">rce58</idno>
<idno type="edition">letterEEd.26.58</idno>
<publisher>Romantic Circles, http://www.rc.umd.edu, University of Maryland</publisher>
<pubPlace>College Park, MD</pubPlace>
<date when="2009-02-20">March 15, 2009</date>
<availability status="restricted">
<p>Material from the Romantic Circles Website may not be downloaded, reproduced or disseminated in any
												manner without authorization unless it is for purposes of criticism, comment, news reporting,
												teaching, and/or classroom use as provided by the Copyright Act of 1976, as amended.</p>
<p>Unless otherwise noted, all Pages and Resources mounted on Romantic Circles are copyrighted by the
												author/editor and may be shared only in accordance with the Fair Use provisions of U.S. copyright law.
												Except as expressly permitted by this statement, redistribution or republication in any medium
												requires express prior written consent from the author/editors and advance notification of Romantic
												Circles. Any requests for authorization should be forwarded to Romantic Circles:&gt;
												<address>
<addrLine>Romantic Circles</addrLine>
<addrLine>c/o Professor Neil Fraistat</addrLine>
<addrLine>Department of English</addrLine>
<addrLine>University of Maryland</addrLine>
<addrLine>College Park, MD 20742</addrLine>
<addrLine>fraistat@umd.edu</addrLine>
</address>
</p>
<p>By their use of these texts and images, users agree to the following conditions: <list>
<item>These texts and images may not be used for any commercial purpose without prior written
														permission from Romantic Circles.</item>
<item>These texts and images may not be re-distributed in any forms other than their current
														ones.</item>
</list>
</p>
<p>Users are not permitted to download these texts and images in order to mount them on their own servers.
												It is not in our interest or that of our users to have uncontrolled subsets of our holdings available
												elsewhere on the Internet. We make corrections and additions to our edited resources on a continual
												basis, and we want the most current text to be the only one generally available to all Internet users.
												Institutions can, of course, make a link to the copies at Romantic Circles, subject to our conditions
												of use.</p>
</availability>
</publicationStmt>
<sourceDesc>
<p>Huntington
                        Library, HM 44804.  Not previously published.</p>
<p>These letters were edited with the assistance of Carol Bolton, Tim Fulford and Ian Packer</p>
<p>For permission to publish the text of MSS in their possession, the editor wishes to thank the Beinecke Rare
											Books and Manuscript Library, Yale University; Berg Collection of English and American Literature, The New
											York Public Library, Astor, Lenox and Tilden Foundations; the Bodleian Library Oxford University; the
											British Library; Boston Public Library; the Syndics of Cambridge University Library; the Syndics of the
											Fitzwilliam Museum Cambridge; Haverford College, Connecticut; the Historical Society of Pennsylvania; the
											Hornby Library, Liverpool Libraries and Information Services; the Houghton Library, Harvard University;
											the John Rylands Library, Manchester; the Kenneth Spencer Research Library, University of Kansas; Luton
											Museum (Bedfordshire County Council); Massachusetts Historical Society; McGill University Library; the
											National Library of Scotland; the Newberry Library, Chicago; the New York Public Library (Pforzheimer
											Collections); the Pierpont Morgan Library, New York; the Public Record Offices of Bedford, Suffolk (Bury
											St Edmunds) and Northumberland, the Master and Fellows of Trinity College, Cambridge; the Society of
											Antiquaries of Newcastle upon Tyne; the Trustees of the William Salt Library, Stafford, the Wisbech and
											Fenland Museum; the University of Virginia Library.</p>
<p>A research grant from the British Academy made much of the archival work possible, as did support from the
											English Department of Nottingham Trent University.</p>
</sourceDesc>
</fileDesc>
<encodingDesc>
<editorialDecl>
<quotation>
<p>All quotation marks and apostrophes have been changed: " for “," for ”, ' for ‘, and ' for ’.</p>
</quotation>
<hyphenation eol="none">
<p>Any dashes occurring in line breaks have been removed.</p>
<p>Because of web browser variability, all hyphens have been typed on the U.S. keyboard.</p>
<p>Dashes have been rendered as a variable number of hyphens to give a more exact rendering of their
												length.</p>
</hyphenation>
<normalization method="markup">
<p>Southey's spelling has not been regularized.</p>
<p>Writing in other hands appearing on these manuscripts has been indicated as such, the content recorded
												in brackets.</p>
</normalization>
<normalization>
<p>&amp; has been used for the ampersand sign.</p>
<p>£ has been used for £, the pound sign</p>
<p>All other characters, those with accents, non-breaking spaces, etc., have been encoded in HTML entity
												decimals.</p>
</normalization>
</editorialDecl>
<classDecl>
<taxonomy corresp="http://www.performantsoftware.com/nines_wiki/index.php/Submitting_RDF#.3Cnines:genre.3E" xml:id="g">
<bibl>NINES categories for Genre and Material Form at
												http://www.performantsoftware.com/nines_wiki/index.php/Submitting_RDF#.3Cnines:genre.3E on
												2009-02-26</bibl>
<category xml:id="g1">
<catDesc>Architecture</catDesc>
</category>
<category xml:id="g2">
<catDesc>Artifacts</catDesc>
</category>
<category xml:id="g3">
<catDesc>Bibliography</catDesc>
</category>
<category xml:id="g4">
<catDesc>Collection</catDesc>
</category>
<category xml:id="g5">
<catDesc>Criticism</catDesc>
</category>
<category xml:id="g7">
<catDesc>Letters</catDesc>
</category>
<category xml:id="g6">
<catDesc>Drama</catDesc>
</category>
<category xml:id="g8">
<catDesc>Life Writing</catDesc>
</category>
<category xml:id="g9">
<catDesc>Politics</catDesc>
</category>
<category xml:id="g10">
<catDesc>Folklore</catDesc>
</category>
<category xml:id="g11">
<catDesc>Ephemera</catDesc>
</category>
<category xml:id="g12">
<catDesc>Fiction</catDesc>
</category>
<category xml:id="g13">
<catDesc>History</catDesc>
</category>
<category xml:id="g14">
<catDesc>Leisure</catDesc>
</category>
<category xml:id="g15">
<catDesc>Manuscript</catDesc>
</category>
<category xml:id="g16">
<catDesc>Reference Works</catDesc>
</category>
<category xml:id="g17">
<catDesc>Humor</catDesc>
</category>
<category xml:id="g18">
<catDesc>Education</catDesc>
</category>
<category xml:id="g19">
<catDesc>Music</catDesc>
</category>
<category xml:id="g20">
<catDesc>nonfiction</catDesc>
</category>
<category xml:id="g21">
<catDesc>Paratext</catDesc>
</category>
<category xml:id="g22">
<catDesc>Perodical</catDesc>
</category>
<category xml:id="g23">
<catDesc>Philosphy</catDesc>
</category>
<category xml:id="g24">
<catDesc>Photograph</catDesc>
</category>
<category xml:id="g25">
<catDesc>Citation</catDesc>
</category>
<category xml:id="g26">
<catDesc>Family Life</catDesc>
</category>
<category xml:id="g27">
<catDesc>Poetry</catDesc>
</category>
<category xml:id="g28">
<catDesc>Religion</catDesc>
</category>
<category xml:id="g29">
<catDesc>Review</catDesc>
</category>
<category xml:id="g30">
<catDesc>Visual Art</catDesc>
</category>
<category xml:id="g31">
<catDesc>Translation</catDesc>
</category>
<category xml:id="g32">
<catDesc>Travel</catDesc>
</category>
<category xml:id="g33">
<catDesc>Book History</catDesc>
</category>
<category xml:id="g34">
<catDesc>Law</catDesc>
</category>
</taxonomy>
<taxonomy corresp="http://www.rc.umd.edu/southey_letters/people.xml">
<category xml:id="people">
<catDesc>Southey Letters: Biographies</catDesc>
</category>
</taxonomy>
<taxonomy corresp="http://www.rc.umd.edu/southey_letters/places.xml">
<category xml:id="places">
<catDesc>Southey Letters: Places</catDesc>
</category>
</taxonomy>
</classDecl>
</encodingDesc>
<profileDesc>
<textClass>
<catRef scheme="#genre" target="#g7 #g27"/>
<catRef scheme="#people" target="#EEd.26.1.names"/>
<catRef scheme="#places" target="#EEd.26.1.places"/>
</textClass>
</profileDesc>
<revisionDesc>
<change who="#LM" when="2009-03-10" n="4">
<label>Changed by</label>
<name>Laura Mandell</name>
<list>
<item>XSLT Transforming</item>
</list>
</change>
<change who="#AB" when="2009-03-02" n="3">
<label>Changed by</label>
<name>Averill Buchanan</name>
<list>
<item>corrections from proofing</item>
</list>
</change>
<change who="#LM" when="2009-02-20" n="2">
<label>Changed by</label>
<name xml:id="LM">Laura Mandell</name>
<list>
<item>XSLT Transforming</item>
</list>
</change>
<change who="#AB" when="2009-02-20" n="1">
<label>Changed by</label>
<name xml:id="AB">Averill Buchanan</name>
<list>
<item>TEI Encoding</item>
</list>
</change>
</revisionDesc>
</teiHeader>
<text>
<body>
<div n="58" type="letter">
<head>58. Robert Southey and <ref target="people.html#BedfordGrosvenorCharles">Grosvenor Charles Bedford</ref> to <ref target="people.html#CollinsCharles">Charles Collins</ref>, <date when="1793-09-26">26 September
                        1793</date>
<note place="foot" resp="editors" type="headnote">MS: Huntington
                        Library, HM 44804<lb/>Unpublished.</note>
</head>
<opener>
<dateline rend="left">
<address>
<placeName>
<ref target="places.html#Brixton">Brixton.</ref>
</placeName>
</address>
<date when="1793-09-26">Thurs. Sept. 26. 1793.</date>
</dateline>
</opener>
<p rend="indent1"> the evening we receivd yours.</p>
<p rend="indent4"> ——————</p>
<lg type="stanza">
<l rend="indent3">Was it the thunders as they pass?</l>
<l rend="indent3">Was it the braying of an ass?</l>
<l rend="indent3">Or was it from the walls re-ringing</l>
<l rend="indent3">The echo of my own sweet singing?</l>
<l rend="indent3">Or struck by hand of maddning Ire,</l>
<l rend="indent3">Discord from the Mantuan lyre?<note n="1" place="foot" resp="editors">Virgil (70–19 BC), who was born near Mantua.</note>
</l>
<l rend="indent3">Yes Anger struck the jarring string</l>
<l rend="indent3">Yes Anger stern essayd to sing.</l>
<l rend="indent3">The swan that whilom charmd the Po</l>
<l rend="indent3">Breathd the hoarse croak of the crow.</l>
</lg>
<lb/>
<lg type="stanza">
<l rend="indent3">Oh I will lightly touch the lyre</l>
<l rend="indent3">To sooth the soul of maddning Ire —</l>
<l rend="indent3">Gently breathe the fluent numbers</l>
<l rend="indent3">Softly sooth his soul to slumbers —</l>
<l rend="indent3">Cool the fever furious raging</l>
<l rend="indent3">Every pang &amp; pain assuaging.</l>
<l rend="indent3">What tho thy hand unweeting tore</l>
<l rend="indent3">The wound that was but slight before</l>
<l rend="indent3">Physic to Poetry is brother —</l>
<l rend="indent3">One dose shall counter act another.</l>
</lg>
<lb/>
<lg type="stanza">
<l rend="indent3">[start of section in Bedford’s hand]</l>
<l rend="indent3">Two Regulars must lend their aid</l>
<l rend="indent3">To cure the ill one Quack has made</l>
<l rend="indent3">And as you seem non compos mentis </l>
<l rend="indent3">To Willisize you<note n="2" place="foot" resp="editors">Francis Willis (1718–1807; <title level="m">DNB</title>), the doctor
                            who had treated George III (1738–1820; reigned 1760–1820; <title level="m">DNB</title>) during his illness of 1788–1789.</note> my
                        intent is</l>
<l rend="indent3">
<ref target="people.html#CollinsCharles">Collins</ref> indeed
                        you can’t conceal</l>
<l rend="indent3">How ill you take our friendly zeal</l>
<l rend="indent3">Well did we think to rouse your pride</l>
<l rend="indent3">And make you lay your books aside</l>
<l rend="indent3">[end of section in Bedford’s hand]</l>
<l rend="indent3">Good our Intention tho you mist her</l>
<l rend="indent3">Our lenities have raisd a blister</l>
<l rend="indent3">[start of section in Bedford’s hand]</l>
<l rend="indent3">The blister broke — what came away</l>
<l rend="indent3">Is far too foul for us to say</l>
<l rend="indent3">Suffice that bolt into our faces</l>
<l rend="indent3">It flew, &amp; left it’s nasty traces</l>
<l rend="indent3">[end of section in Bedford’s hand]</l>
<l rend="indent3">And then wed nothing else to do</l>
<l rend="indent3">But wipe ourselves &amp; then — wipe you.</l>
</lg>
<lb/>
<lg type="stanza">
<l rend="indent3">Did you my dear friend never hear</l>
<l rend="indent3">The story of Achilles spear?<note n="3" place="foot" resp="editors">In classical mythology, the Greek forces on their route to
                            Troy stopped in Mysia. A battle followed in which the local king,
                            Telephus, was wounded by the Greek hero Achilles. Telephus learnt from
                            an oracle that he could only be healed by the man who had made the
                            wound. He kidnapped Orestes, son of the Greek leader, and his wound was
                            healed when (as a ransom) Odysseus scraped some rust from Achilles’
                            spear into it. This story is known only from reports of <title level="m">Telephos</title>, a lost play by Euripides (480–406 BC).</note>
</l>
<l rend="indent3">Fruitful of wounds he wont to deal them</l>
<l rend="indent3">On purpose afterwards to heal them.</l>
</lg>
<lb/>
<lg type="stanza">
<l rend="indent3">Tis now twelve months or something better</l>
<l rend="indent3">Since I sat down &amp; pennd a letter</l>
<l rend="indent3">Wherein I beggd but beggd in vain</l>
<l rend="indent3">That you would write in English strain —</l>
<l rend="indent3">That faild. I deemd a useless task</l>
<l rend="indent3">Again the same request to ask</l>
<l rend="indent3">Resolvd no more my pains to waste</l>
<l rend="indent3">Till you’d compleatly formd your taste.</l>
<l rend="indent3">Your taste it seems is now grown ripe</l>
<l rend="indent3">At “Pretty Grange &amp; Pretty Pipe”</l>
<l rend="indent3">[start of section in Bedford’s hand]</l>
<l rend="indent3">Taste! the dull produce of the schools</l>
<l rend="indent3">Receiv’d by you — &amp; taught by fools</l>
<l rend="indent3">Who love to prune &amp; to suppress</l>
<l rend="indent3">Luxuriancies they can’t possess</l>
<l rend="indent3">Whose heads so hard so dry, that ne’er</l>
<l rend="indent3">Sprouts forth a crop of manly hair</l>
<l rend="indent3">But forced to fly for foreign aid</l>
<l rend="indent3">To Barber’s shop &amp; deadman’s head.</l>
<l rend="indent3">[end of section in Bedford’s hand]</l>
</lg>
<lb/>
<lg type="stanza">
<l rend="indent3">Of heads &amp; hair my friend enough</l>
<l rend="indent3">No more of any such vile stuff —</l>
<l rend="indent3">Here we the palm to you submit</l>
<l rend="indent3">And take your nastiness for wit.</l>
<l rend="indent3">Not here descending to come nigh</l>
<l rend="indent3">Or dirt our paper by reply</l>
<l rend="indent3">Let Christ Church here enjoy the field</l>
<l rend="indent3">[start of section in Bedford’s hand]</l>
<l rend="indent3">In Politesse &amp; Filth <hi rend="ital">We</hi> yield</l>
<l rend="indent3">But beg when next you satirize</l>
<l rend="indent3">You’ll stick to truth &amp; not write lies</l>
<l rend="indent3">As to the pair you shan’t come off</l>
<l rend="indent3">And think so cheap to have your scoff</l>
</lg>
<lb/>
<p rend="indent3">Make my respects to all your good Family.</p>
<p rend="indent8"> G.C.B.</p>
<p rend="indent3">[end of section in Bedford’s hand]</p>
<p rend="indent3">Make my respects to all your good Family. R.S.</p>
<lb/>
<lg type="stanza">
<l rend="indent3">[start of section in Bedford’s hand]</l>
<l rend="indent3">Tho’ Southey gentle bard refuse</l>
<l rend="indent3">To contradict your vile abuse</l>
<l rend="indent3">Know this — unstudied unadmired</l>
<l rend="indent3">By us, our persons are attired.</l>
<l rend="indent3">We boast no perfumes in our hair</l>
<l rend="indent3">But those bestowed by health &amp; air</l>
<l rend="indent3">And ivory combs. — we spurn pomatum<note n="4" place="foot" resp="editors">A dressing for hair made from perfumed oil.</note>
</l>
<l rend="indent3">Pots full of filth — as such we hate ’em.</l>
<l rend="indent3">Are heads are clean, nor when we’ve done ’em</l>
<l rend="indent3">Fear we to put our hats upon ’em</l>
<l rend="indent3">Like some good Christ Church beau who stalks</l>
<l rend="indent3">Filthy &amp; fine on X Church walks</l>
<l rend="indent3">Who without lining wears silk breeches</l>
<l rend="indent3">And shows brown skin thro’ stocking stitches.</l>
</lg>
<lb/>
<lg type="stanza">
<l rend="indent3">Who talks of impudence to read</l>
<l rend="indent3">His works his own conceit to feed?</l>
<l rend="indent3">[end of section in Bedford’s hand]</l>
<l rend="indent3">Remember <ref target="people.html#CollinsCharles">Collins</ref> I implore you</l>
<l rend="indent3">“Ambrosio puella toro”<note n="5" place="foot" resp="editors">The Latin translates as ‘girl on an ambrosial couch’.</note>
</l>
<l rend="indent3">True in the Christ Church hall not heard</l>
<l rend="indent3">This pretty warmth of Jack the third —</l>
<l rend="indent3">The Dean much shockd went home good Sir!</l>
<l rend="indent3">To read Petronius Arbiter<note n="6" place="foot" resp="editors">Petronius Arbiter (d. AD 65), satirist, author of the
                                <title level="m">Satyricon</title>.</note>
</l>
<l rend="indent3">And you displeasd return to dwell</l>
<l rend="indent3">On Jack the second<note n="7" place="foot" resp="editors">Johannes Secundus (1511–1536), whose <title level="m">Liber
                                Basiorum</title> (<title level="m">Book of Kisses</title>) was
                            published in 1541.</note> or Pucelle.<note n="8" place="foot" resp="editors">
<title level="m">La Pucelle</title>, a mock-epic poem by
                            Voltaire (1694–1778).</note>
</l>
<l rend="indent3">[start of section in Bedford’s hand]</l>
<l rend="indent3">Or what’s more worthy copying o’er</l>
<l rend="indent3">Your verses twenty times or more</l>
<l rend="indent3">Writing so neatly copies fair</l>
<l rend="indent3">Detergent to your friend’s derrieres</l>
<l rend="indent3">[end of section in Bedford’s hand]</l>
</lg>
<lb/>
<lg type="stanza">
<l rend="indent3">And now my friend let Satire cease</l>
<l rend="indent3">Gently sink to gentle peace —</l>
<l rend="indent3">Proudly in poetic pride</l>
<l rend="indent3">We began &amp; you replied.</l>
<l rend="indent3">We empt our wit &amp; you your jakes</l>
<l rend="indent3">Let us cease for both our sakes.</l>
<l rend="indent3">This good at least from ill has sprung</l>
<l rend="indent3">That you have usd your native tongue</l>
<l rend="indent3">Flung the Gradus<note n="9" place="foot" resp="editors">A
                            dictionary used in writing Latin verses.</note> quite aside</l>
<l rend="indent3">And in good English verse replied</l>
<l rend="indent3">Barber &amp; Shoe black in one letter!</l>
<l rend="indent3">To be the Gentleman is better</l>
<l rend="indent3">And so who first began first end —</l>
<l rend="indent3">Well write more gravely to our friend.</l>
</lg>
<lb/>
<lg type="stanza">
<l rend="indent3">True <ref target="people.html#CollinsCharles">Collins</ref>
                        not till Fancy quits</l>
<l rend="indent3">In endless gloom these wandering wits</l>
<l rend="indent3">Till Reason abdicates her reign</l>
<l rend="indent3">And Fashion triumphs oer my brain</l>
<l rend="indent3">Till <ref target="people.html#BedfordGrosvenorCharles">Grosvenor</ref> shall forget his friend</l>
<l rend="indent3">Till Time himself shall have an end —</l>
<l rend="indent3">I dress my hair to hide my sense</l>
<l rend="indent3">Or give to you my friend offence.</l>
</lg>
<p rend="indent5"> ———</p>
<lg type="stanza">
<l rend="indent3">[start of section in Bedford’s hand]</l>
<l rend="indent3">As dancers at a Masquerade</l>
<l rend="indent3">At summer lay aside parade </l>
<l rend="indent3">Take off their masks &amp; free discover</l>
<l rend="indent3">Their smiling faces to each other,</l>
<l rend="indent3">So we to say the truth admire</l>
<l rend="indent3">Thro’ all your verse your wonted fire</l>
<l rend="indent3">Nor shall we e’er be angry when</l>
<l rend="indent3">You raise ’gainst us so well the pen.</l>
</lg>
<lb/>
<lg type="stanza">
<l rend="indent3">If to write thus my friend twould cure ye</l>
<l rend="indent3">Each week would I provoke your fury</l>
<l rend="indent3">Nor e’er at falling, should repine</l>
<l rend="indent3">The victim of such wrath divine.</l>
</lg>
<p>And if that is not a lenitive plaister <ref target="people.html#CollinsCharles">Collins</ref> I do not know what you would have — Of your verses I will
                    just say thus much — that you have only your &lt;own&gt; indolence to
                    blame in not having before this time, excelled us as much in that line as <del rend="strikethrough">you d</del> in all others — you will now be
                    unpardonable if you do not often exercise yourself in this walk There is no
                    better in Christ Church — — You think this a pun — as you please. </p>
<p>[end of section in Bedford’s hand]</p>
<p>Passion my dear friend opened Atyss<note n="10" place="foot" resp="editors">Originally a Phrygian god whose cult was introduced to Rome. According to
                        some versions of his myth, he was beloved of Cybele, mother of the gods, but
                        was driven mad and castrated himself. He was the subject of a poem by
                        Catullus (87–54 BC).</note> mouth — the strings were loosened &amp; he
                    spake —</p>
</div>
</body>
</text>
</TEI>
