<?xml version="1.0" encoding="utf-8"?><TEI xmlns="http://www.tei-c.org/ns/1.0">
<teiHeader>
<fileDesc>
<titleStmt>
<title type="main">The Collected Letters of Robert Southey. Part 1: 1791-1797 </title>
<title type="subordinate">A Romantic Circles Electronic Edition</title>
<author>
<name>Southey, Robert, 1774-1843</name>
</author>
<editor>Lynda Pratt</editor>
<sponsor>Romantic Circles</sponsor>
<respStmt>
<resp>General Editor, </resp>
<name>Neil Fraistat</name>
</respStmt>
<respStmt>
<resp>General Editor, </resp>
<name>Steven E. Jones</name>
</respStmt>
<respStmt>
<resp>General Editor, </resp>
<name>Carl Stahmer</name>
</respStmt>
<respStmt>
<resp>Technical Editor</resp>
<name>Laura Mandell</name>
</respStmt>
</titleStmt>
<editionStmt>
<edition>
<date>2009-03-15</date>
</edition>
</editionStmt>
<publicationStmt>
<idno type="nines">rce126</idno>
<idno type="edition">letterEEd.26.126</idno>
<publisher>Romantic Circles, http://www.rc.umd.edu, University of Maryland</publisher>
<pubPlace>College Park, MD</pubPlace>
<date when="2009-02-20">March 15, 2009</date>
<availability status="restricted">
<p>Material from the Romantic Circles Website may not be downloaded, reproduced or disseminated in any
												manner without authorization unless it is for purposes of criticism, comment, news reporting,
												teaching, and/or classroom use as provided by the Copyright Act of 1976, as amended.</p>
<p>Unless otherwise noted, all Pages and Resources mounted on Romantic Circles are copyrighted by the
												author/editor and may be shared only in accordance with the Fair Use provisions of U.S. copyright law.
												Except as expressly permitted by this statement, redistribution or republication in any medium
												requires express prior written consent from the author/editors and advance notification of Romantic
												Circles. Any requests for authorization should be forwarded to Romantic Circles:&gt;
												<address>
<addrLine>Romantic Circles</addrLine>
<addrLine>c/o Professor Neil Fraistat</addrLine>
<addrLine>Department of English</addrLine>
<addrLine>University of Maryland</addrLine>
<addrLine>College Park, MD 20742</addrLine>
<addrLine>fraistat@umd.edu</addrLine>
</address>
</p>
<p>By their use of these texts and images, users agree to the following conditions: <list>
<item>These texts and images may not be used for any commercial purpose without prior written
														permission from Romantic Circles.</item>
<item>These texts and images may not be re-distributed in any forms other than their current
														ones.</item>
</list>
</p>
<p>Users are not permitted to download these texts and images in order to mount them on their own servers.
												It is not in our interest or that of our users to have uncontrolled subsets of our holdings available
												elsewhere on the Internet. We make corrections and additions to our edited resources on a continual
												basis, and we want the most current text to be the only one generally available to all Internet users.
												Institutions can, of course, make a link to the copies at Romantic Circles, subject to our conditions
												of use.</p>
</availability>
</publicationStmt>
<sourceDesc>
<p>British
                        Library, Add MS 30,927.  Previously  published: Kenneth Curry (ed.), New Letters of Robert Southey, 2 vols (London and New
                        York, 1965), I, pp. 93–95.</p>
<p>These letters were edited with the assistance of Carol Bolton, Tim Fulford and Ian Packer</p>
<p>For permission to publish the text of MSS in their possession, the editor wishes to thank the Beinecke Rare
											Books and Manuscript Library, Yale University; Berg Collection of English and American Literature, The New
											York Public Library, Astor, Lenox and Tilden Foundations; the Bodleian Library Oxford University; the
											British Library; Boston Public Library; the Syndics of Cambridge University Library; the Syndics of the
											Fitzwilliam Museum Cambridge; Haverford College, Connecticut; the Historical Society of Pennsylvania; the
											Hornby Library, Liverpool Libraries and Information Services; the Houghton Library, Harvard University;
											the John Rylands Library, Manchester; the Kenneth Spencer Research Library, University of Kansas; Luton
											Museum (Bedfordshire County Council); Massachusetts Historical Society; McGill University Library; the
											National Library of Scotland; the Newberry Library, Chicago; the New York Public Library (Pforzheimer
											Collections); the Pierpont Morgan Library, New York; the Public Record Offices of Bedford, Suffolk (Bury
											St Edmunds) and Northumberland, the Master and Fellows of Trinity College, Cambridge; the Society of
											Antiquaries of Newcastle upon Tyne; the Trustees of the William Salt Library, Stafford, the Wisbech and
											Fenland Museum; the University of Virginia Library.</p>
<p>A research grant from the British Academy made much of the archival work possible, as did support from the
											English Department of Nottingham Trent University.</p>
</sourceDesc>
</fileDesc>
<encodingDesc>
<editorialDecl>
<quotation>
<p>All quotation marks and apostrophes have been changed: " for “," for ”, ' for ‘, and ' for ’.</p>
</quotation>
<hyphenation eol="none">
<p>Any dashes occurring in line breaks have been removed.</p>
<p>Because of web browser variability, all hyphens have been typed on the U.S. keyboard.</p>
<p>Dashes have been rendered as a variable number of hyphens to give a more exact rendering of their
												length.</p>
</hyphenation>
<normalization method="markup">
<p>Southey's spelling has not been regularized.</p>
<p>Writing in other hands appearing on these manuscripts has been indicated as such, the content recorded
												in brackets.</p>
</normalization>
<normalization>
<p>&amp; has been used for the ampersand sign.</p>
<p>£ has been used for £, the pound sign</p>
<p>All other characters, those with accents, non-breaking spaces, etc., have been encoded in HTML entity
												decimals.</p>
</normalization>
</editorialDecl>
<classDecl>
<taxonomy corresp="http://www.performantsoftware.com/nines_wiki/index.php/Submitting_RDF#.3Cnines:genre.3E" xml:id="g">
<bibl>NINES categories for Genre and Material Form at
												http://www.performantsoftware.com/nines_wiki/index.php/Submitting_RDF#.3Cnines:genre.3E on
												2009-02-26</bibl>
<category xml:id="g1">
<catDesc>Architecture</catDesc>
</category>
<category xml:id="g2">
<catDesc>Artifacts</catDesc>
</category>
<category xml:id="g3">
<catDesc>Bibliography</catDesc>
</category>
<category xml:id="g4">
<catDesc>Collection</catDesc>
</category>
<category xml:id="g5">
<catDesc>Criticism</catDesc>
</category>
<category xml:id="g7">
<catDesc>Letters</catDesc>
</category>
<category xml:id="g6">
<catDesc>Drama</catDesc>
</category>
<category xml:id="g8">
<catDesc>Life Writing</catDesc>
</category>
<category xml:id="g9">
<catDesc>Politics</catDesc>
</category>
<category xml:id="g10">
<catDesc>Folklore</catDesc>
</category>
<category xml:id="g11">
<catDesc>Ephemera</catDesc>
</category>
<category xml:id="g12">
<catDesc>Fiction</catDesc>
</category>
<category xml:id="g13">
<catDesc>History</catDesc>
</category>
<category xml:id="g14">
<catDesc>Leisure</catDesc>
</category>
<category xml:id="g15">
<catDesc>Manuscript</catDesc>
</category>
<category xml:id="g16">
<catDesc>Reference Works</catDesc>
</category>
<category xml:id="g17">
<catDesc>Humor</catDesc>
</category>
<category xml:id="g18">
<catDesc>Education</catDesc>
</category>
<category xml:id="g19">
<catDesc>Music</catDesc>
</category>
<category xml:id="g20">
<catDesc>nonfiction</catDesc>
</category>
<category xml:id="g21">
<catDesc>Paratext</catDesc>
</category>
<category xml:id="g22">
<catDesc>Perodical</catDesc>
</category>
<category xml:id="g23">
<catDesc>Philosphy</catDesc>
</category>
<category xml:id="g24">
<catDesc>Photograph</catDesc>
</category>
<category xml:id="g25">
<catDesc>Citation</catDesc>
</category>
<category xml:id="g26">
<catDesc>Family Life</catDesc>
</category>
<category xml:id="g27">
<catDesc>Poetry</catDesc>
</category>
<category xml:id="g28">
<catDesc>Religion</catDesc>
</category>
<category xml:id="g29">
<catDesc>Review</catDesc>
</category>
<category xml:id="g30">
<catDesc>Visual Art</catDesc>
</category>
<category xml:id="g31">
<catDesc>Translation</catDesc>
</category>
<category xml:id="g32">
<catDesc>Travel</catDesc>
</category>
<category xml:id="g33">
<catDesc>Book History</catDesc>
</category>
<category xml:id="g34">
<catDesc>Law</catDesc>
</category>
</taxonomy>
<taxonomy corresp="http://www.rc.umd.edu/southey_letters/people.xml">
<category xml:id="people">
<catDesc>Southey Letters: Biographies</catDesc>
</category>
</taxonomy>
<taxonomy corresp="http://www.rc.umd.edu/southey_letters/places.xml">
<category xml:id="places">
<catDesc>Southey Letters: Places</catDesc>
</category>
</taxonomy>
</classDecl>
</encodingDesc>
<profileDesc>
<textClass>
<catRef scheme="#genre" target="#g7 #g27"/>
<catRef scheme="#people" target="#EEd.26.1.names"/>
<catRef scheme="#places" target="#EEd.26.1.places"/>
</textClass>
</profileDesc>
<revisionDesc>
<change who="#LM" when="2009-03-10" n="4">
<label>Changed by</label>
<name>Laura Mandell</name>
<list>
<item>XSLT Transforming</item>
</list>
</change>
<change who="#AB" when="2009-03-02" n="3">
<label>Changed by</label>
<name>Averill Buchanan</name>
<list>
<item>corrections from proofing</item>
</list>
</change>
<change who="#LM" when="2009-02-20" n="2">
<label>Changed by</label>
<name xml:id="LM">Laura Mandell</name>
<list>
<item>XSLT Transforming</item>
</list>
</change>
<change who="#AB" when="2009-02-20" n="1">
<label>Changed by</label>
<name xml:id="AB">Averill Buchanan</name>
<list>
<item>TEI Encoding</item>
</list>
</change>
</revisionDesc>
</teiHeader>
<text>
<body>
<div n="126" type="letter">
<head>126. Robert Southey to <ref target="people.html#SoutheyTom">Thomas Southey
                        [brother]</ref>, <date when="1795-05-09">9 May 1795</date>
<note place="foot" resp="editors" type="headnote">Address: Thomas Southey/ Aquilon Frigate/
                        Spithead<lb/>Stamped: BATH<lb/>Seal: [partial] red wax; design
                        illegible<lb/>Endorsement: post paid<lb/>MS: British
                        Library, Add MS 30,927<lb/>Previously published: Kenneth Curry (ed.), <title level="m">New Letters of Robert Southey</title>, 2 vols (London and New
                        York, 1965), I, pp. 93–95.</note>
</head>
<opener>
<salute>Dear Tom</salute>
</opener>
<p rend="indent1"> As for the Boyne<note n="1" place="foot" resp="editors">The <hi rend="ital">Boyne</hi>, the flagship of John Jervis, 1st Earl St Vincent
                        (1735–1823; <title level="m">DNB</title>), caught fire and exploded while
                        berthed at Spithead on 1 May 1795.</note> — I am sorry for the poor fellows
                    lost. the sight must have been tremendously sublime. I saw a merchant man burnt
                    some weeks ago &amp; can form some idea by comparison. my Lectures<note n="2" place="foot" resp="editors">Southey had delivered a series of
                        ‘Historical Lectures’ ‘Unconnected with the Politics of the Day’ in
                        Bristol.</note> are finished &amp; that very quietly. I gave
                        thirteen<note n="3" place="foot" resp="editors">The prospectus for the
                        lectures, Bodleian Library, Autogr. b. 7 (9), only advertised twelve.</note>
                    — &amp; said bolder truths than any other Man in this country has yet
                    ventured. speaking of my friend Tom — I cried — O Paine!<note n="4" place="foot" resp="editors">Thomas Paine (1737–1809; <title level="m">DNB</title>),
                        author and revolutionary.</note> hireless Priest of Liberty! unbought
                    teacher of the poor! chearing to me is the reflection that my heart hath ever
                    acknowledged — that my tongue hath proudly proclaimed — the Truth &amp;
                    Divinity of thy Doctrines!</p>
<p rend="indent1"> I came here on Thursday on foot over Lansdown. to night I am
                    engaged to tea at Kingswood on my return. my Joan of Arc goes to the Press next
                    week — it will take three months in printing — the moment it comes out I will
                    forward you one. twill want no luxury of type &amp; paper. the types are new
                    on purpose — &amp; the paper which I have seen is most excellent. would the
                    poetry were as faultless. my Lectures have occupied so much time that I have
                    written little else. I wait with much anxiety the coming out of the Citizen<note n="5" place="foot" resp="editors">Southey had been promised a position on a
                        new periodical by John Scott (dates unknown), editor of the London newspaper
                        the <title level="j">Morning Advertiser</title>. Nothing came of it.</note>
                    — as with 80 pound a year I can live in the wilds of Wales very comfortably.</p>
<p rend="indent1"> Your prize is better than nothing. — but if it were the best
                    except one yet taken your share would be very considerably greater.</p>
<p rend="indent1"> as for news we have none — but the enormous price of provisions
                    &amp; insurrections every where in consequence. the Colliers are expected in
                    Bath to day to sell the meat at their own price. tis said this has been done at
                    Bradford. I was there last night &amp; enquired No (said the woman) they
                    have not rised yet — but tis almost time they should. You must have heard that
                    the King has applied to parliament to pay the Princes debts — 700,000 pounds
                    !!!!!!!! 180,000 are the annual expences of the United States of America.</p>
<p rend="indent1"> what think you of these titles </p>
<p>his most sacred Jolter-head &amp; his August Jobbernowl?</p>
<p rend="indent1"> there is a Proclamation offering a reward to whoever will inform
                    where a Sailor lies hid that so he may be prest! I take this to be the most
                    damnable piece of villainy ever practised. Well Tom — when I have a house in
                    Wales — quit you the navy &amp; come to us — &amp; see if the Devil or
                        <del rend="strikethrough">xx</del> his August Jobbernowl shall press<note n="6" place="foot" resp="editors">In wartime, experienced sailors could be
                        conscripted into service in the Royal Navy by press-gangs, the popular name
                        for the Impress Service.</note> you there.</p>
<p rend="indent1"> Richard Brothers<note n="7" place="foot" resp="editors">Richard
                        Brothers (1757–1824; <title level="m">DNB</title>), prophet and author of
                            <title level="m">A Revealed Knowledge and Prophecies of the
                            Times</title> (1794), claimed to be the ‘Prince of the Hebrews’ and to
                        have predicted the deaths of Gustavus III of Sweden (1746–1792; reigned
                        1771–1792) and Louis XVI (1754–1793; reigned 1774–1792). Popular interest in
                        his prophecies was at its height in the mid 1790s. In March 1795 he was
                        arrested, declared insane and confined as a criminal lunatic.</note> makes a
                    strange outcry — Whitchurch &amp; Crease here have written in defence of
                    him. <note n="8" place="foot" resp="editors">S. Whitchurch (dates unknown),
                            <title level="m">Another Witness! Or Further Testimony in Favor of
                            Richard Brothers: With a Few Modest Hints to Modern Pharisees, and
                            Reverend Unbelievers. Also Some of the Scriptural Marks of the Present
                            Times, or Prophetical Latter Day</title> (1795); J. Crease (dates
                        unknown), <title level="m">Prophecies Fulfilling: or, the Dawn of the
                            Perfect Day; with Increasing Light Breaking Forth into all Directions.
                            Addressed to all Scoffing Sectarians and Others, who, in the Plenitude
                            of Their Folly, Despise and Reject Richard Brothers, as the Jews also
                            Despised and Rejected Jesus Christ</title> (1795).</note> some Mr
                    Charles Cotter<note n="9" place="foot" resp="editors">Christopher Cotter (dates
                        unknown), <title level="m">A Solemn Warning to the Inhabitants of Great
                            Britain: or London to Be Destroyed by an Earthquake, in Less Than
                            Twenty-Nine Days! As Revealed to Mr. Christopher Cotter on Monday Night,
                            April 13, 1795</title> (1795). Cotter seems to have been a supporter of
                        Richard Brothers, who had predicted an earthquake in London on 4 June 1795.
                        Brothers’s prophecy was caricatured by James Gillray (1756–1815; <title level="m">DNB</title>) in <title level="m">The Prophet of the Hebrews —
                            The Prince of Peace Conducting the Jews to the Promised Land</title>
                        (1795).</note> has had a vision &amp; he declares that London will be
                    destroyed by an earthquake next week. many very many have left town on the [MS
                    scuffed]ngth of this wise acres <del rend="strikethrough">xxxxxxx</del>
                    revelation.</p>
<p rend="indent1"> fare thee well. can you not get leave of absence for a few weeks
                    during this summer. I wish very much to see you.</p>
<closer>
<salute rend="indent2"> yrs fraternally.</salute>
<signed rend="indent4"> RS.</signed>
</closer>
<postscript>
<p>
<address>
<placeName>Bath.</placeName>
</address>
<date when="1795-05-09">Saturday. May 9. 1795.</date>
</p>
</postscript>
</div>
</body>
</text>
</TEI>
