<?xml version="1.0" encoding="utf-8"?><TEI xmlns="http://www.tei-c.org/ns/1.0">
<teiHeader>
<fileDesc>
<titleStmt>
<title type="main">The Collected Letters of Robert Southey. Part 1: 1791-1797 </title>
<title type="subordinate">A Romantic Circles Electronic Edition</title>
<author>
<name>Southey, Robert, 1774-1843</name>
</author>
<editor>Lynda Pratt</editor>
<sponsor>Romantic Circles</sponsor>
<respStmt>
<resp>General Editor, </resp>
<name>Neil Fraistat</name>
</respStmt>
<respStmt>
<resp>General Editor, </resp>
<name>Steven E. Jones</name>
</respStmt>
<respStmt>
<resp>General Editor, </resp>
<name>Carl Stahmer</name>
</respStmt>
<respStmt>
<resp>Technical Editor</resp>
<name>Laura Mandell</name>
</respStmt>
</titleStmt>
<editionStmt>
<edition>
<date>2009-03-15</date>
</edition>
</editionStmt>
<publicationStmt>
<idno type="nines">rce241</idno>
<idno type="edition">letterEEd.26.241</idno>
<publisher>Romantic Circles, http://www.rc.umd.edu, University of Maryland</publisher>
<pubPlace>College Park, MD</pubPlace>
<date when="2009-02-20">March 15, 2009</date>
<availability status="restricted">
<p>Material from the Romantic Circles Website may not be downloaded, reproduced or disseminated in any
												manner without authorization unless it is for purposes of criticism, comment, news reporting,
												teaching, and/or classroom use as provided by the Copyright Act of 1976, as amended.</p>
<p>Unless otherwise noted, all Pages and Resources mounted on Romantic Circles are copyrighted by the
												author/editor and may be shared only in accordance with the Fair Use provisions of U.S. copyright law.
												Except as expressly permitted by this statement, redistribution or republication in any medium
												requires express prior written consent from the author/editors and advance notification of Romantic
												Circles. Any requests for authorization should be forwarded to Romantic Circles:&gt;
												<address>
<addrLine>Romantic Circles</addrLine>
<addrLine>c/o Professor Neil Fraistat</addrLine>
<addrLine>Department of English</addrLine>
<addrLine>University of Maryland</addrLine>
<addrLine>College Park, MD 20742</addrLine>
<addrLine>fraistat@umd.edu</addrLine>
</address>
</p>
<p>By their use of these texts and images, users agree to the following conditions: <list>
<item>These texts and images may not be used for any commercial purpose without prior written
														permission from Romantic Circles.</item>
<item>These texts and images may not be re-distributed in any forms other than their current
														ones.</item>
</list>
</p>
<p>Users are not permitted to download these texts and images in order to mount them on their own servers.
												It is not in our interest or that of our users to have uncontrolled subsets of our holdings available
												elsewhere on the Internet. We make corrections and additions to our edited resources on a continual
												basis, and we want the most current text to be the only one generally available to all Internet users.
												Institutions can, of course, make a link to the copies at Romantic Circles, subject to our conditions
												of use.</p>
</availability>
</publicationStmt>
<sourceDesc>
<p>MS has not survived.  Previously  published: Monthly Magazine, 4 (August 1797), 87–88 [from where the text is taken] under pseudonym ‘T.Y.’. For attribution to Southey, see Kenneth Curry, ‘Southey’s contributions to The Monthly Magazine and The Athenaeum’, The Wordsworth Circle, 11 (1980), 216.</p>
<p>These letters were edited with the assistance of Carol Bolton, Tim Fulford and Ian Packer</p>
<p>For permission to publish the text of MSS in their possession, the editor wishes to thank the Beinecke Rare
											Books and Manuscript Library, Yale University; Berg Collection of English and American Literature, The New
											York Public Library, Astor, Lenox and Tilden Foundations; the Bodleian Library Oxford University; the
											British Library; Boston Public Library; the Syndics of Cambridge University Library; the Syndics of the
											Fitzwilliam Museum Cambridge; Haverford College, Connecticut; the Historical Society of Pennsylvania; the
											Hornby Library, Liverpool Libraries and Information Services; the Houghton Library, Harvard University;
											the John Rylands Library, Manchester; the Kenneth Spencer Research Library, University of Kansas; Luton
											Museum (Bedfordshire County Council); Massachusetts Historical Society; McGill University Library; the
											National Library of Scotland; the Newberry Library, Chicago; the New York Public Library (Pforzheimer
											Collections); the Pierpont Morgan Library, New York; the Public Record Offices of Bedford, Suffolk (Bury
											St Edmunds) and Northumberland, the Master and Fellows of Trinity College, Cambridge; the Society of
											Antiquaries of Newcastle upon Tyne; the Trustees of the William Salt Library, Stafford, the Wisbech and
											Fenland Museum; the University of Virginia Library.</p>
<p>A research grant from the British Academy made much of the archival work possible, as did support from the
											English Department of Nottingham Trent University.</p>
</sourceDesc>
</fileDesc>
<encodingDesc>
<editorialDecl>
<quotation>
<p>All quotation marks and apostrophes have been changed: " for “," for ”, ' for ‘, and ' for ’.</p>
</quotation>
<hyphenation eol="none">
<p>Any dashes occurring in line breaks have been removed.</p>
<p>Because of web browser variability, all hyphens have been typed on the U.S. keyboard.</p>
<p>Dashes have been rendered as a variable number of hyphens to give a more exact rendering of their
												length.</p>
</hyphenation>
<normalization method="markup">
<p>Southey's spelling has not been regularized.</p>
<p>Writing in other hands appearing on these manuscripts has been indicated as such, the content recorded
												in brackets.</p>
</normalization>
<normalization>
<p>&amp; has been used for the ampersand sign.</p>
<p>£ has been used for £, the pound sign</p>
<p>All other characters, those with accents, non-breaking spaces, etc., have been encoded in HTML entity
												decimals.</p>
</normalization>
</editorialDecl>
<classDecl>
<taxonomy corresp="http://www.performantsoftware.com/nines_wiki/index.php/Submitting_RDF#.3Cnines:genre.3E" xml:id="g">
<bibl>NINES categories for Genre and Material Form at
												http://www.performantsoftware.com/nines_wiki/index.php/Submitting_RDF#.3Cnines:genre.3E on
												2009-02-26</bibl>
<category xml:id="g1">
<catDesc>Architecture</catDesc>
</category>
<category xml:id="g2">
<catDesc>Artifacts</catDesc>
</category>
<category xml:id="g3">
<catDesc>Bibliography</catDesc>
</category>
<category xml:id="g4">
<catDesc>Collection</catDesc>
</category>
<category xml:id="g5">
<catDesc>Criticism</catDesc>
</category>
<category xml:id="g7">
<catDesc>Letters</catDesc>
</category>
<category xml:id="g6">
<catDesc>Drama</catDesc>
</category>
<category xml:id="g8">
<catDesc>Life Writing</catDesc>
</category>
<category xml:id="g9">
<catDesc>Politics</catDesc>
</category>
<category xml:id="g10">
<catDesc>Folklore</catDesc>
</category>
<category xml:id="g11">
<catDesc>Ephemera</catDesc>
</category>
<category xml:id="g12">
<catDesc>Fiction</catDesc>
</category>
<category xml:id="g13">
<catDesc>History</catDesc>
</category>
<category xml:id="g14">
<catDesc>Leisure</catDesc>
</category>
<category xml:id="g15">
<catDesc>Manuscript</catDesc>
</category>
<category xml:id="g16">
<catDesc>Reference Works</catDesc>
</category>
<category xml:id="g17">
<catDesc>Humor</catDesc>
</category>
<category xml:id="g18">
<catDesc>Education</catDesc>
</category>
<category xml:id="g19">
<catDesc>Music</catDesc>
</category>
<category xml:id="g20">
<catDesc>nonfiction</catDesc>
</category>
<category xml:id="g21">
<catDesc>Paratext</catDesc>
</category>
<category xml:id="g22">
<catDesc>Perodical</catDesc>
</category>
<category xml:id="g23">
<catDesc>Philosphy</catDesc>
</category>
<category xml:id="g24">
<catDesc>Photograph</catDesc>
</category>
<category xml:id="g25">
<catDesc>Citation</catDesc>
</category>
<category xml:id="g26">
<catDesc>Family Life</catDesc>
</category>
<category xml:id="g27">
<catDesc>Poetry</catDesc>
</category>
<category xml:id="g28">
<catDesc>Religion</catDesc>
</category>
<category xml:id="g29">
<catDesc>Review</catDesc>
</category>
<category xml:id="g30">
<catDesc>Visual Art</catDesc>
</category>
<category xml:id="g31">
<catDesc>Translation</catDesc>
</category>
<category xml:id="g32">
<catDesc>Travel</catDesc>
</category>
<category xml:id="g33">
<catDesc>Book History</catDesc>
</category>
<category xml:id="g34">
<catDesc>Law</catDesc>
</category>
</taxonomy>
<taxonomy corresp="http://www.rc.umd.edu/southey_letters/people.xml">
<category xml:id="people">
<catDesc>Southey Letters: Biographies</catDesc>
</category>
</taxonomy>
<taxonomy corresp="http://www.rc.umd.edu/southey_letters/places.xml">
<category xml:id="places">
<catDesc>Southey Letters: Places</catDesc>
</category>
</taxonomy>
</classDecl>
</encodingDesc>
<profileDesc>
<textClass>
<catRef scheme="#genre" target="#g7 #g27"/>
<catRef scheme="#people" target="#EEd.26.1.names"/>
<catRef scheme="#places" target="#EEd.26.1.places"/>
</textClass>
</profileDesc>
<revisionDesc>
<change who="#LM" when="2009-03-10" n="4">
<label>Changed by</label>
<name>Laura Mandell</name>
<list>
<item>XSLT Transforming</item>
</list>
</change>
<change who="#AB" when="2009-03-02" n="3">
<label>Changed by</label>
<name>Averill Buchanan</name>
<list>
<item>corrections from proofing</item>
</list>
</change>
<change who="#LM" when="2009-02-20" n="2">
<label>Changed by</label>
<name xml:id="LM">Laura Mandell</name>
<list>
<item>XSLT Transforming</item>
</list>
</change>
<change who="#AB" when="2009-02-20" n="1">
<label>Changed by</label>
<name xml:id="AB">Averill Buchanan</name>
<list>
<item>TEI Encoding</item>
</list>
</change>
</revisionDesc>
</teiHeader>
<text>
<body>
<div n="241" type="letter">
<head>241. Robert Southey to the <ref target="people.html#AikinJohn">Editor of the <title level="j">Monthly Magazine</title>,</ref>
<date when="1797-08">[c. August 1797]</date>
<note place="foot" resp="editors" type="headnote">MS: MS has not survived<lb/>Previously published: <title level="j">Monthly Magazine</title>, 4 (August 1797), 87–88 [from where the text is taken] under pseudonym ‘T.Y.’. For attribution to Southey, see Kenneth Curry, ‘Southey’s contributions to <title level="j">The Monthly Magazine</title> and <title level="j">The Athenaeum</title>’, <title level="j">The Wordsworth Circle</title>, 11 (1980), 216.</note>
</head>
<opener>
<salute>SIR,</salute>
</opener>
<p rend="indent1">	AN account of the treatment which the English prisoners meet with at Brest, may, perhaps, be acceptable to some of your readers: the following statement was given me by <ref target="people.html#SoutheyTom">my brother</ref>, lately a prisoner there, and I think the uncommon kindness he experienced deserves a public acknowledgement.</p>
<p rend="indent11">								Your correspondent, T. Y.</p>
<p rend="indent1">	“The prison of Pontenazan stands about a league from Brest, westward of the great Paris road; it was formerly the marine hospital, and is well situated for pure air and good water. There are six buildings that stand east and west, surrounded at the distance of a hundred yards from every side, by a high wall; the space within has fine gravel-walks, and is well planted with trees. The buildings are about four hundred feet long, built with great uniformity and neatness, the whole the work of the galley-slaves, of whom there are, at present, great numbers. Each of these are named; I was in the Salle de l’Humanité, the sick ward. You live in each of them upon the ground floor, which is open to the roof; a very good plan, as by that means the patients are not annoyed by the fumes of another ward ascending up to them. The beds are ranged in good order, and the head of each ornamented with a pewter porringer, quart pot, and smaller cup, all kept very clean and bright by the galley-slaves, who attend for that purpose. A bulk-head went across the ward; on the one side were 157 beds, on the other, in which I was, 109: the reason of this difference is, that the west end was occupied by the surgeon. We were allowed clean sheets, and a clean white shirt and night-cap, once a week; our provisions were served out twice a day; in the morning at ten, and in the evening at four, each time the same, being a porringer of weak soup, with a great deal of sorrel boiled in it, half a pound of beef boiled, the same quantity of coarse bad bread, <hi rend="ital">a porringer of rice and milk, or</hi> *<note n="1" place="foot" resp="editors">*: Southey adds a footnote: ‘I take this to be a kind of lupin, which they call garvanzos in Spain, and groens in Portugal, where they form a principal part of the common people’s food. I have often eaten them in soup, and thought them excellent.’</note>
<hi rend="ital">calivances, which are white beans, or stewed prunes, which of the three we chose</hi>, with half a pint of decent red wine: this is the allowance of the sick; that of the other prisoners is by no means so good, as they have meat but three times a week, and sometimes a few ounces of cheese instead of that; their soup is made of black horse-beans, neither have they wine, or either of the three articles mentioned in Italics. Between each of the buildings is a space of about forty feet; that to the <hi rend="ital">Salle de la Revolution</hi>, where all the English, who are not sick, are confined, is walled in at both ends, and this is all the space the poor fellows have to walk in. They were formerly suffered to come out, a hundred at a time, and amuse themselves in the space within the surrounding wall; they are now confined to the space within the two wards, because the last party that was out broke into the surgeon’s house (which stands within the inclosure) and stole very thing they could lay their hands on. When I left Pontenazan there were between 600 and 700 prisoners there, 492 in the <hi rend="ital">Salle de la Revolution</hi>, the rest were in the <hi rend="ital">Salle de l’Humanité</hi>. In the sick ward we were served separately; in the prison they were served seven in a mess, they are not allowed linen as we were, neither have they nuns to superintend the galley-slaves, as we had. These women are part of those who remained in France after the destruction of the monasteries, and were, at the request of the officers of the marine, distributed among the different hospitals, where they are infinitely more useful than any other class of women could be: they have charge of the linen and other stores. They still wear their ancient dress, with the rosary and crucifix, and every body pays them the greatest respect. The one that had the inspection of our ward was a very pleasant woman; I was the only person who could understand her, and she used frequently to talk of the hardships they endured, during the reign of Robespierre,<note n="2" place="foot" resp="editors">The French Jacobin leader Maximilien François Marie Odenthalius Isidore de Robespierre (1758–1794).</note> because they refused to acknowledge the republic and take the oath, till, at the application of the officers of the navy, they were thus distributed. There are four wells, one at each corner of the buildings: two of them are filled up, they had been poisoned by order of Robespierre; one of the nuns discovered it, and informed the prisoners, for which she suffered several months’ imprisonment; she is now at Pontenazan, and all the English pay her every possible respect. This is the story I heard there, but when I mentioned it to some of the officers of the vessel that captured us, who came to see me, they positively denied the fact; it is certainly improbable, and, though the filling up of the wells proves it was credited, it by no means proves it to have been true.</p>
<p rend="indent1">	I was treated very civilly, and had every liberty I could expect; my stay, however, was but short, there were three cartel ships in the road ready to sail for England; I wrote to M. Bernis, the owner of the privateer that took me, to request he would use his interest, that I might be sent to England in one of them. In this he succeeded, and I left Pontenazan after a stay of only one week. The vessel was detained by contrary winds, and M. Bernis, knowing how disagreeable I should find it to remain in a small vessel with 240 men, and bad accommodations, invited me to his own house, where I received every possible attention and kindness.</p>
<p rend="indent1">	I was with him till the vessel was under weigh, and never passed a week more happily, or experienced more kindness; he lent me a plain coat, and I walked about and went to the theatres, as an American. The public theatre is large, and was probably once very elegant, but, as the ornaments contained aristocratical devices, they have all been defaced. It was formerly for the use of the navy only, and the performers were officers; now, of course, it is open to any one. There are three tiers of boxes, fixed in a very light and elegant manner, projecting from the wall, without any support underneath, so that the pit runs under them; there are some small iron pillars under the lower boxes next the orchestra, which project more than the others; they are well contrived for seeing, the back seats being very high; there is no gallery; the orchestra is large, with two rows of musicians, and their music infinitely superior to our’s. The pieces I saw were Pamela from the English novel (probably from Goldoni);<note n="3" place="foot" resp="editors">Carlo Goldoni (1707–1793), <title level="m">Pamela</title> (1750).</note> Barbe Bleu,<note n="4" place="foot" resp="editors">Probably André-Ernest-Modeste Grétry (1741–1813), <title level="m">Raoul Barbe Bleu</title> (1789).</note> from the story of Blue Beard; and Les Petits Savoyards.<note n="5" place="foot" resp="editors">Nicolas Dalayrac (1753–1809), <title level="m">Les Deux Petits Savoyards</title> (1788).</note>
</p>
<p rend="indent1">	The other theatre is a private one, it was once a room for the free-masons, very small, but very neatly fitted up; the cieling is concave; there is only one tier of boxes, and those small; a pit and gallery; the band was good: but, like to the other theatre, this was very badly lighted. None but subscribers and their friends are admitted; the performers are voluntary: the night I was there, a lady was handed out of the pit to take a part in Les Petits Savoyards.</p>
</div>
</body>
</text>
</TEI>
