<?xml version="1.0" encoding="utf-8"?><TEI xmlns="http://www.tei-c.org/ns/1.0">
<teiHeader>
<fileDesc>
<titleStmt>
<title type="main">The Collected Letters of Robert Southey. Part 1: 1791-1797 </title>
<title type="subordinate">A Romantic Circles Electronic Edition</title>
<author>
<name>Southey, Robert, 1774-1843</name>
</author>
<editor>Lynda Pratt</editor>
<sponsor>Romantic Circles</sponsor>
<respStmt>
<resp>General Editor, </resp>
<name>Neil Fraistat</name>
</respStmt>
<respStmt>
<resp>General Editor, </resp>
<name>Steven E. Jones</name>
</respStmt>
<respStmt>
<resp>General Editor, </resp>
<name>Carl Stahmer</name>
</respStmt>
<respStmt>
<resp>Technical Editor</resp>
<name>Laura Mandell</name>
</respStmt>
</titleStmt>
<editionStmt>
<edition>
<date>2009-03-15</date>
</edition>
</editionStmt>
<publicationStmt>
<idno type="nines">rce138</idno>
<idno type="edition">letterEEd.26.138</idno>
<publisher>Romantic Circles, http://www.rc.umd.edu, University of Maryland</publisher>
<pubPlace>College Park, MD</pubPlace>
<date when="2009-02-20">March 15, 2009</date>
<availability status="restricted">
<p>Material from the Romantic Circles Website may not be downloaded, reproduced or disseminated in any
												manner without authorization unless it is for purposes of criticism, comment, news reporting,
												teaching, and/or classroom use as provided by the Copyright Act of 1976, as amended.</p>
<p>Unless otherwise noted, all Pages and Resources mounted on Romantic Circles are copyrighted by the
												author/editor and may be shared only in accordance with the Fair Use provisions of U.S. copyright law.
												Except as expressly permitted by this statement, redistribution or republication in any medium
												requires express prior written consent from the author/editors and advance notification of Romantic
												Circles. Any requests for authorization should be forwarded to Romantic Circles:&gt;
												<address>
<addrLine>Romantic Circles</addrLine>
<addrLine>c/o Professor Neil Fraistat</addrLine>
<addrLine>Department of English</addrLine>
<addrLine>University of Maryland</addrLine>
<addrLine>College Park, MD 20742</addrLine>
<addrLine>fraistat@umd.edu</addrLine>
</address>
</p>
<p>By their use of these texts and images, users agree to the following conditions: <list>
<item>These texts and images may not be used for any commercial purpose without prior written
														permission from Romantic Circles.</item>
<item>These texts and images may not be re-distributed in any forms other than their current
														ones.</item>
</list>
</p>
<p>Users are not permitted to download these texts and images in order to mount them on their own servers.
												It is not in our interest or that of our users to have uncontrolled subsets of our holdings available
												elsewhere on the Internet. We make corrections and additions to our edited resources on a continual
												basis, and we want the most current text to be the only one generally available to all Internet users.
												Institutions can, of course, make a link to the copies at Romantic Circles, subject to our conditions
												of use.</p>
</availability>
</publicationStmt>
<sourceDesc>
<p>Bodleian
                        Library, MS Eng. Lett. c. 22.  Not previously published.</p>
<p>These letters were edited with the assistance of Carol Bolton, Tim Fulford and Ian Packer</p>
<p>For permission to publish the text of MSS in their possession, the editor wishes to thank the Beinecke Rare
											Books and Manuscript Library, Yale University; Berg Collection of English and American Literature, The New
											York Public Library, Astor, Lenox and Tilden Foundations; the Bodleian Library Oxford University; the
											British Library; Boston Public Library; the Syndics of Cambridge University Library; the Syndics of the
											Fitzwilliam Museum Cambridge; Haverford College, Connecticut; the Historical Society of Pennsylvania; the
											Hornby Library, Liverpool Libraries and Information Services; the Houghton Library, Harvard University;
											the John Rylands Library, Manchester; the Kenneth Spencer Research Library, University of Kansas; Luton
											Museum (Bedfordshire County Council); Massachusetts Historical Society; McGill University Library; the
											National Library of Scotland; the Newberry Library, Chicago; the New York Public Library (Pforzheimer
											Collections); the Pierpont Morgan Library, New York; the Public Record Offices of Bedford, Suffolk (Bury
											St Edmunds) and Northumberland, the Master and Fellows of Trinity College, Cambridge; the Society of
											Antiquaries of Newcastle upon Tyne; the Trustees of the William Salt Library, Stafford, the Wisbech and
											Fenland Museum; the University of Virginia Library.</p>
<p>A research grant from the British Academy made much of the archival work possible, as did support from the
											English Department of Nottingham Trent University.</p>
</sourceDesc>
</fileDesc>
<encodingDesc>
<editorialDecl>
<quotation>
<p>All quotation marks and apostrophes have been changed: " for “," for ”, ' for ‘, and ' for ’.</p>
</quotation>
<hyphenation eol="none">
<p>Any dashes occurring in line breaks have been removed.</p>
<p>Because of web browser variability, all hyphens have been typed on the U.S. keyboard.</p>
<p>Dashes have been rendered as a variable number of hyphens to give a more exact rendering of their
												length.</p>
</hyphenation>
<normalization method="markup">
<p>Southey's spelling has not been regularized.</p>
<p>Writing in other hands appearing on these manuscripts has been indicated as such, the content recorded
												in brackets.</p>
</normalization>
<normalization>
<p>&amp; has been used for the ampersand sign.</p>
<p>£ has been used for £, the pound sign</p>
<p>All other characters, those with accents, non-breaking spaces, etc., have been encoded in HTML entity
												decimals.</p>
</normalization>
</editorialDecl>
<classDecl>
<taxonomy corresp="http://www.performantsoftware.com/nines_wiki/index.php/Submitting_RDF#.3Cnines:genre.3E" xml:id="g">
<bibl>NINES categories for Genre and Material Form at
												http://www.performantsoftware.com/nines_wiki/index.php/Submitting_RDF#.3Cnines:genre.3E on
												2009-02-26</bibl>
<category xml:id="g1">
<catDesc>Architecture</catDesc>
</category>
<category xml:id="g2">
<catDesc>Artifacts</catDesc>
</category>
<category xml:id="g3">
<catDesc>Bibliography</catDesc>
</category>
<category xml:id="g4">
<catDesc>Collection</catDesc>
</category>
<category xml:id="g5">
<catDesc>Criticism</catDesc>
</category>
<category xml:id="g7">
<catDesc>Letters</catDesc>
</category>
<category xml:id="g6">
<catDesc>Drama</catDesc>
</category>
<category xml:id="g8">
<catDesc>Life Writing</catDesc>
</category>
<category xml:id="g9">
<catDesc>Politics</catDesc>
</category>
<category xml:id="g10">
<catDesc>Folklore</catDesc>
</category>
<category xml:id="g11">
<catDesc>Ephemera</catDesc>
</category>
<category xml:id="g12">
<catDesc>Fiction</catDesc>
</category>
<category xml:id="g13">
<catDesc>History</catDesc>
</category>
<category xml:id="g14">
<catDesc>Leisure</catDesc>
</category>
<category xml:id="g15">
<catDesc>Manuscript</catDesc>
</category>
<category xml:id="g16">
<catDesc>Reference Works</catDesc>
</category>
<category xml:id="g17">
<catDesc>Humor</catDesc>
</category>
<category xml:id="g18">
<catDesc>Education</catDesc>
</category>
<category xml:id="g19">
<catDesc>Music</catDesc>
</category>
<category xml:id="g20">
<catDesc>nonfiction</catDesc>
</category>
<category xml:id="g21">
<catDesc>Paratext</catDesc>
</category>
<category xml:id="g22">
<catDesc>Perodical</catDesc>
</category>
<category xml:id="g23">
<catDesc>Philosphy</catDesc>
</category>
<category xml:id="g24">
<catDesc>Photograph</catDesc>
</category>
<category xml:id="g25">
<catDesc>Citation</catDesc>
</category>
<category xml:id="g26">
<catDesc>Family Life</catDesc>
</category>
<category xml:id="g27">
<catDesc>Poetry</catDesc>
</category>
<category xml:id="g28">
<catDesc>Religion</catDesc>
</category>
<category xml:id="g29">
<catDesc>Review</catDesc>
</category>
<category xml:id="g30">
<catDesc>Visual Art</catDesc>
</category>
<category xml:id="g31">
<catDesc>Translation</catDesc>
</category>
<category xml:id="g32">
<catDesc>Travel</catDesc>
</category>
<category xml:id="g33">
<catDesc>Book History</catDesc>
</category>
<category xml:id="g34">
<catDesc>Law</catDesc>
</category>
</taxonomy>
<taxonomy corresp="http://www.rc.umd.edu/southey_letters/people.xml">
<category xml:id="people">
<catDesc>Southey Letters: Biographies</catDesc>
</category>
</taxonomy>
<taxonomy corresp="http://www.rc.umd.edu/southey_letters/places.xml">
<category xml:id="places">
<catDesc>Southey Letters: Places</catDesc>
</category>
</taxonomy>
</classDecl>
</encodingDesc>
<profileDesc>
<textClass>
<catRef scheme="#genre" target="#g7 #g27"/>
<catRef scheme="#people" target="#EEd.26.1.names"/>
<catRef scheme="#places" target="#EEd.26.1.places"/>
</textClass>
</profileDesc>
<revisionDesc>
<change who="#LM" when="2009-03-10" n="4">
<label>Changed by</label>
<name>Laura Mandell</name>
<list>
<item>XSLT Transforming</item>
</list>
</change>
<change who="#AB" when="2009-03-02" n="3">
<label>Changed by</label>
<name>Averill Buchanan</name>
<list>
<item>corrections from proofing</item>
</list>
</change>
<change who="#LM" when="2009-02-20" n="2">
<label>Changed by</label>
<name xml:id="LM">Laura Mandell</name>
<list>
<item>XSLT Transforming</item>
</list>
</change>
<change who="#AB" when="2009-02-20" n="1">
<label>Changed by</label>
<name xml:id="AB">Averill Buchanan</name>
<list>
<item>TEI Encoding</item>
</list>
</change>
</revisionDesc>
</teiHeader>
<text>
<body>
<div n="138" type="letter">
<head>138. Robert Southey to <ref target="people.html#BedfordGrosvenorCharles">Grosvenor Charles Bedford</ref>, <date when="1795-11-06">6 November
                        [1795]</date>
<note place="foot" resp="editors" type="headnote">Address: Grosvenor Charles
                        Bedford Esq<hi rend="sup">r</hi>./ New Palace Yard/ Westminster./
                        Single<lb/>Stamped: BATH<lb/>Postmark: ANO/ 7/ 95<lb/> Watermarks: Figure of
                        Britannia; COLES/ 1794<lb/>Endorsements: Rec<hi rend="sup">d</hi>. Nov<hi rend="sup">r</hi>. 7; Ans<hi rend="sup">d</hi>. 12<lb/>MS: Bodleian
                        Library, MS Eng. Lett. c. 22<lb/>Unpublished.</note>
</head>
<p rend="indent1"> Your exordium is the worst part of the translation.<note n="1" place="foot" resp="editors">Throughout this letter Southey provides a
                        detailed critique of Grosvenor Charles Bedford’s translation of Musæus (fl.
                        c. early 6th century), which was eventually published in 1797 as <title level="m">The Loves of Hero and Leander</title>.</note> &amp; in the
                    two last lines the word <hi rend="ital">death</hi> is not applicable to the
                    light &amp; lover. quench in night or extinguish are words that equally
                    affect both.</p>
<p rend="indent1"> The <hi rend="ital">lofty</hi> towers opposd of Sestos stood — is
                    a good transposition of your line.
                    Ηιθεον
                    φλεξας
                    και
                        παρθενον<note n="2" place="foot" resp="editors">The Greek translates as ‘having excited
                        the youth and the maiden’.</note> — the epithet <hi rend="ital">faithful</hi> is prematurely given. &amp; pleasing woe is too trite an
                    antithesis. the four lines Ah with what art the wily youth essayd to — mutual
                    ardor melt — are by no means the meaning of the original — nor consonant to the
                    story — “enquire Stranger the sea-echoing straits of Abydos <del rend="strikethrough">yet</del> &lt;now&gt; moaning the love
                    &amp; death of Leander. <del rend="strikethrough">but for</del> but whence
                    (or how) came Leander of Abydos to the love of Hero, &amp; won her too to
                    love?” Your translation is very different — he used no arts to win the Lady but
                    impudence, nor is there any part of the piece to which “across the sea to
                    breathe the flame he felt” can refer. well done Aristarchus! “grew beneath her
                    parents eyes” is a meaning opposite to the text. she dwelt <hi rend="ital">απο
                        προγονων</hi>
<note n="3" place="foot" resp="editors">The Greek translates as ‘at a distance
                        from her ancestors’.</note> — this you have rendered too laxly in <hi rend="ital">secluded from the world</hi>. “Where jealous Weakness points
                    Detractions tongue” is a line eminently beautiful &amp; entirely your own.
                    the flames of Loves dart — is a metaphor incongruous tho common custom has
                    familiarized — you should avoid &lt;it&gt; for both reason. it is
                    improper &amp; hackneyd. “ambrosial shade” I understand not. ambrosia is an
                    aristocratic liquor that the Deities have monopolized, &amp; poor mortal
                    cannot even get a smell. — find out what made the odors of Libanus — (Qy.
                    Cedars?) &amp; give an appropriate epithet. Cyprus isle that rises from the
                    deep is a pleonasm — you must omit isle — or the end of the line. fade in the
                    whiteness of surrounding snow — is very happy. “<hi rend="ital">throughout her
                        form</hi> the varied flowers appear — the first part of this line is
                    awkward.
                    Οφθαλμος
                        γελοων<note n="4" place="foot" resp="editors">The Greek translates as ‘a laughing eye’.</note>
                    — is weakly rendered. you have paraphrasd too much — Sparta renownd for
                    beauty.</p>
<lg type="stanza">
<l rend="indent2">Oer all her charms has roved my eager sight</l>
<l rend="indent2">Yet no satiety attends delight — </l>
</lg>
<p>is a better couplet than either of the two — at any rate keep the <hi rend="ital">marked words</hi>. Wrapt in her arms to breath my soul away — is not the
                    meaning — “If I might ascend the couch of Hero — I would then willingly die —
                        ”.<note n="5" place="foot" resp="editors">Footnote inserted in another hand:
                        ‘Southey has mistaken this.’</note>
</p>
<p rend="indent1"> that flame possession only could assuage — is not in the original
                    &amp; has no merit to plead for its preservation. a la lanterne with it — it
                    needs <del rend="strikethrough">xxx</del> neither judge nor jury. the following
                    lines to the end of her speech are very good. you may still add another couplet
                    to express
                    Παρθενικης
                    επι
                    λεκτρον
                    αμηχανον
                    εςιν
                        ικοθαι.<note n="6" place="foot" resp="editors">The Greek translates as ‘it is possible to reach
                        the girl’s bed’.</note> your concluding line have a different meaning but I
                    cannot wish them removed. Excellent Critic! <hi rend="ital">the signs of
                        conquest &amp; of Love he knew</hi>. a bad translation. <hi rend="ital">When Leander heard the anger of her womanish threats he knew them to be
                        signs of consent</hi>. people talk big when they can do little — exemplum
                    nobis præbet optimum<note n="7" place="foot" resp="editors">The Latin translates
                        as ‘our best example is’.</note> the present Louis’s proclamation<note n="8" place="foot" resp="editors">On learning of the death of his nephew, Louis
                        XVIII (1755–1824; reigned 1814–1824) proclaimed himself King of France on 24
                        June 1795. He was, of course, unable to enforce his claim.</note> — that
                    worthy imitat<del rend="strikethrough">ion</del>&lt;or&gt; of Henry 4<hi rend="sup">th</hi>.<note n="9" place="foot" resp="editors">Henry IV, King of
                        France (1562–1610; reigned 1589–1610). Although he was proclaimed king in
                        1589, he had to fight a long civil war to establish his right to the
                        throne.</note>
</p>
<p rend="indent1"> is not <hi rend="ital">hymenæal</hi> a more appropriate phrase
                    than <hi rend="ital">matrimonial</hi>?</p>
<p rend="indent1"> σον δ’
                    ικετην
                    με
                    κομιζε,
                    και, ην
                    εθςλης,
                    παρακοιτιν
                    — <note n="10" place="foot" resp="editors">The Greek translates as ‘convey me as
                        your suppliant, and your bedfellow, if you will’.</note>
</p>
<p>you must translate this better &amp; nearer the original meaning. the two
                    lines on Hercules are very flat.<note n="11" place="foot" resp="editors">Another
                        hand has inserted: ‘send the original Southey’.</note>
<del rend="strikethrough">t</del>he her lovers pains — it is always better to
                    avoid these trite phrases. &amp; if we analize the meaning of easing a
                    lovers pains — we shall not find it to be the most delicate. the phrase would be
                    proper for a brothel — as a man goes to <hi rend="ital">ease</hi> himself at a
                    necessary. love &amp; lust must not be confounded — or to use better terms
                    affection &amp; appetite — I own Leanders comes under the last class. the
                    meaning is —<hi rend="ital"> you know</hi> how <hi rend="ital">Atalanta fled her
                        lover</hi> — one only is mentiond. ενι
                    κραδιη
                    θετο <del rend="strikethrough">x</del>
                        παση<note n="12" place="foot" resp="editors">The Greek translates as ‘&lt;s/he&gt; put
                        &lt;it&gt; in his/her whole heart.’</note> this is badly rendered
                        <del rend="strikethrough">x</del> &amp; <hi rend="ital">bade</hi> the
                        <hi rend="ital">Maid</hi> with equal fury burn. beside there is a kakophony
                    in the line — erudite Observer!</p>
<p rend="indent1">
                    Πολλακις
                    αμφ
                    ωμοισιν
                    εον
                    ξυνεεργε
                        χιτωνα<note n="13" place="foot" resp="editors">The Greek translates as ‘fastened his cloak
                        about his shoulders’.</note> — you lose the beauty of this picture in your
                    translation.</p>
<p rend="indent1"> thy words o Stranger soon the rocks might raise — the Devil they
                    might! this however Musæus must answer for. I have too good an opinion of our
                    modern female to think an Irish man from the other side the water would have
                    succeeded so well without pleading better. you have just above this used <hi rend="ital">pleasing pain</hi>
                    γλυκερω
                        πυρι.<note n="14" place="foot" resp="editors">The Greek translates as ‘with sweet fire’.</note> I do not
                    like either — perhaps something like <hi rend="ital">thrilling glow</hi>
<note n="15" place="foot" resp="editors">
<hi rend="ital">thrilling glow</hi>:
                        Another hand has inserted: ‘I have put it away in the first instance.
                        GB’.</note> or warmth would be nearer the <del rend="strikethrough">xxx</del> original.</p>
<p>Τις σε
                    πολυπλανεων
                    επεων
                    εδιδαξε
                        κελευθους;<note n="16" place="foot" resp="editors">The Greek translates as ‘who taught you
                        the paths of misleading words?’</note> the meaning is difficult to preserve
                    in English — but it is very beautiful &amp; your line totally unlike it. I
                    object to that line particularly. I wish you could avoid a triplet — perhaps an
                    alexandrine may contain the meaning.</p>
<p rend="indent1"> Without a cure the ill is seldom found — the Meaning is — tho
                    Love makes wounds he cures them likewise. a pestilence on the fellow who
                    invented the jargon of wounds &amp; arrows. your lines fall short of the
                    original here.</p>
<p rend="indent1"> Nor heed the billows boisterous tho they rise — this little
                    alteration is for the better.</p>
<p rend="indent1"> His bosom seemd to catch the kindred flame — is the best of the
                    variæ lectiones. </p>
<p>you have not given a good translation of his speech as he is going to swim.
                    Δεινος
                    Ερως &amp;
                    Ποντος
                        αμειλιχος<note n="17" place="foot" resp="editors">The Greek translates as ‘dangerous
                        passion and unassuageable sea’.</note> ’tis an exclamation. down to
                    Παρθενος
                    ηματιη,
                    νυχιη
                        γυνη<note n="18" place="foot" resp="editors">The Greek translates as ‘girl in the daytime, at night a
                        woman’.</note> — are very good — your versification grows better <del rend="strikethrough">towards t</del> as you advance.</p>
<p rend="indent1"> Defy the tempest &amp; the storm deride is not in the
                    original nor is it good. ποθος<note n="19" place="foot" resp="editors">The Greek translates as
                        ‘yearning’.</note> is hardly <hi rend="ital">fierce desire</hi> — &amp;
                    all such expressions of ram-cat raptures are bad. by the by <del rend="strikethrough">she</del> a <del rend="strikethrough">dark</del>
                    lanthern might have deprived us of this poem.</p>
<p rend="indent1"> your storm is very good — zounds I sweat at the bare idea of the
                    Bay of Biscay. heigh ho! Grosvenor I shall be there within a fortnight &amp;
                    trifling as much of this letter may appear — your <del rend="strikethrough">xxx</del> &lt;friend&gt; never wrote with a heavier heart.</p>
<p rend="indent1"> Ερως δ’ κ
                    ηρκεσε
                        Μοιρας<note n="20" place="foot" resp="editors">The Greek translates as ‘passion as allotted was
                        quite sufficient’.</note> — the prayers of Love is too dilated [MS obscured]
                    his open throat involuntary quaffd — they are two bad lines [MS obscured]
                    floating to the shore — &amp; tempest-tore — something like this will<note n="21" place="foot" resp="editors">something ... will: Another hand has
                        inserted: ‘no Southey not the latter’.</note> be better
                    —Θρυπτομενον
                        σπιλαδεσσιν<note n="22" place="foot" resp="editors">The Greek translates as ‘smashed upon
                        reefs’.</note> — is the Greek — &amp; this idea you must preserve — as
                    it forms the picture.
                    αλληλων
                        αποναντο<note n="23" place="foot" resp="editors">The Greek translates as ‘they took
                        pleasure of each other’.</note> — not <hi rend="ital">faithful</hi> to the
                    last — they were united in death. </p>
<p rend="indent1"> There <ref target="people.html#BedfordGrosvenorCharles">Grosvenor</ref> I have criticised with sincerity — &amp; now tell you
                    you will make a beautiful poem. remember that if you keep the MSS six months
                    every time you read it you will make some amendment.</p>
<p rend="indent1"> you shall from me before I go — a few lines. I have much to say
                    to you but cannot write it. <ref target="people.html#BedfordGrosvenorCharles">Grosvenor</ref> I am not happy. &amp; with a sick heart am condemned to
                    carry a chapeau bras<note n="24" place="foot" resp="editors">A bicorn hat worn
                        by court officials and Embassy staff.</note> to the court of Madrid — </p>
<p rend="indent1">
<del rend="strikethrough">Zounds</del>
<ref target="people.html#BedfordGrosvenorCharles">Grosvenor</ref>, M<hi rend="sup">rs</hi> De la Motte<note n="25" place="foot" resp="editors">Unidentified; perhaps a London acquaintance of Southey’s.</note> if I am
                    right is the person talks hard words about every thing — &amp; nonsense
                    about me — I have not the misfortune of being liable to Lordship — the disease
                    is not in our family any more than the Kings-evil. <del rend="strikethrough">were</del> &lt;was&gt; your advice consistent with what you knew of
                    me? I have a mind to retaliate by a little sedition.</p>
<p rend="indent1"> God bless you. think of me when I am absent &amp; let me hear
                    often from you. tho I go without pleasure I shall not return without wisdom.</p>
<closer>
<salute rend="indent2"> yours most affectionately</salute>
<signed rend="indent5"> R Southey.</signed>
</closer>
<postscript>
<p>
<date when="1795-11-06">Nov. 6. Bath.</date>
</p>
</postscript>
</div>
</body>
</text>
</TEI>
