<?xml version="1.0" encoding="utf-8"?><TEI xmlns="http://www.tei-c.org/ns/1.0">
<teiHeader>
<fileDesc>
<titleStmt>
<title type="main">The Collected Letters of Robert Southey. Part 1: 1791-1797 </title>
<title type="subordinate">A Romantic Circles Electronic Edition</title>
<author>
<name>Southey, Robert, 1774-1843</name>
</author>
<editor>Lynda Pratt</editor>
<sponsor>Romantic Circles</sponsor>
<respStmt>
<resp>General Editor, </resp>
<name>Neil Fraistat</name>
</respStmt>
<respStmt>
<resp>General Editor, </resp>
<name>Steven E. Jones</name>
</respStmt>
<respStmt>
<resp>General Editor, </resp>
<name>Carl Stahmer</name>
</respStmt>
<respStmt>
<resp>Technical Editor</resp>
<name>Laura Mandell</name>
</respStmt>
</titleStmt>
<editionStmt>
<edition>
<date>2009-03-15</date>
</edition>
</editionStmt>
<publicationStmt>
<idno type="nines">rce172</idno>
<idno type="edition">letterEEd.26.172</idno>
<publisher>Romantic Circles, http://www.rc.umd.edu, University of Maryland</publisher>
<pubPlace>College Park, MD</pubPlace>
<date when="2009-02-20">March 15, 2009</date>
<availability status="restricted">
<p>Material from the Romantic Circles Website may not be downloaded, reproduced or disseminated in any
												manner without authorization unless it is for purposes of criticism, comment, news reporting,
												teaching, and/or classroom use as provided by the Copyright Act of 1976, as amended.</p>
<p>Unless otherwise noted, all Pages and Resources mounted on Romantic Circles are copyrighted by the
												author/editor and may be shared only in accordance with the Fair Use provisions of U.S. copyright law.
												Except as expressly permitted by this statement, redistribution or republication in any medium
												requires express prior written consent from the author/editors and advance notification of Romantic
												Circles. Any requests for authorization should be forwarded to Romantic Circles:&gt;
												<address>
<addrLine>Romantic Circles</addrLine>
<addrLine>c/o Professor Neil Fraistat</addrLine>
<addrLine>Department of English</addrLine>
<addrLine>University of Maryland</addrLine>
<addrLine>College Park, MD 20742</addrLine>
<addrLine>fraistat@umd.edu</addrLine>
</address>
</p>
<p>By their use of these texts and images, users agree to the following conditions: <list>
<item>These texts and images may not be used for any commercial purpose without prior written
														permission from Romantic Circles.</item>
<item>These texts and images may not be re-distributed in any forms other than their current
														ones.</item>
</list>
</p>
<p>Users are not permitted to download these texts and images in order to mount them on their own servers.
												It is not in our interest or that of our users to have uncontrolled subsets of our holdings available
												elsewhere on the Internet. We make corrections and additions to our edited resources on a continual
												basis, and we want the most current text to be the only one generally available to all Internet users.
												Institutions can, of course, make a link to the copies at Romantic Circles, subject to our conditions
												of use.</p>
</availability>
</publicationStmt>
<sourceDesc>
<p>MS has not survived.  Previously  published: Monthly Magazine, 2 (September 1796), 629 [from where the text is taken] under pseudonym ‘S.R.’. For attribution to Southey, see Kenneth Curry, ‘Southey’s contributions to The Monthly Magazine and The Athenaeum’, The Wordsworth Circle, 11 (1980), 215.</p>
<p>These letters were edited with the assistance of Carol Bolton, Tim Fulford and Ian Packer</p>
<p>For permission to publish the text of MSS in their possession, the editor wishes to thank the Beinecke Rare
											Books and Manuscript Library, Yale University; Berg Collection of English and American Literature, The New
											York Public Library, Astor, Lenox and Tilden Foundations; the Bodleian Library Oxford University; the
											British Library; Boston Public Library; the Syndics of Cambridge University Library; the Syndics of the
											Fitzwilliam Museum Cambridge; Haverford College, Connecticut; the Historical Society of Pennsylvania; the
											Hornby Library, Liverpool Libraries and Information Services; the Houghton Library, Harvard University;
											the John Rylands Library, Manchester; the Kenneth Spencer Research Library, University of Kansas; Luton
											Museum (Bedfordshire County Council); Massachusetts Historical Society; McGill University Library; the
											National Library of Scotland; the Newberry Library, Chicago; the New York Public Library (Pforzheimer
											Collections); the Pierpont Morgan Library, New York; the Public Record Offices of Bedford, Suffolk (Bury
											St Edmunds) and Northumberland, the Master and Fellows of Trinity College, Cambridge; the Society of
											Antiquaries of Newcastle upon Tyne; the Trustees of the William Salt Library, Stafford, the Wisbech and
											Fenland Museum; the University of Virginia Library.</p>
<p>A research grant from the British Academy made much of the archival work possible, as did support from the
											English Department of Nottingham Trent University.</p>
</sourceDesc>
</fileDesc>
<encodingDesc>
<editorialDecl>
<quotation>
<p>All quotation marks and apostrophes have been changed: " for “," for ”, ' for ‘, and ' for ’.</p>
</quotation>
<hyphenation eol="none">
<p>Any dashes occurring in line breaks have been removed.</p>
<p>Because of web browser variability, all hyphens have been typed on the U.S. keyboard.</p>
<p>Dashes have been rendered as a variable number of hyphens to give a more exact rendering of their
												length.</p>
</hyphenation>
<normalization method="markup">
<p>Southey's spelling has not been regularized.</p>
<p>Writing in other hands appearing on these manuscripts has been indicated as such, the content recorded
												in brackets.</p>
</normalization>
<normalization>
<p>&amp; has been used for the ampersand sign.</p>
<p>£ has been used for £, the pound sign</p>
<p>All other characters, those with accents, non-breaking spaces, etc., have been encoded in HTML entity
												decimals.</p>
</normalization>
</editorialDecl>
<classDecl>
<taxonomy corresp="http://www.performantsoftware.com/nines_wiki/index.php/Submitting_RDF#.3Cnines:genre.3E" xml:id="g">
<bibl>NINES categories for Genre and Material Form at
												http://www.performantsoftware.com/nines_wiki/index.php/Submitting_RDF#.3Cnines:genre.3E on
												2009-02-26</bibl>
<category xml:id="g1">
<catDesc>Architecture</catDesc>
</category>
<category xml:id="g2">
<catDesc>Artifacts</catDesc>
</category>
<category xml:id="g3">
<catDesc>Bibliography</catDesc>
</category>
<category xml:id="g4">
<catDesc>Collection</catDesc>
</category>
<category xml:id="g5">
<catDesc>Criticism</catDesc>
</category>
<category xml:id="g7">
<catDesc>Letters</catDesc>
</category>
<category xml:id="g6">
<catDesc>Drama</catDesc>
</category>
<category xml:id="g8">
<catDesc>Life Writing</catDesc>
</category>
<category xml:id="g9">
<catDesc>Politics</catDesc>
</category>
<category xml:id="g10">
<catDesc>Folklore</catDesc>
</category>
<category xml:id="g11">
<catDesc>Ephemera</catDesc>
</category>
<category xml:id="g12">
<catDesc>Fiction</catDesc>
</category>
<category xml:id="g13">
<catDesc>History</catDesc>
</category>
<category xml:id="g14">
<catDesc>Leisure</catDesc>
</category>
<category xml:id="g15">
<catDesc>Manuscript</catDesc>
</category>
<category xml:id="g16">
<catDesc>Reference Works</catDesc>
</category>
<category xml:id="g17">
<catDesc>Humor</catDesc>
</category>
<category xml:id="g18">
<catDesc>Education</catDesc>
</category>
<category xml:id="g19">
<catDesc>Music</catDesc>
</category>
<category xml:id="g20">
<catDesc>nonfiction</catDesc>
</category>
<category xml:id="g21">
<catDesc>Paratext</catDesc>
</category>
<category xml:id="g22">
<catDesc>Perodical</catDesc>
</category>
<category xml:id="g23">
<catDesc>Philosphy</catDesc>
</category>
<category xml:id="g24">
<catDesc>Photograph</catDesc>
</category>
<category xml:id="g25">
<catDesc>Citation</catDesc>
</category>
<category xml:id="g26">
<catDesc>Family Life</catDesc>
</category>
<category xml:id="g27">
<catDesc>Poetry</catDesc>
</category>
<category xml:id="g28">
<catDesc>Religion</catDesc>
</category>
<category xml:id="g29">
<catDesc>Review</catDesc>
</category>
<category xml:id="g30">
<catDesc>Visual Art</catDesc>
</category>
<category xml:id="g31">
<catDesc>Translation</catDesc>
</category>
<category xml:id="g32">
<catDesc>Travel</catDesc>
</category>
<category xml:id="g33">
<catDesc>Book History</catDesc>
</category>
<category xml:id="g34">
<catDesc>Law</catDesc>
</category>
</taxonomy>
<taxonomy corresp="http://www.rc.umd.edu/southey_letters/people.xml">
<category xml:id="people">
<catDesc>Southey Letters: Biographies</catDesc>
</category>
</taxonomy>
<taxonomy corresp="http://www.rc.umd.edu/southey_letters/places.xml">
<category xml:id="places">
<catDesc>Southey Letters: Places</catDesc>
</category>
</taxonomy>
</classDecl>
</encodingDesc>
<profileDesc>
<textClass>
<catRef scheme="#genre" target="#g7 #g27"/>
<catRef scheme="#people" target="#EEd.26.1.names"/>
<catRef scheme="#places" target="#EEd.26.1.places"/>
</textClass>
</profileDesc>
<revisionDesc>
<change who="#LM" when="2009-03-10" n="4">
<label>Changed by</label>
<name>Laura Mandell</name>
<list>
<item>XSLT Transforming</item>
</list>
</change>
<change who="#AB" when="2009-03-02" n="3">
<label>Changed by</label>
<name>Averill Buchanan</name>
<list>
<item>corrections from proofing</item>
</list>
</change>
<change who="#LM" when="2009-02-20" n="2">
<label>Changed by</label>
<name xml:id="LM">Laura Mandell</name>
<list>
<item>XSLT Transforming</item>
</list>
</change>
<change who="#AB" when="2009-02-20" n="1">
<label>Changed by</label>
<name xml:id="AB">Averill Buchanan</name>
<list>
<item>TEI Encoding</item>
</list>
</change>
</revisionDesc>
</teiHeader>
<text>
<body>
<div n="172" type="letter">
<head>172. Robert Southey to the <ref target="people.html#AikinJohn">Editor of the <title level="j">Monthly Magazine</title>,</ref>
<date when="1796-09-02">2 September 1796</date>
<note place="foot" resp="editors" type="headnote">MS: MS has not survived<lb/>Previously published: <title level="m">Monthly Magazine</title>, 2 (September 1796), 629 [from where the text is taken] under pseudonym ‘S.R.’. For attribution to Southey, see Kenneth Curry, ‘Southey’s contributions to <title>The Monthly Magazine</title> and <title level="j">The Athenaeum</title>’, <title level="j">The Wordsworth Circle</title>, 11 (1980), 215.</note>
</head>
<opener>
<salute>SIR,</salute>
</opener>
<p rend="indent1">	IN your Magazine for June, a Correspondent, who signs himself M.H.<note n="1" place="foot" resp="editors">Mary Hays (1759–1843; <title level="m">DNB</title>).</note> has defended the system of Helvetius,<note n="2" place="foot" resp="editors">Claude Adrien Helvétius (1715–1771), French materialist philosopher and encyclopaedist. His <title level="m">De L’Esprit</title> (1758) asserted that the human mind was a blank at birth.</note> and asserted that “nothing can be more monstrous and hypothetical, than the notion of a child (whose mind having received no impression, is a total blank, without a single idea) being born with a power of discrimination, a correct judgment, &amp;c.”<note n="3" place="foot" resp="editors">
<title level="j">Monthly Magazine</title>, 1 (June 1796), 385–387.</note>
</p>
<p rend="indent1">	The philosophy of Helvetius has become very fashionable in England. I, however, believe, that all arguments deduced from experience and analogy, are directly in opposition to it. Two individuals — say the advocates of this system, would be precisely similar, if they received precisely the same education; that is, if they should be precisely in the same situations, and the same circumstances; now this can never take place. Thus, they assert what they themselves acknowledge never can be proved.</p>
<p rend="indent1">	Materialists and Immaterialists are agreed, that the brain is the organ of thought; we have no business now with the enquiry what it is that thinks — a point which never can be proved, and of which the proof, if possible, would be useless. The brain, however, is the organ of thought, as the eye is the organ of vision; the point, then on which this system rests, is, that the organization of the brain is in all men equally perfect, excepting in absolute idiots and madmen. But is there no gradation from the man of strong and sound intellect, down to the idiot? Has your correspondent never known persons, who, though not in a state of absolute idiotism, are yet little removed from it? Who shall draw the line where these <hi rend="ital">removes</hi> end? As there are gradations below the standard of common sense, may we not reasonably infer that there are gradations ascending above it?</p>
<p rend="indent1">	The opponents of Helvetius believe in innate aptitudes — not innate ideas. In the same manner as the organ of sight is formed with different degrees of strength in different persons, they assert a difference of perfection in the organ of thought. I have known a child catch a tune before he could articulate a sentence, though his brother never discovered the least inclination for music. Now the <hi rend="ital">education</hi> of their <hi rend="ital">ears</hi>, had been precisely the same; for their mother had sung the same songs to both in their infancy.</p>
<p rend="indent1">	The instance of the Jesuits, which Helvetius adduces, may be applied against his system: it is a well known fact, that their preceptors watched with the utmost attention the disposition of their pupils. One of them was believed incapable of attaining any kind of knowledge, till his tutor tried him in geometry, and he became a celebrated mathematician.</p>
<p rend="indent1">	Is the brain always <hi rend="ital">exactly</hi> of the same size and shape? Are the ventricles always exactly of the same size? Is the medullary substance always <hi rend="ital">exactly</hi> of the same consistence — so that the vibrations may always be propagated with equal swiftness? These questions must all be decided in the affirmative, before it can be proved that all men are equally possessed of intellectual powers.</p>
<closer>
<signed rend="indent11">S. R.</signed>
</closer>
<postscript>
<p>
<date when="1796-09-02">
<hi rend="ital">September</hi> 2, 1796.</date>
</p>
</postscript>
</div>
</body>
</text>
</TEI>
