<?xml version="1.0" encoding="utf-8"?><TEI xmlns="http://www.tei-c.org/ns/1.0">
<teiHeader>
<fileDesc>
<titleStmt>
<title type="main">The Collected Letters of Robert Southey. Part 1: 1791-1797 </title>
<title type="subordinate">A Romantic Circles Electronic Edition</title>
<author>
<name>Southey, Robert, 1774-1843</name>
</author>
<editor>Lynda Pratt</editor>
<sponsor>Romantic Circles</sponsor>
<respStmt>
<resp>General Editor, </resp>
<name>Neil Fraistat</name>
</respStmt>
<respStmt>
<resp>General Editor, </resp>
<name>Steven E. Jones</name>
</respStmt>
<respStmt>
<resp>General Editor, </resp>
<name>Carl Stahmer</name>
</respStmt>
<respStmt>
<resp>Technical Editor</resp>
<name>Laura Mandell</name>
</respStmt>
</titleStmt>
<editionStmt>
<edition>
<date>2009-03-15</date>
</edition>
</editionStmt>
<publicationStmt>
<idno type="nines">rce123</idno>
<idno type="edition">letterEEd.26.123</idno>
<publisher>Romantic Circles, http://www.rc.umd.edu, University of Maryland</publisher>
<pubPlace>College Park, MD</pubPlace>
<date when="2009-02-20">March 15, 2009</date>
<availability status="restricted">
<p>Material from the Romantic Circles Website may not be downloaded, reproduced or disseminated in any
												manner without authorization unless it is for purposes of criticism, comment, news reporting,
												teaching, and/or classroom use as provided by the Copyright Act of 1976, as amended.</p>
<p>Unless otherwise noted, all Pages and Resources mounted on Romantic Circles are copyrighted by the
												author/editor and may be shared only in accordance with the Fair Use provisions of U.S. copyright law.
												Except as expressly permitted by this statement, redistribution or republication in any medium
												requires express prior written consent from the author/editors and advance notification of Romantic
												Circles. Any requests for authorization should be forwarded to Romantic Circles:&gt;
												<address>
<addrLine>Romantic Circles</addrLine>
<addrLine>c/o Professor Neil Fraistat</addrLine>
<addrLine>Department of English</addrLine>
<addrLine>University of Maryland</addrLine>
<addrLine>College Park, MD 20742</addrLine>
<addrLine>fraistat@umd.edu</addrLine>
</address>
</p>
<p>By their use of these texts and images, users agree to the following conditions: <list>
<item>These texts and images may not be used for any commercial purpose without prior written
														permission from Romantic Circles.</item>
<item>These texts and images may not be re-distributed in any forms other than their current
														ones.</item>
</list>
</p>
<p>Users are not permitted to download these texts and images in order to mount them on their own servers.
												It is not in our interest or that of our users to have uncontrolled subsets of our holdings available
												elsewhere on the Internet. We make corrections and additions to our edited resources on a continual
												basis, and we want the most current text to be the only one generally available to all Internet users.
												Institutions can, of course, make a link to the copies at Romantic Circles, subject to our conditions
												of use.</p>
</availability>
</publicationStmt>
<sourceDesc>
<p>British Library, Add MS 47888.  Previously  published: Kenneth Curry (ed.), New Letters of Robert Southey, 2 vols (London and New York, 1965), I, pp. 90–92.Dating note: The letter is dated from the postmark. Southey writes ‘Tuesday’ at the end of the letter; 12 January 1795 was a Monday.</p>
<p>These letters were edited with the assistance of Carol Bolton, Tim Fulford and Ian Packer</p>
<p>For permission to publish the text of MSS in their possession, the editor wishes to thank the Beinecke Rare
											Books and Manuscript Library, Yale University; Berg Collection of English and American Literature, The New
											York Public Library, Astor, Lenox and Tilden Foundations; the Bodleian Library Oxford University; the
											British Library; Boston Public Library; the Syndics of Cambridge University Library; the Syndics of the
											Fitzwilliam Museum Cambridge; Haverford College, Connecticut; the Historical Society of Pennsylvania; the
											Hornby Library, Liverpool Libraries and Information Services; the Houghton Library, Harvard University;
											the John Rylands Library, Manchester; the Kenneth Spencer Research Library, University of Kansas; Luton
											Museum (Bedfordshire County Council); Massachusetts Historical Society; McGill University Library; the
											National Library of Scotland; the Newberry Library, Chicago; the New York Public Library (Pforzheimer
											Collections); the Pierpont Morgan Library, New York; the Public Record Offices of Bedford, Suffolk (Bury
											St Edmunds) and Northumberland, the Master and Fellows of Trinity College, Cambridge; the Society of
											Antiquaries of Newcastle upon Tyne; the Trustees of the William Salt Library, Stafford, the Wisbech and
											Fenland Museum; the University of Virginia Library.</p>
<p>A research grant from the British Academy made much of the archival work possible, as did support from the
											English Department of Nottingham Trent University.</p>
</sourceDesc>
</fileDesc>
<encodingDesc>
<editorialDecl>
<quotation>
<p>All quotation marks and apostrophes have been changed: " for “," for ”, ' for ‘, and ' for ’.</p>
</quotation>
<hyphenation eol="none">
<p>Any dashes occurring in line breaks have been removed.</p>
<p>Because of web browser variability, all hyphens have been typed on the U.S. keyboard.</p>
<p>Dashes have been rendered as a variable number of hyphens to give a more exact rendering of their
												length.</p>
</hyphenation>
<normalization method="markup">
<p>Southey's spelling has not been regularized.</p>
<p>Writing in other hands appearing on these manuscripts has been indicated as such, the content recorded
												in brackets.</p>
</normalization>
<normalization>
<p>&amp; has been used for the ampersand sign.</p>
<p>£ has been used for £, the pound sign</p>
<p>All other characters, those with accents, non-breaking spaces, etc., have been encoded in HTML entity
												decimals.</p>
</normalization>
</editorialDecl>
<classDecl>
<taxonomy corresp="http://www.performantsoftware.com/nines_wiki/index.php/Submitting_RDF#.3Cnines:genre.3E" xml:id="g">
<bibl>NINES categories for Genre and Material Form at
												http://www.performantsoftware.com/nines_wiki/index.php/Submitting_RDF#.3Cnines:genre.3E on
												2009-02-26</bibl>
<category xml:id="g1">
<catDesc>Architecture</catDesc>
</category>
<category xml:id="g2">
<catDesc>Artifacts</catDesc>
</category>
<category xml:id="g3">
<catDesc>Bibliography</catDesc>
</category>
<category xml:id="g4">
<catDesc>Collection</catDesc>
</category>
<category xml:id="g5">
<catDesc>Criticism</catDesc>
</category>
<category xml:id="g7">
<catDesc>Letters</catDesc>
</category>
<category xml:id="g6">
<catDesc>Drama</catDesc>
</category>
<category xml:id="g8">
<catDesc>Life Writing</catDesc>
</category>
<category xml:id="g9">
<catDesc>Politics</catDesc>
</category>
<category xml:id="g10">
<catDesc>Folklore</catDesc>
</category>
<category xml:id="g11">
<catDesc>Ephemera</catDesc>
</category>
<category xml:id="g12">
<catDesc>Fiction</catDesc>
</category>
<category xml:id="g13">
<catDesc>History</catDesc>
</category>
<category xml:id="g14">
<catDesc>Leisure</catDesc>
</category>
<category xml:id="g15">
<catDesc>Manuscript</catDesc>
</category>
<category xml:id="g16">
<catDesc>Reference Works</catDesc>
</category>
<category xml:id="g17">
<catDesc>Humor</catDesc>
</category>
<category xml:id="g18">
<catDesc>Education</catDesc>
</category>
<category xml:id="g19">
<catDesc>Music</catDesc>
</category>
<category xml:id="g20">
<catDesc>nonfiction</catDesc>
</category>
<category xml:id="g21">
<catDesc>Paratext</catDesc>
</category>
<category xml:id="g22">
<catDesc>Perodical</catDesc>
</category>
<category xml:id="g23">
<catDesc>Philosphy</catDesc>
</category>
<category xml:id="g24">
<catDesc>Photograph</catDesc>
</category>
<category xml:id="g25">
<catDesc>Citation</catDesc>
</category>
<category xml:id="g26">
<catDesc>Family Life</catDesc>
</category>
<category xml:id="g27">
<catDesc>Poetry</catDesc>
</category>
<category xml:id="g28">
<catDesc>Religion</catDesc>
</category>
<category xml:id="g29">
<catDesc>Review</catDesc>
</category>
<category xml:id="g30">
<catDesc>Visual Art</catDesc>
</category>
<category xml:id="g31">
<catDesc>Translation</catDesc>
</category>
<category xml:id="g32">
<catDesc>Travel</catDesc>
</category>
<category xml:id="g33">
<catDesc>Book History</catDesc>
</category>
<category xml:id="g34">
<catDesc>Law</catDesc>
</category>
</taxonomy>
<taxonomy corresp="http://www.rc.umd.edu/southey_letters/people.xml">
<category xml:id="people">
<catDesc>Southey Letters: Biographies</catDesc>
</category>
</taxonomy>
<taxonomy corresp="http://www.rc.umd.edu/southey_letters/places.xml">
<category xml:id="places">
<catDesc>Southey Letters: Places</catDesc>
</category>
</taxonomy>
</classDecl>
</encodingDesc>
<profileDesc>
<textClass>
<catRef scheme="#genre" target="#g7 #g27"/>
<catRef scheme="#people" target="#EEd.26.1.names"/>
<catRef scheme="#places" target="#EEd.26.1.places"/>
</textClass>
</profileDesc>
<revisionDesc>
<change who="#LM" when="2009-03-10" n="4">
<label>Changed by</label>
<name>Laura Mandell</name>
<list>
<item>XSLT Transforming</item>
</list>
</change>
<change who="#AB" when="2009-03-02" n="3">
<label>Changed by</label>
<name>Averill Buchanan</name>
<list>
<item>corrections from proofing</item>
</list>
</change>
<change who="#LM" when="2009-02-20" n="2">
<label>Changed by</label>
<name xml:id="LM">Laura Mandell</name>
<list>
<item>XSLT Transforming</item>
</list>
</change>
<change who="#AB" when="2009-02-20" n="1">
<label>Changed by</label>
<name xml:id="AB">Averill Buchanan</name>
<list>
<item>TEI Encoding</item>
</list>
</change>
</revisionDesc>
</teiHeader>
<text>
<body>
<div n="123" type="letter">
<head>123. Robert Southey to <ref target="people.html#FrickerEdith">Edith Fricker</ref>, <date when="1795-01-12">[c. 12 January 1795]</date>
<note place="foot" resp="editors" type="headnote">Address: Miss E Fricker/ Redcliff Hill/ Bristol./ Single<lb/>Postmark: JA/ 12/ 95<lb/>MS: British Library, Add MS 47888<lb/>Previously published: Kenneth Curry (ed.), <title level="m">New Letters of Robert Southey</title>, 2 vols (London and New York, 1965), I, pp. 90–92.<lb/>Dating note: The letter is dated from the postmark. Southey writes ‘Tuesday’ at the end of the letter; 12 January 1795 was a Monday.</note>
</head>
<p rend="indent1">	Were I to estimate length of time since my arrival here by the succession of ideas instead of hours, these last thirty would be strangely lengthened.</p>
<p rend="indent1">	my journey was cold — never had I so fit an opportunity <hi rend="ital">cooly</hi> to consider the theory of freezing. we arrived not till 11 next morning. I went to the Salutation &amp; Cat<note n="1" place="foot" resp="editors">An inn in Newgate, London.</note> — a most foul stye — no <ref target="people.html#ColeridgeSamuelTaylor">Coleridge</ref>. I went to Christs Hospital, <ref target="people.html#FavellRobert">Favell</ref> was at church &amp; could not be spoken with till a quarter past 12. I returned drest &amp; breakfasted very heavy at heart. went against to Xts &amp; standing as the boys came out of church physiognomized one for <ref target="people.html#FavellRobert">Favell</ref>. I was right. where is <ref target="people.html#ColeridgeSamuelTaylor">Coleridge</ref>? at the Angel Inn — Angel Street — Butcher hall Lane Newgate Street. we went there. <ref target="people.html#ColeridgeSamuelTaylor">Coleridge</ref> had given me up from the lateness of the hour &amp; was gone with <ref target="people.html#LambCharles">Lamb</ref> to the Unitarian chapel. I sat down at one to the Ordinary dinner &amp; in the middle in came <ref target="people.html#ColeridgeSamuelTaylor">Coleridge</ref>. <ref target="people.html#LambCharles">Lamb</ref> came to us in the evening. my heart was &lt;<del rend="strikethrough">to day</del>&gt; very heavy. <ref target="people.html#ColeridgeSamuelTaylor">Coleridge</ref> objected to Wales &amp; thought it best to find some situation in London till we could prosecute our original plan. he talked of a tutorage — a public office — a newspaper one for me. I went to bed in dirty sheets — &amp; tost &amp; turned cold weary &amp; heart sick till seven in the morning — then fell asleep &amp; woke before ten more refreshed by mental exertion than bodily repose.</p>
<p rend="indent1">	to day I went to <ref target="people.html#BedfordGrosvenorCharles">Bedford</ref>. <ref target="people.html#ColeridgeSamuelTaylor">Coleridge</ref> was to wait half an hour in the Park in case I staid not with him. I left Bedford (with whom I spend tomorrow) but found not <ref target="people.html#ColeridgeSamuelTaylor">Coleridge</ref>. calld on <ref target="people.html#WynnCharlesWW">Wynn</ref> — not in town. on Scott.<note n="2" place="foot" resp="editors">Possibly John Scott (dates unknown), editor of the <title level="j">Morning Advertiser</title>.</note> went to Gerald.<note n="3" place="foot" resp="editors">Joseph Gerrald (1763–1796; <title level="m">DNB</title>) was in prison in the New Compter, Giltspur Street, London, awaiting transportation to Australia.</note> to Ridgeway concerning Wat Tyler.<note n="4" place="foot" resp="editors">In autumn 1794, Robert Lovell may have taken a manuscript of Southey’s drama <title level="m">Wat Tyler</title> to London, in order to find a publisher. He may have given it to James Ridgeway (1755–1838), a well-known publisher of pamphlets, with a shop in York Street, St James’s Square. In 1793, Ridgeway had been fined £200 and imprisoned for publishing the works of Thomas Paine (1737–1809; <title level="m">DNB</title>). Ridgeway was linked to William Winterbotham (1763–1829; <title level="m">DNB</title>), the Baptist minister who at some point acquired the manuscript of <title level="m">Wat Tyler</title> and who was involved in its eventual unauthorised publication in 1817.</note> I am to send them <hi rend="ital">more sedition</hi> to make a 2 Shilling pamphlet. they will print it immediately give me 12 copies &amp; allow me a sum proportionate to the sale if it sells well. all the risk is their own.</p>
<p rend="indent1">	I am at a coffee house with Scott.<note n="5" place="foot" resp="editors">Possibly John Scott, editor of the <title level="j">Morning Advertiser</title>.</note> my pen execrable &amp; my hand too cold either to guide it well or mend it.</p>
<p rend="indent1">	Love me my dear <ref target="people.html#FrickerEdith">Edith</ref> or there will be no comfort for me. I lean strongly to Wales in spite of <ref target="people.html#ColeridgeSamuelTaylor">his</ref> very strong arguments — but if it be not practicable will get a place in some public office of 80 or 100 per year on which with some 50 more by writing for reviews &amp;c we can live with frugality &amp; happi[MS obscured] do not forget me — do not believe that any circumstances can ever make me unhappy while secure of your affection. I think of you always — always with emotion — tis a thought that would comfort me in every calamity &amp; I will cherish it even as my Life for indeed I could not have bear the one without the other. </p>
<p rend="indent1">	God bless you &amp; make you most happy.</p>
<closer>
<salute rend="indent2">		yours affectionately</salute>
<signed rend="indent4">				Robert Southey.</signed>
</closer>
<postscript>
<p>
<date when="1795-01-12">Tuesday. 4 o clock.</date>
</p>
</postscript>
</div>
</body>
</text>
</TEI>
