<?xml version="1.0" encoding="utf-8"?><TEI xmlns="http://www.tei-c.org/ns/1.0">
<teiHeader>
<fileDesc>
<titleStmt>
<title type="main">The Collected Letters of Robert Southey. Part 1: 1791-1797 </title>
<title type="subordinate">A Romantic Circles Electronic Edition</title>
<author>
<name>Southey, Robert, 1774-1843</name>
</author>
<editor>Lynda Pratt</editor>
<sponsor>Romantic Circles</sponsor>
<respStmt>
<resp>General Editor, </resp>
<name>Neil Fraistat</name>
</respStmt>
<respStmt>
<resp>General Editor, </resp>
<name>Steven E. Jones</name>
</respStmt>
<respStmt>
<resp>General Editor, </resp>
<name>Carl Stahmer</name>
</respStmt>
<respStmt>
<resp>Technical Editor</resp>
<name>Laura Mandell</name>
</respStmt>
</titleStmt>
<editionStmt>
<edition>
<date>2009-03-15</date>
</edition>
</editionStmt>
<publicationStmt>
<idno type="nines">rce8</idno>
<idno type="edition">letterEEd.26.8</idno>
<publisher>Romantic Circles, http://www.rc.umd.edu, University of Maryland</publisher>
<pubPlace>College Park, MD</pubPlace>
<date when="2009-02-20">March 15, 2009</date>
<availability status="restricted">
<p>Material from the Romantic Circles Website may not be downloaded, reproduced or disseminated in any
												manner without authorization unless it is for purposes of criticism, comment, news reporting,
												teaching, and/or classroom use as provided by the Copyright Act of 1976, as amended.</p>
<p>Unless otherwise noted, all Pages and Resources mounted on Romantic Circles are copyrighted by the
												author/editor and may be shared only in accordance with the Fair Use provisions of U.S. copyright law.
												Except as expressly permitted by this statement, redistribution or republication in any medium
												requires express prior written consent from the author/editors and advance notification of Romantic
												Circles. Any requests for authorization should be forwarded to Romantic Circles:&gt;
												<address>
<addrLine>Romantic Circles</addrLine>
<addrLine>c/o Professor Neil Fraistat</addrLine>
<addrLine>Department of English</addrLine>
<addrLine>University of Maryland</addrLine>
<addrLine>College Park, MD 20742</addrLine>
<addrLine>fraistat@umd.edu</addrLine>
</address>
</p>
<p>By their use of these texts and images, users agree to the following conditions: <list>
<item>These texts and images may not be used for any commercial purpose without prior written
														permission from Romantic Circles.</item>
<item>These texts and images may not be re-distributed in any forms other than their current
														ones.</item>
</list>
</p>
<p>Users are not permitted to download these texts and images in order to mount them on their own servers.
												It is not in our interest or that of our users to have uncontrolled subsets of our holdings available
												elsewhere on the Internet. We make corrections and additions to our edited resources on a continual
												basis, and we want the most current text to be the only one generally available to all Internet users.
												Institutions can, of course, make a link to the copies at Romantic Circles, subject to our conditions
												of use.</p>
</availability>
</publicationStmt>
<sourceDesc>
<p>Houghton Library, bMS Eng
                        265.1 (32) .  Not previously published.</p>
<p>These letters were edited with the assistance of Carol Bolton, Tim Fulford and Ian Packer</p>
<p>For permission to publish the text of MSS in their possession, the editor wishes to thank the Beinecke Rare
											Books and Manuscript Library, Yale University; Berg Collection of English and American Literature, The New
											York Public Library, Astor, Lenox and Tilden Foundations; the Bodleian Library Oxford University; the
											British Library; Boston Public Library; the Syndics of Cambridge University Library; the Syndics of the
											Fitzwilliam Museum Cambridge; Haverford College, Connecticut; the Historical Society of Pennsylvania; the
											Hornby Library, Liverpool Libraries and Information Services; the Houghton Library, Harvard University;
											the John Rylands Library, Manchester; the Kenneth Spencer Research Library, University of Kansas; Luton
											Museum (Bedfordshire County Council); Massachusetts Historical Society; McGill University Library; the
											National Library of Scotland; the Newberry Library, Chicago; the New York Public Library (Pforzheimer
											Collections); the Pierpont Morgan Library, New York; the Public Record Offices of Bedford, Suffolk (Bury
											St Edmunds) and Northumberland, the Master and Fellows of Trinity College, Cambridge; the Society of
											Antiquaries of Newcastle upon Tyne; the Trustees of the William Salt Library, Stafford, the Wisbech and
											Fenland Museum; the University of Virginia Library.</p>
<p>A research grant from the British Academy made much of the archival work possible, as did support from the
											English Department of Nottingham Trent University.</p>
</sourceDesc>
</fileDesc>
<encodingDesc>
<editorialDecl>
<quotation>
<p>All quotation marks and apostrophes have been changed: " for “," for ”, ' for ‘, and ' for ’.</p>
</quotation>
<hyphenation eol="none">
<p>Any dashes occurring in line breaks have been removed.</p>
<p>Because of web browser variability, all hyphens have been typed on the U.S. keyboard.</p>
<p>Dashes have been rendered as a variable number of hyphens to give a more exact rendering of their
												length.</p>
</hyphenation>
<normalization method="markup">
<p>Southey's spelling has not been regularized.</p>
<p>Writing in other hands appearing on these manuscripts has been indicated as such, the content recorded
												in brackets.</p>
</normalization>
<normalization>
<p>&amp; has been used for the ampersand sign.</p>
<p>£ has been used for £, the pound sign</p>
<p>All other characters, those with accents, non-breaking spaces, etc., have been encoded in HTML entity
												decimals.</p>
</normalization>
</editorialDecl>
<classDecl>
<taxonomy corresp="http://www.performantsoftware.com/nines_wiki/index.php/Submitting_RDF#.3Cnines:genre.3E" xml:id="g">
<bibl>NINES categories for Genre and Material Form at
												http://www.performantsoftware.com/nines_wiki/index.php/Submitting_RDF#.3Cnines:genre.3E on
												2009-02-26</bibl>
<category xml:id="g1">
<catDesc>Architecture</catDesc>
</category>
<category xml:id="g2">
<catDesc>Artifacts</catDesc>
</category>
<category xml:id="g3">
<catDesc>Bibliography</catDesc>
</category>
<category xml:id="g4">
<catDesc>Collection</catDesc>
</category>
<category xml:id="g5">
<catDesc>Criticism</catDesc>
</category>
<category xml:id="g7">
<catDesc>Letters</catDesc>
</category>
<category xml:id="g6">
<catDesc>Drama</catDesc>
</category>
<category xml:id="g8">
<catDesc>Life Writing</catDesc>
</category>
<category xml:id="g9">
<catDesc>Politics</catDesc>
</category>
<category xml:id="g10">
<catDesc>Folklore</catDesc>
</category>
<category xml:id="g11">
<catDesc>Ephemera</catDesc>
</category>
<category xml:id="g12">
<catDesc>Fiction</catDesc>
</category>
<category xml:id="g13">
<catDesc>History</catDesc>
</category>
<category xml:id="g14">
<catDesc>Leisure</catDesc>
</category>
<category xml:id="g15">
<catDesc>Manuscript</catDesc>
</category>
<category xml:id="g16">
<catDesc>Reference Works</catDesc>
</category>
<category xml:id="g17">
<catDesc>Humor</catDesc>
</category>
<category xml:id="g18">
<catDesc>Education</catDesc>
</category>
<category xml:id="g19">
<catDesc>Music</catDesc>
</category>
<category xml:id="g20">
<catDesc>nonfiction</catDesc>
</category>
<category xml:id="g21">
<catDesc>Paratext</catDesc>
</category>
<category xml:id="g22">
<catDesc>Perodical</catDesc>
</category>
<category xml:id="g23">
<catDesc>Philosphy</catDesc>
</category>
<category xml:id="g24">
<catDesc>Photograph</catDesc>
</category>
<category xml:id="g25">
<catDesc>Citation</catDesc>
</category>
<category xml:id="g26">
<catDesc>Family Life</catDesc>
</category>
<category xml:id="g27">
<catDesc>Poetry</catDesc>
</category>
<category xml:id="g28">
<catDesc>Religion</catDesc>
</category>
<category xml:id="g29">
<catDesc>Review</catDesc>
</category>
<category xml:id="g30">
<catDesc>Visual Art</catDesc>
</category>
<category xml:id="g31">
<catDesc>Translation</catDesc>
</category>
<category xml:id="g32">
<catDesc>Travel</catDesc>
</category>
<category xml:id="g33">
<catDesc>Book History</catDesc>
</category>
<category xml:id="g34">
<catDesc>Law</catDesc>
</category>
</taxonomy>
<taxonomy corresp="http://www.rc.umd.edu/southey_letters/people.xml">
<category xml:id="people">
<catDesc>Southey Letters: Biographies</catDesc>
</category>
</taxonomy>
<taxonomy corresp="http://www.rc.umd.edu/southey_letters/places.xml">
<category xml:id="places">
<catDesc>Southey Letters: Places</catDesc>
</category>
</taxonomy>
</classDecl>
</encodingDesc>
<profileDesc>
<textClass>
<catRef scheme="#genre" target="#g7 #g27"/>
<catRef scheme="#people" target="#EEd.26.1.names"/>
<catRef scheme="#places" target="#EEd.26.1.places"/>
</textClass>
</profileDesc>
<revisionDesc>
<change who="#LM" when="2009-03-10" n="4">
<label>Changed by</label>
<name>Laura Mandell</name>
<list>
<item>XSLT Transforming</item>
</list>
</change>
<change who="#AB" when="2009-03-02" n="3">
<label>Changed by</label>
<name>Averill Buchanan</name>
<list>
<item>corrections from proofing</item>
</list>
</change>
<change who="#LM" when="2009-02-20" n="2">
<label>Changed by</label>
<name xml:id="LM">Laura Mandell</name>
<list>
<item>XSLT Transforming</item>
</list>
</change>
<change who="#AB" when="2009-02-20" n="1">
<label>Changed by</label>
<name xml:id="AB">Averill Buchanan</name>
<list>
<item>TEI Encoding</item>
</list>
</change>
</revisionDesc>
</teiHeader>
<text>
<body>
<div n="8" type="letter">
<head>8. Robert Southey to <ref target="people.html#LambThomasDavis">Thomas Davis
                        Lamb</ref>, <date when="1792-04-26">[c. 26 April 1792]</date>
<note place="foot" resp="editors" type="headnote">Address: Mr Davies Lamb/ M<hi rend="sup">rs</hi> Cloughs/ Deans Yard/ Westminster<lb/> Stamped:
                        WALTHAM CROSS<lb/> Postmark: AP/ 26/ 92<lb/> MS: Houghton Library, bMS Eng
                        265.1 (32)<lb/> Unpublished.</note>
</head>
<opener>
<salute>Dear Lamb</salute>
</opener>
<p rend="indent1"> I will be obliged to you to send my portfolio with all my verses
                    &lt;all its contents&gt; &amp;c <del rend="strikethrough">&amp;</del>
<del rend="strikethrough">N<hi rend="sup">o</hi> 6 of</del> to Hart Street. the
                    Castles of Athlin &amp; Dunbayne<note n="1" place="foot" resp="editors">Ann
                        Radcliffe (1764–1823; <title level="m">DNB</title>), <title level="m">The
                            Castles of Athlin and Dunbayne</title> (1789).</note> which is in the
                    deal box or <ref target="people.html#CombeEdward">Combes</ref> bookcase
                    &amp; if you will get No 6<note n="2" place="foot" resp="editors">Southey is
                        referring to the sixth issue of <title level="j">The Flagellant</title>,
                        which appeared on 5 April 1792.</note> from <ref target="people.html#BarnesFrederick">Gingers</ref> &amp; send with them
                    as I have the rest.</p>
<p rend="indent1">
<ref target="people.html#CombeEdward">Combes</ref> breaking up so soon is very
                    odd. I know <ref target="people.html#VincentWilliam">Vincent</ref> fears a
                    rebellion for he told D<hi rend="sup">r</hi> Whalesby<note n="3" place="foot" resp="editors">Unidentified.</note> so. most likely he will make <ref target="people.html#Adderley">Adderly</ref> break up &amp; you &amp;
                    then he will be secure. I wish I could hear the trial — M<hi rend="sup">r</hi>
                    Reed will get Garrow<note n="4" place="foot" resp="editors">The barrister
                        William Garrow (1760–1840; <title level="m">DNB</title>).</note> to cut up
                    the Doctor. you seem to be in a pretty situation — when <ref target="people.html#CombeEdward">Combe</ref>
<ref target="people.html#Adderley">Adderly</ref> &amp; you are gone <ref target="people.html#DoddJamesWilliam">Dodd</ref> will <hi rend="ital">plug</hi> the house about without opposition — his <ref target="people.html#CombeEdward">Majesty</ref> would not have broke up so
                    soon unless by <ref target="people.html#VincentWilliam">Vincents</ref>
                    particular desire — I expect you will be at home next — however you have one
                    Ignoramus at the head of the underschool &amp; in all human probability will
                    have another in D<hi rend="sup">r</hi> V. I am obliged to discontinue the
                    Flagellant. N<hi rend="sup">o</hi> 10 concludes it<note n="5" place="foot" resp="resp">Southey was mistaken; the ninth, and final, issue of <title level="j">The Flagellant</title> appeared on 26 April 1792.</note> — but
                    we shall not waste our papers. we mean to write on &amp; some months hence
                    publish a volume compleat. I plan a paper upon wigs &amp; if you like a
                    curious sketch take the following.</p>
<p rend="indent1"> Wigs emblematic of hypocrisy — hypocrisy springs from the Devil
                    Ergo the Devil the inventor of wigs.</p>
<p rend="indent1"> NB. as reflection upon your old wig.</p>
<p rend="indent1"> a few quotations from Milton Spencer — the testament the Koran
                    the Edda<note n="6" place="foot" resp="editors">A collection of poems dealing
                        with Norse mythology. In 1797 Southey encouraged Amos Simon Cottle to
                        translate the Latin text of the <title level="m">Edda</title> into
                        English.</note> Hugo Grotius,<note n="7" place="foot" resp="editors">Hugo
                        Grotius (1583–1645), Dutch statesman and writer on international law.</note>
                        Juvenal<note n="8" place="foot" resp="editors">Decimus Junius Juvenalis (fl.
                        AD late C1 and early C2), satirist.</note> &amp;c &amp;c &amp;c
                    &amp;c &amp;c &amp;c &amp;c &amp;c &amp;c — derivation
                    of the word hypocrisy UπΟ
                    κριτςς<note n="9" place="foot" resp="editors">The Greek translates properly as ‘actor’, but
                        its meaning in NT Greek is ‘hypocrite’.</note> the mask which the old actors
                    wore. therefore the wig a mask for ignorance &amp; hypocrisy.</p>
<p rend="indent1"> the monks shave their head. all extremes bad</p>
<p rend="indent2"> Medio tutissismus ibis</p>
<p rend="indent3"> Ergo<note n="10" place="foot" resp="editors">The Latin translates
                        roughly as ‘Moderation in all things/ Therefore’.</note>
</p>
<p rend="indent2"> Doctors should wear their own hair.</p>
<p>wigs came in fashion as wisdom declined — old custom no good authority. quotation
                    from Tom Paine<note n="11" place="foot" resp="editors">Southey is paraphrasing
                        ideas found in Thomas Paine (1737–1809; <title level="m">DNB</title>),
                            <title level="m">The Rights of Man</title> (1791–1792).</note>
                    concerning precedent. the primitive fathers did not wear wigs. bishops do
                    &amp; therefore the bishops are not orthodox.</p>
<p rend="indent2"> ass in a lions skin</p>
<p rend="indent3"> like</p>
<p rend="indent2">
<ref target="people.html#WingfieldJohn">Mr Wingfield</ref> in a wig —</p>
<p rend="indent3"> ———</p>
<p>but all this will not do yet — I must lay by for some time — meanwhile I will lay
                    in a good store of doses for the <ref target="people.html#VincentWilliam">Doctor</ref> the Devil &amp; <ref target="people.html#DoddJamesWilliam">Dodd</ref>.</p>
<p rend="indent1"> if we go to France we will send <ref target="people.html#CombeEdward">Combe</ref> a letter every day — double or
                    treble first a French one &amp; then a translation for fear he should be
                    puzzled — &amp; now as I have nothing to say I conclude.</p>
<closer>
<salute rend="indent2">yours sincerely</salute>
</closer>
<closer>
<signed rend="indent3">R Southey</signed>
</closer>
</div>
</body>
</text>
</TEI>
