<?xml version="1.0" encoding="utf-8"?><TEI xmlns="http://www.tei-c.org/ns/1.0">
<teiHeader>
<fileDesc>
<titleStmt>
<title type="main">The Collected Letters of Robert Southey. Part 1: 1791-1797 </title>
<title type="subordinate">A Romantic Circles Electronic Edition</title>
<author>
<name>Southey, Robert, 1774-1843</name>
</author>
<editor>Lynda Pratt</editor>
<sponsor>Romantic Circles</sponsor>
<respStmt>
<resp>General Editor, </resp>
<name>Neil Fraistat</name>
</respStmt>
<respStmt>
<resp>General Editor, </resp>
<name>Steven E. Jones</name>
</respStmt>
<respStmt>
<resp>General Editor, </resp>
<name>Carl Stahmer</name>
</respStmt>
<respStmt>
<resp>Technical Editor</resp>
<name>Laura Mandell</name>
</respStmt>
</titleStmt>
<editionStmt>
<edition>
<date>2009-03-15</date>
</edition>
</editionStmt>
<publicationStmt>
<idno type="nines">rce137</idno>
<idno type="edition">letterEEd.26.137</idno>
<publisher>Romantic Circles, http://www.rc.umd.edu, University of Maryland</publisher>
<pubPlace>College Park, MD</pubPlace>
<date when="2009-02-20">March 15, 2009</date>
<availability status="restricted">
<p>Material from the Romantic Circles Website may not be downloaded, reproduced or disseminated in any
												manner without authorization unless it is for purposes of criticism, comment, news reporting,
												teaching, and/or classroom use as provided by the Copyright Act of 1976, as amended.</p>
<p>Unless otherwise noted, all Pages and Resources mounted on Romantic Circles are copyrighted by the
												author/editor and may be shared only in accordance with the Fair Use provisions of U.S. copyright law.
												Except as expressly permitted by this statement, redistribution or republication in any medium
												requires express prior written consent from the author/editors and advance notification of Romantic
												Circles. Any requests for authorization should be forwarded to Romantic Circles:&gt;
												<address>
<addrLine>Romantic Circles</addrLine>
<addrLine>c/o Professor Neil Fraistat</addrLine>
<addrLine>Department of English</addrLine>
<addrLine>University of Maryland</addrLine>
<addrLine>College Park, MD 20742</addrLine>
<addrLine>fraistat@umd.edu</addrLine>
</address>
</p>
<p>By their use of these texts and images, users agree to the following conditions: <list>
<item>These texts and images may not be used for any commercial purpose without prior written
														permission from Romantic Circles.</item>
<item>These texts and images may not be re-distributed in any forms other than their current
														ones.</item>
</list>
</p>
<p>Users are not permitted to download these texts and images in order to mount them on their own servers.
												It is not in our interest or that of our users to have uncontrolled subsets of our holdings available
												elsewhere on the Internet. We make corrections and additions to our edited resources on a continual
												basis, and we want the most current text to be the only one generally available to all Internet users.
												Institutions can, of course, make a link to the copies at Romantic Circles, subject to our conditions
												of use.</p>
</availability>
</publicationStmt>
<sourceDesc>
<p>Bodleian Library, MS Eng. Lett. c. 22.  Previously 
                        published: Charles Cuthbert Southey (ed.), Life and
                            Correspondence of Robert Southey, 6 vols (London, 1849–1850), I,
                        pp. 251–254 [in part, where it is dated 23 October 1795].</p>
<p>These letters were edited with the assistance of Carol Bolton, Tim Fulford and Ian Packer</p>
<p>For permission to publish the text of MSS in their possession, the editor wishes to thank the Beinecke Rare
											Books and Manuscript Library, Yale University; Berg Collection of English and American Literature, The New
											York Public Library, Astor, Lenox and Tilden Foundations; the Bodleian Library Oxford University; the
											British Library; Boston Public Library; the Syndics of Cambridge University Library; the Syndics of the
											Fitzwilliam Museum Cambridge; Haverford College, Connecticut; the Historical Society of Pennsylvania; the
											Hornby Library, Liverpool Libraries and Information Services; the Houghton Library, Harvard University;
											the John Rylands Library, Manchester; the Kenneth Spencer Research Library, University of Kansas; Luton
											Museum (Bedfordshire County Council); Massachusetts Historical Society; McGill University Library; the
											National Library of Scotland; the Newberry Library, Chicago; the New York Public Library (Pforzheimer
											Collections); the Pierpont Morgan Library, New York; the Public Record Offices of Bedford, Suffolk (Bury
											St Edmunds) and Northumberland, the Master and Fellows of Trinity College, Cambridge; the Society of
											Antiquaries of Newcastle upon Tyne; the Trustees of the William Salt Library, Stafford, the Wisbech and
											Fenland Museum; the University of Virginia Library.</p>
<p>A research grant from the British Academy made much of the archival work possible, as did support from the
											English Department of Nottingham Trent University.</p>
</sourceDesc>
</fileDesc>
<encodingDesc>
<editorialDecl>
<quotation>
<p>All quotation marks and apostrophes have been changed: " for “," for ”, ' for ‘, and ' for ’.</p>
</quotation>
<hyphenation eol="none">
<p>Any dashes occurring in line breaks have been removed.</p>
<p>Because of web browser variability, all hyphens have been typed on the U.S. keyboard.</p>
<p>Dashes have been rendered as a variable number of hyphens to give a more exact rendering of their
												length.</p>
</hyphenation>
<normalization method="markup">
<p>Southey's spelling has not been regularized.</p>
<p>Writing in other hands appearing on these manuscripts has been indicated as such, the content recorded
												in brackets.</p>
</normalization>
<normalization>
<p>&amp; has been used for the ampersand sign.</p>
<p>£ has been used for £, the pound sign</p>
<p>All other characters, those with accents, non-breaking spaces, etc., have been encoded in HTML entity
												decimals.</p>
</normalization>
</editorialDecl>
<classDecl>
<taxonomy corresp="http://www.performantsoftware.com/nines_wiki/index.php/Submitting_RDF#.3Cnines:genre.3E" xml:id="g">
<bibl>NINES categories for Genre and Material Form at
												http://www.performantsoftware.com/nines_wiki/index.php/Submitting_RDF#.3Cnines:genre.3E on
												2009-02-26</bibl>
<category xml:id="g1">
<catDesc>Architecture</catDesc>
</category>
<category xml:id="g2">
<catDesc>Artifacts</catDesc>
</category>
<category xml:id="g3">
<catDesc>Bibliography</catDesc>
</category>
<category xml:id="g4">
<catDesc>Collection</catDesc>
</category>
<category xml:id="g5">
<catDesc>Criticism</catDesc>
</category>
<category xml:id="g7">
<catDesc>Letters</catDesc>
</category>
<category xml:id="g6">
<catDesc>Drama</catDesc>
</category>
<category xml:id="g8">
<catDesc>Life Writing</catDesc>
</category>
<category xml:id="g9">
<catDesc>Politics</catDesc>
</category>
<category xml:id="g10">
<catDesc>Folklore</catDesc>
</category>
<category xml:id="g11">
<catDesc>Ephemera</catDesc>
</category>
<category xml:id="g12">
<catDesc>Fiction</catDesc>
</category>
<category xml:id="g13">
<catDesc>History</catDesc>
</category>
<category xml:id="g14">
<catDesc>Leisure</catDesc>
</category>
<category xml:id="g15">
<catDesc>Manuscript</catDesc>
</category>
<category xml:id="g16">
<catDesc>Reference Works</catDesc>
</category>
<category xml:id="g17">
<catDesc>Humor</catDesc>
</category>
<category xml:id="g18">
<catDesc>Education</catDesc>
</category>
<category xml:id="g19">
<catDesc>Music</catDesc>
</category>
<category xml:id="g20">
<catDesc>nonfiction</catDesc>
</category>
<category xml:id="g21">
<catDesc>Paratext</catDesc>
</category>
<category xml:id="g22">
<catDesc>Perodical</catDesc>
</category>
<category xml:id="g23">
<catDesc>Philosphy</catDesc>
</category>
<category xml:id="g24">
<catDesc>Photograph</catDesc>
</category>
<category xml:id="g25">
<catDesc>Citation</catDesc>
</category>
<category xml:id="g26">
<catDesc>Family Life</catDesc>
</category>
<category xml:id="g27">
<catDesc>Poetry</catDesc>
</category>
<category xml:id="g28">
<catDesc>Religion</catDesc>
</category>
<category xml:id="g29">
<catDesc>Review</catDesc>
</category>
<category xml:id="g30">
<catDesc>Visual Art</catDesc>
</category>
<category xml:id="g31">
<catDesc>Translation</catDesc>
</category>
<category xml:id="g32">
<catDesc>Travel</catDesc>
</category>
<category xml:id="g33">
<catDesc>Book History</catDesc>
</category>
<category xml:id="g34">
<catDesc>Law</catDesc>
</category>
</taxonomy>
<taxonomy corresp="http://www.rc.umd.edu/southey_letters/people.xml">
<category xml:id="people">
<catDesc>Southey Letters: Biographies</catDesc>
</category>
</taxonomy>
<taxonomy corresp="http://www.rc.umd.edu/southey_letters/places.xml">
<category xml:id="places">
<catDesc>Southey Letters: Places</catDesc>
</category>
</taxonomy>
</classDecl>
</encodingDesc>
<profileDesc>
<textClass>
<catRef scheme="#genre" target="#g7 #g27"/>
<catRef scheme="#people" target="#EEd.26.1.names"/>
<catRef scheme="#places" target="#EEd.26.1.places"/>
</textClass>
</profileDesc>
<revisionDesc>
<change who="#LM" when="2009-03-10" n="4">
<label>Changed by</label>
<name>Laura Mandell</name>
<list>
<item>XSLT Transforming</item>
</list>
</change>
<change who="#AB" when="2009-03-02" n="3">
<label>Changed by</label>
<name>Averill Buchanan</name>
<list>
<item>corrections from proofing</item>
</list>
</change>
<change who="#LM" when="2009-02-20" n="2">
<label>Changed by</label>
<name xml:id="LM">Laura Mandell</name>
<list>
<item>XSLT Transforming</item>
</list>
</change>
<change who="#AB" when="2009-02-20" n="1">
<label>Changed by</label>
<name xml:id="AB">Averill Buchanan</name>
<list>
<item>TEI Encoding</item>
</list>
</change>
</revisionDesc>
</teiHeader>
<text>
<body>
<div n="137" type="letter">
<head>137. Robert Southey to <ref target="people.html#BedfordGrosvenorCharles">Grosvenor Charles Bedford</ref>, <date when="1795-10-23">[started before
                        and continued on] 23 October [1795]</date>
<note place="foot" resp="editors" type="headnote">Address: Grosvenor Charles Bedford Esq<hi rend="sup">r</hi>/
                        New Palace Yard/ Westminster./ Single Sheet<lb/>Postmark: AOC/ 24/
                        95<lb/>Watermarks: Figure of Britannia; COLES/ 1794<lb/>Endorsements: Rec<hi rend="sup">d</hi>. Oct<hi rend="sup">r</hi>. 24. 1795; Ans<hi rend="sup">d</hi>. Oct<hi rend="sup">r</hi>. 29. sent copy of/ Hero &amp;
                        Leander<lb/>MS: Bodleian Library, MS Eng. Lett. c. 22<lb/>Previously
                        published: Charles Cuthbert Southey (ed.), <title level="m">Life and
                            Correspondence of Robert Southey</title>, 6 vols (London, 1849–1850), I,
                        pp. 251–254 [in part, where it is dated 23 October 1795].</note>
</head>
<p rend="indent1"> My dear Grosvenor mark the ludicrous association of words I have
                    just discovered in Joan</p>
<lg type="stanza">
<l rend="indent6"> now they reachd</l>
<l rend="indent2">The house of PENITENCE. CREDULITY</l>
<l rend="indent2">Stood at the gate, stretching her eager head</l>
<l rend="indent2">As tho to listen; on her <del rend="strikethrough">face</del>
                        vacant face</l>
<l rend="indent2">A smile that promisd premature assent.</l>
<l rend="indent2">Tho <hi rend="ital">her behind</hi>, Regret a meagre fiend</l>
<l rend="indent2">
<hi rend="ital">Disciplind sorely</hi>. <note n="1" place="foot" resp="editors">A revised version of these lines appeared in
                            Southey’s <title level="m">Joan of Arc, An Epic Poem</title> (Bristol
                            and London, 1796), p. 344.</note>
</l>
</lg>
<lb/>
<p>what a curious double-meaning by placing behind before. I have placed it after
                    Regret now.</p>
<p>Friday. Oct. 23<hi rend="sup">d</hi>
</p>
<p rend="indent1"> And where <ref target="people.html#BedfordGrosvenorCharles">Grosvenor</ref> do you suppose the Fates have condemned me for six months?
                    to Spain &amp; Portugal! — indeed my heart is very heavy — I would have
                    refused but I was wearied of everlastingly refusing all my mothers wishes —
                    &amp; <del rend="strikethrough">&amp;</del> it is only one mode of
                    wearing out a period that must be unpleasant to me any where. <ref target="people.html#FrickerEdith">Edith</ref> is to be with <ref target="people.html#SoutheyMargaret">my Mother</ref> during my absence. on
                    this condition only would I go.</p>
<p rend="indent1"> I now know neither when I go nor where. except that we cross to
                    Corunā &amp; thence by land to Lisbon. <ref target="people.html#CottleJoseph">Cottle</ref> is delighted with the idea of
                    a volume of travels — my <ref target="people.html#FrickerEdith">Edith</ref>
                    persuades me to go &amp; then weeps that I am going tho she would not permit
                        <del rend="strikethrough">my</del> &lt;me to&gt; stay — tis well
                    that my mind is never unemployed — I have about 900 lines &amp; half a
                    preface yet to compose &amp; this I am resolved to finishd by Wednesday
                    night next. it is more than probable that I shall go in a fortnight.</p>
<p rend="indent1"> then the advantageous possibility of being captured by the French
                    — or the still more agreable chance of going to Algiers — with perhaps the
                    pleasant alternative of circumcision — or another operation which qualifies for
                    high office. then to give my inside to the fishes on the road, &amp; carry
                    my outsides to the bugs on my arrival — the luxury of sleeping with the mules —
                    &amp; if they should kick in the night — &amp; to travel <ref target="people.html#BedfordGrosvenorCharles">Grosvenor</ref> with a lonely
                    heart — &amp; to know that hers is as lonely!</p>
<p rend="indent1"> when I am returned I shall be glad that I have been. the
                    knowledge of two languages is worth acquiring — &amp; perhaps the climate
                    may agree with me &amp; counteract a certain habit of skeletonization, that
                    tho I do not apprehend it will hasten me to the worms — will if it continue
                    certainly cheat them of their supper.</p>
<lg type="stanza">
<l rend="indent2"> Warm with desire &amp; eager for delight<note n="2" place="foot" resp="editors">A quotation from Grosvenor Charles Bedford’s
                            translation of Musæus (fl. c. early 6th century), published as <title level="m">The Loves of Hero and Leander</title> (1797).</note>
</l>
<l rend="indent2"> They chid the lingering day &amp; prayd for night</l>
</lg>
<lb/>
<p>Or</p>
<lg type="stanza">
<l rend="indent2"> And whilst they loathd the day stars envious light</l>
<l rend="indent2"> They chid the slow approach of lingering night</l>
</lg>
<lb/>
<p>that is the idea. your other four lines are better compressd in two — for the
                    second “that oer the wave in widestretchd ruin past” is expletive &amp;
                    incorrect.</p>
<lg type="stanza">
<l rend="indent2"> Sing now the blast that joind with furious breath</l>
<l rend="indent2"> The light &amp; lover &amp;c.</l>
</lg>
<p>Can you spare time to send me the MSS before it be printed. if you can I have the
                    Greek, &amp; will peruse it with a fault-finding eye</p>
<p rend="indent1"> concerning the moral tendency of the poem we differ. — I should
                    like to find all the faults I can in its execution — this is a friends duty
                    before printing. afterwards he will look for beauties.</p>
<p rend="indent1"> You are all mystery. God bless &amp; prosper you.</p>
<p rend="indent1"> We will write a good opera. my expedition will teach me the
                    costume of Spain. by the by I have made a discovery respecting the story of the
                    Mysterious Mother. Ld O— tells it of Tillotson. the story is printed in a work
                    of Bp. Halls 1652.<note n="3" place="foot" resp="editors">Horace Walpole, 4th
                        Earl of Orford (1717–1797; <title level="m">DNB</title>), <title level="m">The Mysterious Mother. A Tragedy</title> (1768), a play dealing with
                        incest; John Tillotson (1630–1694; <title level="m">DNB</title>), Archbishop
                        of Canterbury; Joseph Hall (1574–1656; <title level="m">DNB</title>), Bishop
                        of Norwich, religious writer, and satirist. Southey is citing Hall’s <title level="m">Resolutions and Decisions of Divers Practicall Cases of
                            Conscience</title>, 2nd edn (London, 1650), pp. 412–415.</note> he heard
                    it from</p>
<p rend="indent1"> Perkins<note n="4" place="foot" resp="editors">William Perkins
                        (1558–1602; <title level="m">DNB</title>), theologian and Church of England
                        clergyman.</note> (the clergyman whom Fuller calls an excellent Chirurgeon
                    at joynting of a broken soul<note n="5" place="foot" resp="editors">Southey had
                        borrowed Thomas Fuller (1607/8–1661; <title level="m">DNB</title>), <title level="m">The History of the Worthies of England</title> (1662) from the
                        Bristol Library Society between 4 May and 1 June 1795. His quotation,
                        however, is from Fuller, <title level="m">The Holy State</title> (Cambridge,
                        1642), p. 90.</note> — he would pronounce the word Damn with such an
                    emphasis as left a dolefull echo in his auditors ears a good while after.
                        Warton-like<note n="6" place="foot" resp="editors">A comparison with the
                        poet and historian Thomas Warton (1728–1790; <title level="m">DNB</title>).</note> I must go on with Perkins &amp; give you an
                    epigram — he was lame of the right hand — the Latin is as blunt as a good
                    humourd joke need be</p>
<lg type="stanza">
<l rend="indent2">Dextera quantum vis fuerat tibi manea, docendi</l>
<l rend="indent3"> Pollebas mira dexteritate tamen.<note n="7" place="foot" resp="editors"> Thomas Fuller, <title level="m">The Holy State</title>
                            (Cambridge, 1642), p. 92.</note>
</l>
<l rend="indent2">Tho Nature thee of thy <hi rend="ital">right</hi> hand
                        bereft</l>
<l rend="indent2">
<hi rend="ital">Right</hi> well thou <hi rend="ital">writest</hi> with thy hand thats <hi rend="ital">left</hi>.</l>
</lg>
<p>now all this in a parenthesis!) Hall adds that he afterwards discoverd the story
                    in two German authors, &amp; that it really happened in Germany. if you have
                    not had your transcription of the Tragedy bound there is a curious piece of
                    information to annex &lt;to&gt; it — &amp; I believe unknown to any
                    person except myself.</p>
<p rend="indent1"> you must write to me often at Lisbon. with the <ref target="people.html#HillHerbert">Rev. Herbert Hill</ref> Lisbon is direction
                    enough. your letters will lie there till my arrival — by the by — number them on
                    the outside 1 — 2 &amp;c that I may read them chronologically. you will of
                    course often hear from me.</p>
<p rend="indent1"> I have journal books getting ready at <ref target="people.html#CottleJoseph">Cottles</ref> for me. <del rend="strikethrough">if I next</del> I hope to become master of the two
                    languages — &amp; to procure some of the choicest authors. from their
                    miscellanies &amp; collections that I cannot purchase — I shall transcribe
                    the best or favourite pieces &amp; translate — for we have little literature
                    of those parts. &amp; these I shall request some person fond of poetry to
                    point out — if I am fortunate enough to find <del rend="strikethrough">out</del>
                    &lt;one&gt;. mais — helas! J en doute as well as you. &amp; fear me
                    I shall be friendless for six months.</p>
<p rend="indent1">
<ref target="people.html#BedfordGrosvenorCharles">Grosvenor</ref> I am not
                    happy. when I get to bed — reflection comes with solitude &amp; I think of
                    all the objections to the journey. tis right however to look at the white side
                    of the shield —</p>
<p rend="indent1"> the damned Algerines. if they should take me — it might make a
                    very pretty subject for a chapter in my memoirs, but of this I am very sure that
                    my Biographer would like it better than I should.</p>
<p rend="indent1"> I sit for my picture<note n="8" place="foot" resp="editors">In
                        1795, Southey was painted by Peter Vandyke (1729–1799; <title level="m">DNB</title>). The portrait is now in the National Portrait Gallery,
                        London.</note> by <ref target="people.html#CottleJoseph">Cottles</ref>
                    particular desire on Monday</p>
<p rend="indent1"> preface-writing is an unpleasant job.</p>
<p rend="indent1"> have you seen the Mæviad?<note n="9" place="foot" resp="editors">William Gifford (1756–1826; <title level="m">DNB</title>), <title level="m">The Mæviad</title> (1795). His previous poem was <title level="m">The
                            Baviad, a Paraphrastic Imitation of the First Satire of Persius</title>
                        (1791).</note> the poem is not equal to the former production of the same
                    author — but the spirit of panegyric is more agreable than that of satire
                    &amp; I love the man for his lines to his own friends. there is an imitation
                    of Otium Divos<note n="10" place="foot" resp="editors"> Horace (65–8 BC), <title level="m">Odes</title>, Book 2, no. 16. Gifford’s version appeared in
                            <title level="m">The Mæviad</title> (London, 1795), p. 55.</note> very
                    eminently beautiful. Merry<note n="11" place="foot" resp="editors">Robert Merry
                        (1755–1798; <title level="m">DNB</title>), who wrote under the pseudonym
                        ‘Della Crusca’.</note> has been satyrized <del rend="strikethrough">enough</del> too much &amp; praised too much — his taste is debauched
                    but he is a man of Genius.</p>
<p rend="indent1"> I am in hopes that the absurd fashion of wearing powder has
                    received its death-blow. the scarcity we are threatened with (&amp; of which
                    we have as yet experienced a very slight earnest) renders it now highly
                    criminal. I am glad you are without it.</p>
<p rend="indent1"> where is <ref target="people.html#BedfordHoraceWalpole">Horace</ref> &amp; what is he doing or thinking of? is it not
                    lamentable <ref target="people.html#BedfordGrosvenorCharles">Grosvenor</ref>
                    that the best years of life should be spent in anxiety!</p>
<p rend="indent1"> is Cadman<note n="12" place="foot" resp="editors">Unidentified; a
                        friend of the Bedfords.</note> with you? that man deserves ten years more
                        Tippooing<note n="13" place="foot" resp="editors">A reference to Tippu
                        Sultan (1750–1799), Sultan of Mysore (from 1782), who was defeated and
                        killed at Seringapatam in 1799.</note> for not writing his life. tell him
                    so.</p>
<p rend="indent1"> &amp; now God bless you. write to me &amp; send me your
                    MSS directly. to all your friends my affectionate remembrances.</p>
<closer>
<signed rend="indent5"> Robert Southey.</signed>
</closer>
</div>
</body>
</text>
</TEI>
