<?xml version="1.0" encoding="utf-8"?><TEI xmlns="http://www.tei-c.org/ns/1.0">
<teiHeader>
<fileDesc>
<titleStmt>
<title type="main">The Collected Letters of Robert Southey. Part 1: 1791-1797 </title>
<title type="subordinate">A Romantic Circles Electronic Edition</title>
<author>
<name>Southey, Robert, 1774-1843</name>
</author>
<editor>Lynda Pratt</editor>
<sponsor>Romantic Circles</sponsor>
<respStmt>
<resp>General Editor, </resp>
<name>Neil Fraistat</name>
</respStmt>
<respStmt>
<resp>General Editor, </resp>
<name>Steven E. Jones</name>
</respStmt>
<respStmt>
<resp>General Editor, </resp>
<name>Carl Stahmer</name>
</respStmt>
<respStmt>
<resp>Technical Editor</resp>
<name>Laura Mandell</name>
</respStmt>
</titleStmt>
<editionStmt>
<edition>
<date>2009-03-15</date>
</edition>
</editionStmt>
<publicationStmt>
<idno type="nines">rce63</idno>
<idno type="edition">letterEEd.26.63</idno>
<publisher>Romantic Circles, http://www.rc.umd.edu, University of Maryland</publisher>
<pubPlace>College Park, MD</pubPlace>
<date when="2009-02-20">March 15, 2009</date>
<availability status="restricted">
<p>Material from the Romantic Circles Website may not be downloaded, reproduced or disseminated in any
												manner without authorization unless it is for purposes of criticism, comment, news reporting,
												teaching, and/or classroom use as provided by the Copyright Act of 1976, as amended.</p>
<p>Unless otherwise noted, all Pages and Resources mounted on Romantic Circles are copyrighted by the
												author/editor and may be shared only in accordance with the Fair Use provisions of U.S. copyright law.
												Except as expressly permitted by this statement, redistribution or republication in any medium
												requires express prior written consent from the author/editors and advance notification of Romantic
												Circles. Any requests for authorization should be forwarded to Romantic Circles:&gt;
												<address>
<addrLine>Romantic Circles</addrLine>
<addrLine>c/o Professor Neil Fraistat</addrLine>
<addrLine>Department of English</addrLine>
<addrLine>University of Maryland</addrLine>
<addrLine>College Park, MD 20742</addrLine>
<addrLine>fraistat@umd.edu</addrLine>
</address>
</p>
<p>By their use of these texts and images, users agree to the following conditions: <list>
<item>These texts and images may not be used for any commercial purpose without prior written
														permission from Romantic Circles.</item>
<item>These texts and images may not be re-distributed in any forms other than their current
														ones.</item>
</list>
</p>
<p>Users are not permitted to download these texts and images in order to mount them on their own servers.
												It is not in our interest or that of our users to have uncontrolled subsets of our holdings available
												elsewhere on the Internet. We make corrections and additions to our edited resources on a continual
												basis, and we want the most current text to be the only one generally available to all Internet users.
												Institutions can, of course, make a link to the copies at Romantic Circles, subject to our conditions
												of use.</p>
</availability>
</publicationStmt>
<sourceDesc>
<p>.  Previously  published: Charles
                        Cuthbert Southey (ed.), Life and Correspondence of Robert
                            Southey, 6 vols (London, 1849–1850), I, p. 188 [in part; 1
                        paragraph].</p>
<p>These letters were edited with the assistance of Carol Bolton, Tim Fulford and Ian Packer</p>
<p>For permission to publish the text of MSS in their possession, the editor wishes to thank the Beinecke Rare
											Books and Manuscript Library, Yale University; Berg Collection of English and American Literature, The New
											York Public Library, Astor, Lenox and Tilden Foundations; the Bodleian Library Oxford University; the
											British Library; Boston Public Library; the Syndics of Cambridge University Library; the Syndics of the
											Fitzwilliam Museum Cambridge; Haverford College, Connecticut; the Historical Society of Pennsylvania; the
											Hornby Library, Liverpool Libraries and Information Services; the Houghton Library, Harvard University;
											the John Rylands Library, Manchester; the Kenneth Spencer Research Library, University of Kansas; Luton
											Museum (Bedfordshire County Council); Massachusetts Historical Society; McGill University Library; the
											National Library of Scotland; the Newberry Library, Chicago; the New York Public Library (Pforzheimer
											Collections); the Pierpont Morgan Library, New York; the Public Record Offices of Bedford, Suffolk (Bury
											St Edmunds) and Northumberland, the Master and Fellows of Trinity College, Cambridge; the Society of
											Antiquaries of Newcastle upon Tyne; the Trustees of the William Salt Library, Stafford, the Wisbech and
											Fenland Museum; the University of Virginia Library.</p>
<p>A research grant from the British Academy made much of the archival work possible, as did support from the
											English Department of Nottingham Trent University.</p>
</sourceDesc>
</fileDesc>
<encodingDesc>
<editorialDecl>
<quotation>
<p>All quotation marks and apostrophes have been changed: " for “," for ”, ' for ‘, and ' for ’.</p>
</quotation>
<hyphenation eol="none">
<p>Any dashes occurring in line breaks have been removed.</p>
<p>Because of web browser variability, all hyphens have been typed on the U.S. keyboard.</p>
<p>Dashes have been rendered as a variable number of hyphens to give a more exact rendering of their
												length.</p>
</hyphenation>
<normalization method="markup">
<p>Southey's spelling has not been regularized.</p>
<p>Writing in other hands appearing on these manuscripts has been indicated as such, the content recorded
												in brackets.</p>
</normalization>
<normalization>
<p>&amp; has been used for the ampersand sign.</p>
<p>£ has been used for £, the pound sign</p>
<p>All other characters, those with accents, non-breaking spaces, etc., have been encoded in HTML entity
												decimals.</p>
</normalization>
</editorialDecl>
<classDecl>
<taxonomy corresp="http://www.performantsoftware.com/nines_wiki/index.php/Submitting_RDF#.3Cnines:genre.3E" xml:id="g">
<bibl>NINES categories for Genre and Material Form at
												http://www.performantsoftware.com/nines_wiki/index.php/Submitting_RDF#.3Cnines:genre.3E on
												2009-02-26</bibl>
<category xml:id="g1">
<catDesc>Architecture</catDesc>
</category>
<category xml:id="g2">
<catDesc>Artifacts</catDesc>
</category>
<category xml:id="g3">
<catDesc>Bibliography</catDesc>
</category>
<category xml:id="g4">
<catDesc>Collection</catDesc>
</category>
<category xml:id="g5">
<catDesc>Criticism</catDesc>
</category>
<category xml:id="g7">
<catDesc>Letters</catDesc>
</category>
<category xml:id="g6">
<catDesc>Drama</catDesc>
</category>
<category xml:id="g8">
<catDesc>Life Writing</catDesc>
</category>
<category xml:id="g9">
<catDesc>Politics</catDesc>
</category>
<category xml:id="g10">
<catDesc>Folklore</catDesc>
</category>
<category xml:id="g11">
<catDesc>Ephemera</catDesc>
</category>
<category xml:id="g12">
<catDesc>Fiction</catDesc>
</category>
<category xml:id="g13">
<catDesc>History</catDesc>
</category>
<category xml:id="g14">
<catDesc>Leisure</catDesc>
</category>
<category xml:id="g15">
<catDesc>Manuscript</catDesc>
</category>
<category xml:id="g16">
<catDesc>Reference Works</catDesc>
</category>
<category xml:id="g17">
<catDesc>Humor</catDesc>
</category>
<category xml:id="g18">
<catDesc>Education</catDesc>
</category>
<category xml:id="g19">
<catDesc>Music</catDesc>
</category>
<category xml:id="g20">
<catDesc>nonfiction</catDesc>
</category>
<category xml:id="g21">
<catDesc>Paratext</catDesc>
</category>
<category xml:id="g22">
<catDesc>Perodical</catDesc>
</category>
<category xml:id="g23">
<catDesc>Philosphy</catDesc>
</category>
<category xml:id="g24">
<catDesc>Photograph</catDesc>
</category>
<category xml:id="g25">
<catDesc>Citation</catDesc>
</category>
<category xml:id="g26">
<catDesc>Family Life</catDesc>
</category>
<category xml:id="g27">
<catDesc>Poetry</catDesc>
</category>
<category xml:id="g28">
<catDesc>Religion</catDesc>
</category>
<category xml:id="g29">
<catDesc>Review</catDesc>
</category>
<category xml:id="g30">
<catDesc>Visual Art</catDesc>
</category>
<category xml:id="g31">
<catDesc>Translation</catDesc>
</category>
<category xml:id="g32">
<catDesc>Travel</catDesc>
</category>
<category xml:id="g33">
<catDesc>Book History</catDesc>
</category>
<category xml:id="g34">
<catDesc>Law</catDesc>
</category>
</taxonomy>
<taxonomy corresp="http://www.rc.umd.edu/southey_letters/people.xml">
<category xml:id="people">
<catDesc>Southey Letters: Biographies</catDesc>
</category>
</taxonomy>
<taxonomy corresp="http://www.rc.umd.edu/southey_letters/places.xml">
<category xml:id="places">
<catDesc>Southey Letters: Places</catDesc>
</category>
</taxonomy>
</classDecl>
</encodingDesc>
<profileDesc>
<textClass>
<catRef scheme="#genre" target="#g7 #g27"/>
<catRef scheme="#people" target="#EEd.26.1.names"/>
<catRef scheme="#places" target="#EEd.26.1.places"/>
</textClass>
</profileDesc>
<revisionDesc>
<change who="#LM" when="2009-03-10" n="4">
<label>Changed by</label>
<name>Laura Mandell</name>
<list>
<item>XSLT Transforming</item>
</list>
</change>
<change who="#AB" when="2009-03-02" n="3">
<label>Changed by</label>
<name>Averill Buchanan</name>
<list>
<item>corrections from proofing</item>
</list>
</change>
<change who="#LM" when="2009-02-20" n="2">
<label>Changed by</label>
<name xml:id="LM">Laura Mandell</name>
<list>
<item>XSLT Transforming</item>
</list>
</change>
<change who="#AB" when="2009-02-20" n="1">
<label>Changed by</label>
<name xml:id="AB">Averill Buchanan</name>
<list>
<item>TEI Encoding</item>
</list>
</change>
</revisionDesc>
</teiHeader>
<text>
<body>
<div n="63" type="letter">
<head>63. Robert Southey to <ref target="people.html#BedfordGrosvenorCharles">Grosvenor Charles Bedford</ref>, <date when="1793-10-29">29 [–30] October
                        1793</date>
<note place="foot" resp="editors" type="headnote">Address: [not in Southey’s
                        hand] James Deacon Esq<hi rend="sup">r</hi>/ Long Room/ Custom House/
                        London<lb/>Stamped: BRISTOL<lb/>Postmark: OC/ 31/ 93<lb/>Watermark: Figure
                        of Britannia; G R in a circle<lb/>Seal: Red wax [design
                        illegible]<lb/>Endorsement: 29. Octo<hi rend="sup">r</hi> 1793<lb/>MS:
                        Bodleian Library, MS Eng. Lett. c. 22<lb/>Previously published: Charles
                        Cuthbert Southey (ed.), <title level="m">Life and Correspondence of Robert
                            Southey</title>, 6 vols (London, 1849–1850), I, p. 188 [in part; 1
                        paragraph].</note>
</head>
<opener>
<dateline rend="right">
<date when="1793-10-29">Tuesday. Oct. 29. 1793.</date>
<address>
<placeName>
<ref target="places.html#CollegeGreenBristol">College Green.</ref>
</placeName>
</address>
<time>4 o clock.</time>
</dateline>
</opener>
<p rend="indent1">Whenever I sit down to write to you a thousand different subjects are so jumbled
                    in my strange brain — that the one confuses the other &amp; I wander from
                    all. your letter arrived to day &amp; relieved me from a great weight — the
                    apprehension that my baggage was lost — tho I jested upon the subject made me
                    very uneasy — when <ref target="people.html#TylerElizabeth">my Aunt</ref> seemd
                    anxious I laughd but my laugh (as it often is) was artificial — the rogue who
                    would wear my cloaths would do, what the erudite abomination of Israel never
                    did, with my papers — &amp; <del rend="strikethrough">I</del> far advanced
                    as I am in the science of Apathy — that would severely have afflicted me.</p>
<p rend="indent1">For once in my life I rejoiced that <ref target="people.html#BedfordGrosvenorCharles">Grosvenor Bedfords</ref> paper
                    was small &amp; his letter at the end — to suppose I felt otherwise than
                    grieved &amp; indignant at the fate of the unfortunate Queen of France<note n="1" place="foot" resp="editors">Marie Antoinette was executed on 16
                        October 1793.</note> — was supposing me a brute &amp; to request an
                    avowal of what I felt, implied a suspicion that I did not feel. you seemd glad
                    when arguments against the system of Republicanism had faild — to grasp at the
                    crimes of wretches who call themselves Republicans &amp; stir up my feelings
                    against my judgment. it is as just as if you should urge the existence of the
                    Inquisition as an argument against Xtianity. for your feelings I make every
                    allowance — but tho you may indulge them in conversation you might be more cool
                    when you take up the pen. the infamous accusation hurt me certainly as much as
                    it did you — perhaps (from obvious reasons) more — but I have been too long
                    accustomed to brood over painful reflections in silence, ever to give vent to
                    passion. at this moment <ref target="people.html#SoutheyEdward">Edward</ref> is
                    crying for poor Antoinette — I could have done the same but tears lie as near
                    the eyes as curses do to the tongue &amp; there is as much reason in
                    indulging the one as the other. you have mentioned Hollefear<note n="2" place="foot" resp="editors">Probably William Mainwaring Hollefear, educated
                        at Hertford College, Oxford, BA 1774, later Vicar of Wolvey.</note> in a
                    manner mysteriously disrespectful — why I know not but I perceive that without
                    knowing him I am following his example &amp; (perhaps <del rend="strikethrough">from the xxxxxxxxxx</del>) sinking into the same
                    eccentric philosophical &amp; miserable being. excuse me if I have said too
                    much relative to the Queen — I felt hurt at the supposition implied in your
                    letter — &amp; it seemed hard that you &lt;should&gt; apply to me to
                    execrate her death — when I heard the murder of the Mayor of Toulon<note n="3" place="foot" resp="editors">Unidentified.</note> in silence. you will accuse
                    me of an undue partiality — act impartially &amp; you must acquit me. I can
                    condemn the crimes of the French &amp; yet be a Republican nor am I as you
                    have often stiled me merely a theoretical one.</p>
<p rend="indent1"> Present my compliments to <ref target="people.html#BedfordHoraceWalpole">your brother</ref> &amp; tell
                    him if I <del rend="strikethrough">tal</del> regulate thy intervals of my
                    writing by his — we shall be excellent correspondents — thank him for his
                    punctuality but he I suppose has begun a new language &amp; in the course of
                    another week when he is tired of it — he may vouchsafe a line to me. </p>
<p rend="indent1">So far in reply to part of your long expected &amp; his still expected
                    letter. it is a lamentable knowledge my dear friend, that the guilt must entail
                    misery — innocence does not insure happiness — Marat<note n="4" place="foot" resp="editors">Jean Paul Marat (1743–1793), Swiss-born French revolutionary,
                        stabbed to death in his bath on 13 July 1793.</note> could not have been
                    happy but Louis 16th<note n="5" place="foot" resp="editors">Louis XVI
                        (1754–1793; reigned 1774–1792).</note>was far from happiness — Cordè<note n="6" place="foot" resp="editors">Charlotte Corday (1768–1793) who, on 13
                        July 1793, stabbed Jean Paul Marat to death in his bath. She was guillotined
                        four days later.</note> according to my estimate attained the summit of
                    sublunary bliss but this you will call romantic &amp; <ref target="people.html#SewardEdmund">Edmund Seward</ref> would pronounce wrong
                    — yet Solon<note n="7" place="foot" resp="editors">Solon (c. 640–558 BC),
                        statesman and poet, whose reforms earned him the title ‘father of Athenian
                        democracy’.</note> entertained much the same idea of happiness when he
                    abashed the pride of Crœsus.<note n="8" place="foot" resp="editors">Crœsus, King
                        of Lydia (c. 560–546 BC). Southey is citing a story, originally from
                        Herodotus, that Solon reminded Croesus that no man could be described as
                        happy until he had died. Croesus’ subsequent fall from power demonstrated
                        the truth of this.</note> I well remember the conversation you allude to —
                    &amp; should have been surprized at it — but for my knowledge of Judas
                    Iscariot — I wish the French would come over &amp; carry him off — he acts
                    upon me with an electric power — to his arguments you ought not to bestow a
                    moments attention — it were as rational to expect any thing good from him as it
                    would be to to expect apples from a yeugh tree — or milk butter &amp; cheese
                    from Hyder.<note n="9" place="foot" resp="editors">A dog owned by the Bedford
                        family.</note>
</p>
<p rend="indent1"> I have laid down Gillies<note n="10" place="foot" resp="editors">John Gillies (1712–1796; <title level="m">DNB</title>), <title level="m">The History of Ancient Greece</title> (1796). Southey borrowed the
                        second volume of Gillies’s <title level="m">History</title> from the Bristol
                        Library Society between 28 October and 4 November 1793.</note> to write to
                    you the third letter in one fortnight. thank yourself for the intrusion — had my
                    casette arrived I should have been otherwise employed, so to your negligence my
                    industry must be attributed — I can laugh as loud as you at the suspension of my
                    cloaths &amp; add He he to ha ha — but when I think of Joan — ‘let me not
                    think’. knowledge of history is surely above the class of accomplishments — it
                    is something more — it expands the human mind — presents before it every age of
                    the world &amp; teaches by the most powerful instructor — example. perhaps
                    the history of Greece is the most interesting in the annals of mankind — can
                    there be a stronger argument against the most absurd assertion that liberty is
                    constitutional &amp; attachd to climate, than that Greece is now enslaved —
                    in a fool such prejudices deserve only contempt — but when I have heard you
                    defend them — I have felt for the inconsistency of human reason when blinded by
                    the mists of prejudice. depend upon it the mind of man is formed with the <del rend="strikethrough">the</del> &lt;same&gt; capabilities in Africa
                    &amp; in Europe — much more in two countries so nearly situated — but I say
                    too much on a subect which could only be advanced when Indignation had triumphed
                    over Impartiality</p>
<p rend="indent1"> my Bott is going but the beast leaves a numerous offspring behind
                    him — perhaps he may be dignified with an ode — &amp; if Alexanders wry neck
                    distorted Macedon<note n="11" place="foot" resp="editors">Alexander the Great
                        (356–323 BC; reigned 336–323 BC), King of Macedon. It was believed that he
                        had a crooked neck and that sycophants copied his posture.</note> —
                    &amp; Georges — sore one — poulticed (<hi rend="ital">not only</hi>) all the
                    fools in England<note n="12" place="foot" resp="editors">Possibly a reference to
                        the treatment received by George III (1738–1820; reigned 1760–1820; <title level="m">DNB</title>) during his illness of 1788–1789.</note> — why
                    should not my Bott be celebrated in a more rational way? my eyes most vehemently
                    denounce this employment — so bonsoir — &amp; you will it make bon jour
                    before you quit the bed</p>
<p rend="indent1">
<date when="1793-10-30">Wednesday.</date>
<time>1/2 past eight</time> &amp; breakfast over. upon the rational
                    supposition that my cloaths left London by Saturdays waggon are to arrive in
                    Bath to day &amp; to be delivered tomorrow I have composed my mind to expect
                    them here by next Saturday noon &amp; even so far does this saint-like
                    resignation extend that were I quite certain all was safe I could wish it delayd
                    longer for — horrible to say — when my cloaths arrive I must bedeck myself
                    &amp; <del rend="strikethrough">call</del> pay my ceremonious visits. to
                    night I sit snug in the pit instead of being stuck up in the boxes, where in all
                    probability I shall meet more agreable company &amp; certainly feel more at
                    my ease. is not this real philosophy to extract comfort from calamity as
                    gardeners raise cucumbers from something which <ref target="people.html#CollinsCharles">CC</ref> would express openly — a true
                    philosopher like the bee will extract honey from weeds equally pure with what
                    gives fragrance to the rose — (hæ nugæ (IE my baggage) (parenthesis within
                    parenthesis) seria ducunt<note n="13" place="foot" resp="editors">A paraphrase
                        of Horace (65–8 BC), <title level="m">Ars Poetica</title>, line 451. The
                        Latin translates as: ‘These trifles will bring that friend into serious
                        trouble’.</note>) most of those characters which History holds up to example
                    rather derive celebrity from the fortitude with which they sustaind adversity —
                    danger &amp; even death than from any tinsel of prosperity — oftener
                    glittering upon a fool than a philosopher. the Antonines<note n="14" place="foot" resp="editors">A dynasty of Roman emperors, who ruled AD
                        96–192.</note> — Julian<note n="15" place="foot" resp="editors">Flavius
                        Claudius Julianus, the Apostate (331–363; reigned 361–363), Roman
                        emperor.</note> &amp; our Alfred<note n="16" place="foot" resp="editors">Alfred the Great (848/9–899; reigned 871–899; <title level="m">DNB</title>).</note> knew how to add honour to their rank — &amp; [MS
                    torn] would be difficult to name four others who did not rather sully it. I have
                    been blubbering yesterday over the death of Socrates<note n="17" place="foot" resp="editors">Socrates (c. 470–399 BC), Athenian philosopher. After being
                        found guilty of impiety and corruption of youth, he was sentenced to death.
                        He committed suicide by drinking hemlock.</note> — a scene the most
                    interesting &amp; most affecting in history — yet had the philosopher
                    perished by the course of Nature he had lost much fame &amp; posterity much
                    instruction. I should not be surprized if the French amongst their inconsistent
                    eccentricities were to revive the Grecian philosophy as they have in part the
                    Grecian education. I should make an excellent founder of a sect, partly eclectic
                    but more original — you remember what Shakspere says of adversity — it calls
                    forth all the latent powers of man, many of which if not entirely destroyed are
                    certainly obscured by the tinsel of Fortune<note n="18" place="foot" resp="editors">
<title level="m">As You Like It</title>, Act 2, scene 1,
                        lines 12–16.</note> — the prison of Socrates — the last actions of Cato<note n="19" place="foot" resp="editors">The Roman politician Marcus Porcius Cato
                        Uticensis (95–46 BC), who committed suicide rather than submit to Julius
                        Caesar (100/102– 44 BC).</note> &amp; the tent of Julian<note n="20" place="foot" resp="editors">Edward Gibbon (1737–1794; <title level="m">DNB</title>), <title level="m">The History of the Decline and Fall of
                            the Roman Empire</title>, 12 vols (London, 1788), II, p. 457, compared
                        the dying Emperor Julian’s dispensing of wisdom to the behaviour of Socrates
                        when he was about to commit suicide.</note> —very different as they are —
                    demonstrate most forcibly the power of ancient philosophy — I doubt whether so
                    much can be learnt from many volunteers in the army of Martyrs. Latimer<note n="21" place="foot" resp="editors">Hugh Latimer (c. 1485–1555;
                            <title>DNB</title>), Bishop of Worcester, preacher, and protestant
                        martyr.</note> preachd patience to Friar Forest<note n="22" place="foot" resp="editors">John Forest (c. 1470–1538; <title level="m">DNB</title>),
                        Franciscan, burned for heresy. Hugh Latimer presided at his
                        execution.</note> when the poor Catholic was agonizing by a slow fire —
                    &amp; Cranmer<note n="23" place="foot" resp="editors">Thomas Cranmer
                        (1489–1556; <title level="m">DNB</title>) who, as Archbishop of Canterbury,
                        oversaw the trial and execution of numerous Catholics. Convicted of heresy,
                        he recanted and then repudiated his recantation before being burned at the
                        stake in Oxford.</note> — much as he disliked <del rend="strikethrough">roas</del> being roasted for a protestant had no objection to cooking the
                    Papists.</p>
<p rend="indent1"> The toleration of Polytheism was its best quality — is it wrong
                    to suppose that they persecuted the Xtians for their intolerant principles? <ref target="people.html#LightfootNicholas">Lightfoot</ref> &amp; I have
                    often disputed upon the comparative demerits of Impiety &amp; Superstition —
                    I maintaind the latter to be most pernicious &amp; am actually engaged in an
                    essay upon the subject. give me your opinions how very little have the doctrines
                    of Xst been understood! we find neither bishops of 10,000 a year — jugged Jews
                    or roasted heretics — or church &amp; state — or test act in the whole
                    gospel. compel them to enter said our Saviour as the book says<note n="24" place="foot" resp="editors">
<title level="m">Luke</title> 14: 23.</note> —
                    but does the testament bear false witness — or the Son of God act in
                    contradiction to his life &amp; doctrines — those damned monks who smuggled
                    &amp; monopolized the scriptures for so many years — pieced them &amp;
                    patched them from the Alexandrian Platonists<note n="25" place="foot" resp="editors">A school of philosophy developed by Plotinus (AD 205–270) and
                        his successors. It merged Greek philosophy with mysticism and was
                        influential in the thought of early Church Fathers, especially St Augustine
                        (AD 354–430).</note> — the Oriental fictions &amp; Jewish Cabbala — till
                    we read of persecution metaphysics — scarlet whore &amp; eating books<note n="26" place="foot" resp="editors">
<title level="m">Revelation</title> 17
                        and 10: 9.</note> — in the book of life of benevolence &amp; simple
                    truth.</p>
<p rend="indent1"> I can say all this to you — but <ref target="people.html#SewardEdmund">Edmund Seward</ref> would shake his head
                    &amp; lament the arrogance of Reason. I wrote to him last week &amp;
                    exposed the folly of his almost criminal diffidence — he talks of his total
                    inability for the task he is about to undertake — &amp; I am very confident
                    would rather be acquainted with all the Fathers than all the historians
                    philosophers &amp; poets. you have more than once accused me of paying too
                    much deference to his opinions — but I deserve not the accusation — Nullius
                        addictus<note n="27" place="foot" resp="editors">A paraphrase of Horace
                        (65–8 BC), <title level="m">Epistles</title>, Book 1, no. 1, line 14. The
                        Latin translates as ‘I am not bound over’.</note> &amp;c I can see where
                    he goes beyond the right line &amp; where others stop short — yet frankly
                    confess that in the few months of my acquaintance with him I
                    &lt;have&gt; learnt more than in the other nineteen years of my life —
                    an old Philosopher<note n="28" place="foot" resp="editors">Zeno of Citium (c.
                        334–262 BC), founder of the Stoic school of philosophy.</note> compared
                    himself to a narrow mouthed bottle — slowly admitting but long retaining — his
                    bottle is better than the sieve of the Danaides.<note n="29" place="foot" resp="editors">In Greek mythology, the daughters of Danaos, King of Argos.
                        As a punishment for murdering their husbands on their wedding-night, they
                        were condemned in Hades to draw water from a well in a sieve.</note>
</p>
<closer>
<salute rend="indent4">yrs</salute>
<signed rend="indent5"> RS</signed>
</closer>
<postscript>
<p>make my respects to all <ref target="people.html#Bedfordfamily">your good
                            family</ref>.</p>
<lb/>
<p rend="indent1"> my compliments to <ref target="people.html#Deaconfamily">M<hi rend="sup">r</hi> &amp; M<hi rend="sup">rs</hi> Deacon</ref>
                        &amp;c. I must write to her but the very idea affrights me.</p>
<p rend="indent1"> I am now sitting down to <ref target="people.html#CollinsCharles">CC</ref>.you bid me write soon
                        &amp; I gladly obeyd you.</p>
<p rend="indent1"> will you do the same?<note n="30" place="foot" resp="editors">my compliments ... the same: Written above the address on fol. 2
                            v.</note>
</p>
</postscript>
</div>
</body>
</text>
</TEI>
