<?xml version="1.0" encoding="utf-8"?><TEI xmlns="http://www.tei-c.org/ns/1.0">
<teiHeader>
<fileDesc>
<titleStmt>
<title type="main">The Collected Letters of Robert Southey. Part 1: 1791-1797 </title>
<title type="subordinate">A Romantic Circles Electronic Edition</title>
<author>
<name>Southey, Robert, 1774-1843</name>
</author>
<editor>Lynda Pratt</editor>
<sponsor>Romantic Circles</sponsor>
<respStmt>
<resp>General Editor, </resp>
<name>Neil Fraistat</name>
</respStmt>
<respStmt>
<resp>General Editor, </resp>
<name>Steven E. Jones</name>
</respStmt>
<respStmt>
<resp>General Editor, </resp>
<name>Carl Stahmer</name>
</respStmt>
<respStmt>
<resp>Technical Editor</resp>
<name>Laura Mandell</name>
</respStmt>
</titleStmt>
<editionStmt>
<edition>
<date>2009-03-15</date>
</edition>
</editionStmt>
<publicationStmt>
<idno type="nines">rce69</idno>
<idno type="edition">letterEEd.26.69</idno>
<publisher>Romantic Circles, http://www.rc.umd.edu, University of Maryland</publisher>
<pubPlace>College Park, MD</pubPlace>
<date when="2009-02-20">March 15, 2009</date>
<availability status="restricted">
<p>Material from the Romantic Circles Website may not be downloaded, reproduced or disseminated in any
												manner without authorization unless it is for purposes of criticism, comment, news reporting,
												teaching, and/or classroom use as provided by the Copyright Act of 1976, as amended.</p>
<p>Unless otherwise noted, all Pages and Resources mounted on Romantic Circles are copyrighted by the
												author/editor and may be shared only in accordance with the Fair Use provisions of U.S. copyright law.
												Except as expressly permitted by this statement, redistribution or republication in any medium
												requires express prior written consent from the author/editors and advance notification of Romantic
												Circles. Any requests for authorization should be forwarded to Romantic Circles:&gt;
												<address>
<addrLine>Romantic Circles</addrLine>
<addrLine>c/o Professor Neil Fraistat</addrLine>
<addrLine>Department of English</addrLine>
<addrLine>University of Maryland</addrLine>
<addrLine>College Park, MD 20742</addrLine>
<addrLine>fraistat@umd.edu</addrLine>
</address>
</p>
<p>By their use of these texts and images, users agree to the following conditions: <list>
<item>These texts and images may not be used for any commercial purpose without prior written
														permission from Romantic Circles.</item>
<item>These texts and images may not be re-distributed in any forms other than their current
														ones.</item>
</list>
</p>
<p>Users are not permitted to download these texts and images in order to mount them on their own servers.
												It is not in our interest or that of our users to have uncontrolled subsets of our holdings available
												elsewhere on the Internet. We make corrections and additions to our edited resources on a continual
												basis, and we want the most current text to be the only one generally available to all Internet users.
												Institutions can, of course, make a link to the copies at Romantic Circles, subject to our conditions
												of use.</p>
</availability>
</publicationStmt>
<sourceDesc>
<p>Bodleian Library, MS Eng.
                        Lett. c. 22.  Previously  published: Charles Cuthbert Southey (ed.), Life and Correspondence of Robert Southey, 6 vols
                        (London, 1849–1850), I, pp. 191–194 [in part; a section from the 13 November
                        section is misdated 16 November].</p>
<p>These letters were edited with the assistance of Carol Bolton, Tim Fulford and Ian Packer</p>
<p>For permission to publish the text of MSS in their possession, the editor wishes to thank the Beinecke Rare
											Books and Manuscript Library, Yale University; Berg Collection of English and American Literature, The New
											York Public Library, Astor, Lenox and Tilden Foundations; the Bodleian Library Oxford University; the
											British Library; Boston Public Library; the Syndics of Cambridge University Library; the Syndics of the
											Fitzwilliam Museum Cambridge; Haverford College, Connecticut; the Historical Society of Pennsylvania; the
											Hornby Library, Liverpool Libraries and Information Services; the Houghton Library, Harvard University;
											the John Rylands Library, Manchester; the Kenneth Spencer Research Library, University of Kansas; Luton
											Museum (Bedfordshire County Council); Massachusetts Historical Society; McGill University Library; the
											National Library of Scotland; the Newberry Library, Chicago; the New York Public Library (Pforzheimer
											Collections); the Pierpont Morgan Library, New York; the Public Record Offices of Bedford, Suffolk (Bury
											St Edmunds) and Northumberland, the Master and Fellows of Trinity College, Cambridge; the Society of
											Antiquaries of Newcastle upon Tyne; the Trustees of the William Salt Library, Stafford, the Wisbech and
											Fenland Museum; the University of Virginia Library.</p>
<p>A research grant from the British Academy made much of the archival work possible, as did support from the
											English Department of Nottingham Trent University.</p>
</sourceDesc>
</fileDesc>
<encodingDesc>
<editorialDecl>
<quotation>
<p>All quotation marks and apostrophes have been changed: " for “," for ”, ' for ‘, and ' for ’.</p>
</quotation>
<hyphenation eol="none">
<p>Any dashes occurring in line breaks have been removed.</p>
<p>Because of web browser variability, all hyphens have been typed on the U.S. keyboard.</p>
<p>Dashes have been rendered as a variable number of hyphens to give a more exact rendering of their
												length.</p>
</hyphenation>
<normalization method="markup">
<p>Southey's spelling has not been regularized.</p>
<p>Writing in other hands appearing on these manuscripts has been indicated as such, the content recorded
												in brackets.</p>
</normalization>
<normalization>
<p>&amp; has been used for the ampersand sign.</p>
<p>£ has been used for £, the pound sign</p>
<p>All other characters, those with accents, non-breaking spaces, etc., have been encoded in HTML entity
												decimals.</p>
</normalization>
</editorialDecl>
<classDecl>
<taxonomy corresp="http://www.performantsoftware.com/nines_wiki/index.php/Submitting_RDF#.3Cnines:genre.3E" xml:id="g">
<bibl>NINES categories for Genre and Material Form at
												http://www.performantsoftware.com/nines_wiki/index.php/Submitting_RDF#.3Cnines:genre.3E on
												2009-02-26</bibl>
<category xml:id="g1">
<catDesc>Architecture</catDesc>
</category>
<category xml:id="g2">
<catDesc>Artifacts</catDesc>
</category>
<category xml:id="g3">
<catDesc>Bibliography</catDesc>
</category>
<category xml:id="g4">
<catDesc>Collection</catDesc>
</category>
<category xml:id="g5">
<catDesc>Criticism</catDesc>
</category>
<category xml:id="g7">
<catDesc>Letters</catDesc>
</category>
<category xml:id="g6">
<catDesc>Drama</catDesc>
</category>
<category xml:id="g8">
<catDesc>Life Writing</catDesc>
</category>
<category xml:id="g9">
<catDesc>Politics</catDesc>
</category>
<category xml:id="g10">
<catDesc>Folklore</catDesc>
</category>
<category xml:id="g11">
<catDesc>Ephemera</catDesc>
</category>
<category xml:id="g12">
<catDesc>Fiction</catDesc>
</category>
<category xml:id="g13">
<catDesc>History</catDesc>
</category>
<category xml:id="g14">
<catDesc>Leisure</catDesc>
</category>
<category xml:id="g15">
<catDesc>Manuscript</catDesc>
</category>
<category xml:id="g16">
<catDesc>Reference Works</catDesc>
</category>
<category xml:id="g17">
<catDesc>Humor</catDesc>
</category>
<category xml:id="g18">
<catDesc>Education</catDesc>
</category>
<category xml:id="g19">
<catDesc>Music</catDesc>
</category>
<category xml:id="g20">
<catDesc>nonfiction</catDesc>
</category>
<category xml:id="g21">
<catDesc>Paratext</catDesc>
</category>
<category xml:id="g22">
<catDesc>Perodical</catDesc>
</category>
<category xml:id="g23">
<catDesc>Philosphy</catDesc>
</category>
<category xml:id="g24">
<catDesc>Photograph</catDesc>
</category>
<category xml:id="g25">
<catDesc>Citation</catDesc>
</category>
<category xml:id="g26">
<catDesc>Family Life</catDesc>
</category>
<category xml:id="g27">
<catDesc>Poetry</catDesc>
</category>
<category xml:id="g28">
<catDesc>Religion</catDesc>
</category>
<category xml:id="g29">
<catDesc>Review</catDesc>
</category>
<category xml:id="g30">
<catDesc>Visual Art</catDesc>
</category>
<category xml:id="g31">
<catDesc>Translation</catDesc>
</category>
<category xml:id="g32">
<catDesc>Travel</catDesc>
</category>
<category xml:id="g33">
<catDesc>Book History</catDesc>
</category>
<category xml:id="g34">
<catDesc>Law</catDesc>
</category>
</taxonomy>
<taxonomy corresp="http://www.rc.umd.edu/southey_letters/people.xml">
<category xml:id="people">
<catDesc>Southey Letters: Biographies</catDesc>
</category>
</taxonomy>
<taxonomy corresp="http://www.rc.umd.edu/southey_letters/places.xml">
<category xml:id="places">
<catDesc>Southey Letters: Places</catDesc>
</category>
</taxonomy>
</classDecl>
</encodingDesc>
<profileDesc>
<textClass>
<catRef scheme="#genre" target="#g7 #g27"/>
<catRef scheme="#people" target="#EEd.26.1.names"/>
<catRef scheme="#places" target="#EEd.26.1.places"/>
</textClass>
</profileDesc>
<revisionDesc>
<change who="#LM" when="2009-03-10" n="4">
<label>Changed by</label>
<name>Laura Mandell</name>
<list>
<item>XSLT Transforming</item>
</list>
</change>
<change who="#AB" when="2009-03-02" n="3">
<label>Changed by</label>
<name>Averill Buchanan</name>
<list>
<item>corrections from proofing</item>
</list>
</change>
<change who="#LM" when="2009-02-20" n="2">
<label>Changed by</label>
<name xml:id="LM">Laura Mandell</name>
<list>
<item>XSLT Transforming</item>
</list>
</change>
<change who="#AB" when="2009-02-20" n="1">
<label>Changed by</label>
<name xml:id="AB">Averill Buchanan</name>
<list>
<item>TEI Encoding</item>
</list>
</change>
</revisionDesc>
</teiHeader>
<text>
<body>
<div n="69" type="letter">
<head>69. Robert Southey to <ref target="people.html#BedfordHoraceWalpole">Horace
                        Walpole Bedford</ref>, <date when="1793-11-13">13–16 November 1793</date>
<note place="foot" resp="editors" type="headnote">Address: Horace Walpole
                        Bedford Esq<hi rend="sup">r</hi>/ Old Palace Yard/ Westminster/
                        Single<lb/>Stamped: BRISTOL<lb/>Postmark: NO/ 18/ 93<lb/>Watermarks: Figure
                        of Britannia; G R in a circle<lb/>Seal: Red wax [design
                        illegible]<lb/>Endorsement: Recd. Mond. 13<hi rend="sup">th</hi>. Oct./ 1793
                        [The endorsement is misdated October.]<lb/>MS: Bodleian Library, MS Eng.
                        Lett. c. 22<lb/>Previously published: Charles Cuthbert Southey (ed.), <title level="m">Life and Correspondence of Robert Southey</title>, 6 vols
                        (London, 1849–1850), I, pp. 191–194 [in part; a section from the 13 November
                        section is misdated 16 November].</note>
</head>
<opener>
<dateline rend="right">
<address>
<placeName>
<ref target="places.html#CollegeGreenBristol">College Green.</ref>
</placeName>
</address>
                        Wednesday. <time>1/2 past six evening</time>.<date when="1793-11-13"> Nov
                            13. 93.</date>
</dateline>
</opener>
<lg type="stanza">
<l rend="indent5"> Oh <ref target="people.html#BedfordHoraceWalpole">Horace</ref> oh</l>
<l rend="indent5"> Woe <ref target="people.html#BedfordHoraceWalpole">Bedford</ref> woe</l>
<l rend="indent6"> Oh oh</l>
<l rend="indent6"> Woe woe</l>
<l rend="indent6"> Woe woe</l>
<l rend="indent6"> Oh oh</l>
<l rend="indent4"> Which you can never know</l>
<l rend="indent4"> Unless I tell you so —</l>
<l rend="indent4"> I must to dinner go</l>
<l rend="indent3">And I shall think it is hard</l>
<l rend="indent2">If I do not dine well tho your letter sticks in my gizzard</l>
<l rend="indent3">Ay &amp; whats worse I swear</l>
<l rend="indent2">Tenpennyworth of halfpence sticking there.</l>
</lg>
<lb/>
<lg type="stanza">
<l rend="indent5"> As I am a sinner</l>
<l rend="indent5"> I made a good dinner.</l>
<l rend="indent3">Then to the post office I walkd again hence</l>
<l rend="indent3">To rid my stomach of this odious ten pence</l>
<l rend="indent3">For of your letter the expence</l>
<l rend="indent4"> (Tho on the outside as you ought</l>
<l rend="indent4"> Single you had wrote)</l>
<l rend="indent3">Amounted unto fifteen pence!</l>
<l rend="indent3">I raved &amp; said &amp; almost then had swore</l>
<l rend="indent3">Five pennys was the price &amp; I would pay no more</l>
<l rend="indent3">So to the post office with this intent</l>
<l rend="indent3">When I had eat my midday meal I went</l>
<l rend="indent3">And there (for the post men demurred not)</l>
<l rend="indent4"> The ten pence got.</l>
</lg>
<lb/>
<lg>
<l rend="indent4"> Lift aloud the mirthful cry</l>
<l rend="indent4"> To tenpence! To I!</l>
</lg>
<p rend="indent5"> ———</p>
<lg>
<l rend="indent3">Time ruthless deity — how swift thy way</l>
<l rend="indent4"> Thou wing’st when Pleasure fills the short livd hour —</l>
<l rend="indent3">And rich Delight would lengthen out the day —</l>
<l rend="indent4"> And pour the prayer to thee unsparing power —</l>
<l rend="indent3">Yet how thy wings their lagging course delay</l>
<l rend="indent4"> When stern Misfortunes clouds tremendous lower —</l>
<l rend="indent3">And baleful Misery lifts her venomd dart</l>
<l rend="indent2">And Sorrows lethal dews ychill the drooping heart</l>
</lg>
<lb/>
<lg type="stanza">
<l rend="indent3">Thus oer Silurias fields<note n="1" place="foot" resp="editors">A poetic name for South Wales, derived from the Silures
                            who had inhabited the area in Roman times.</note> where Vegas
                            course<note n="2" place="foot" resp="editors">Vega was the Latin name
                            for the River Wye.</note>
</l>
<l rend="indent4"> Meanders wild &amp; paints the flowery plain</l>
<l rend="indent3">When Summer drys the earth with arid force</l>
<l rend="indent4"> The fearful farmer invocates for rain</l>
<l rend="indent3">Anon when Winter comes with tempests hoarse</l>
<l rend="indent4"> The torrent rolls along with force amain</l>
<l rend="indent3">Sweeps in resistless fury oer the ground</l>
<l rend="indent2">From Cambrias mountains black &amp; deluges around</l>
</lg>
<lb/>
<lg type="stanza">
<l rend="indent3">Oh I have prayed thee erst to stay thy flight</l>
<l rend="indent4"> And check the current of the hastening day</l>
<l rend="indent3">When passd the blissful hours in full delight</l>
<l rend="indent4"> And blameless Pleasure held Elysian sway</l>
<l rend="indent3">Then have I bannd the moments swift wingd flight</l>
<l rend="indent4"> And wishd but wishd in vain their course to stay</l>
<l rend="indent3">For soon the sun shot down the western steep</l>
<l rend="indent2">And I retird alone in darksome woe to weep.</l>
</lg>
<lb/>
<lg type="stanza">
<l rend="indent3">And I have prayd thee in the hour of woe,</l>
<l rend="indent4"> When rankling Sorrow sped her iron dart</l>
<l rend="indent3">Deep in this breast, with added speed to go</l>
<l rend="indent4"> And to my ills some distant hope impart —</l>
<l rend="indent3">That as the rapid waves eternal flow</l>
<l rend="indent4"> Some transient gleam of bliss might chear my
                        &lt;heart&gt;</l>
<l rend="indent3">Then Time hast thou despisd my suppliant prayer</l>
<l rend="indent2">And loaded every hour with lingering deep despair.</l>
</lg>
<lb/>
<lg type="stanza">
<l rend="indent3">I invocate no more — my shielded breast</l>
<l rend="indent4"> Mocks at thy rage &amp; spurns thy ruthless power</l>
<l rend="indent3">By thee Philosophy in peace possest</l>
<l rend="indent4"> I fly from Miserys soul afflicting showr — </l>
<l rend="indent3">And lull Regrets stern voice at length to rest</l>
<l rend="indent4"> And give to Apathy the listless hour</l>
<l rend="indent3">And only wish thy transient reign was oer</l>
<l rend="indent2">And I was landed safe upon the unknown shore.</l>
</lg>
<lb/>
<lg type="stanza">
<l rend="indent3">That unknown shore where husht in endless peace</l>
<l rend="indent4"> Affliction drops at length her rankling dart</l>
<l rend="indent3">And Deaths stern sway relaxd to listless ease</l>
<l rend="indent4"> Chills with oblivious dews the slumbering heart</l>
<l rend="indent3">Where every joy &amp; every grief shall cease</l>
<l rend="indent4"> Nor Woe shall feel Remembrance poignant smart</l>
<l rend="indent3">But kind Oblivion still her sway shall keep</l>
<l rend="indent3">And hush the harrowed soul in one eternal sleep.</l>
</lg>
<lb/>
<lg type="stanza">
<l rend="indent3">Fill high the lethal bowl. shall Man endure</l>
<l rend="indent4"> The load of sorrow &amp; the weight of woe?</l>
<l rend="indent3">Fill high the lethal bowl — the eternal cure</l>
<l rend="indent4"> And waft the spirit to the shades below</l>
<l rend="indent3">Fill high the lethal bowl — let grief inure</l>
<l rend="indent4"> The mind to think of Death no more a foe</l>
<l rend="indent3">Till stern Despair shall lift the bowl on high</l>
<l rend="indent3">And Sorrow sink to rest without one fearful sigh.</l>
</lg>
<p rend="indent5"> —————</p>
<lb/>
<lg type="stanza">
<l rend="indent3">Ah Time how slow thy moments fly</l>
<l rend="indent3">When Sorrow heaves the loaded sigh</l>
<l rend="indent4"> And glooms the darkling day —</l>
<l rend="indent3">How often have I pourd the prayer</l>
<l rend="indent3">How often filld with deep despair</l>
<l rend="indent4"> Ybannd thy dull delay.</l>
</lg>
<lb/>
<lg type="stanza">
<l rend="indent3">Now when Philosophys kind art</l>
<l rend="indent3">Has fenced from every ill my heart —</l>
<l rend="indent4"> Roll on thy stream in peace —</l>
<l rend="indent3">And I no more to thee will pray</l>
<l rend="indent3">Or urge thy flight or ask thy stay</l>
<l rend="indent4"> For Apathy is ease</l>
</lg>
<lb/>
<lg type="stanza">
<l rend="indent3">Be mine to read the classic page</l>
<l rend="indent3">Retrace each old heroic age</l>
<l rend="indent4"> And live in long past days</l>
<l rend="indent3">With Hector<note n="3" place="foot" resp="editors">In the
                                <title level="m">Iliad</title>, the son of Priam, King of
                            Troy.</note> dare the patriot war</l>
<l rend="indent3">Mourn oer Achilles<note n="4" place="foot" resp="editors">A
                            Greek hero, whose exploits are described in the <title level="m">Iliad</title>. He killed Hector and dragged his body round the
                            walls of Troy behind his chariot.</note> murderous car</l>
<l rend="indent4"> And curse the heroes bays.</l>
</lg>
<lb/>
<lg type="stanza">
<l rend="indent3">Be mine oer many a realm to roam</l>
<l rend="indent3">With him exild from long lovd home</l>
<l rend="indent4"> The much enduring chief</l>
<l rend="indent3">Be mine to heave the heartfelt sigh</l>
<l rend="indent3">When Fancy sees old Argus<note n="5" place="foot" resp="editors">In the <title level="m">Odyssey</title>, Book 17,
                            Odysseus’ dog, who recognises his master on his return home after twenty
                            years and then dies.</note> die —</l>
<l rend="indent4"> And seek from tears relief</l>
</lg>
<lb/>
<lg type="stanza">
<l rend="indent3">Oer Marathons<note n="6" place="foot" resp="editors">The Greek
                            victory over the Persians at the battle of Marathon 490 BC.</note>
                        embattled plain</l>
<l rend="indent3">Or oer Jamappe<note n="7" place="foot" resp="editors">The
                            battle of Jemappes, 6 November 1792, saw the defeat of the Austrians and
                            their allies by the French General Charles-Francois du Perier Dumouriez
                            (1739–1823). Both sides sustained heavy casualties.</note> stern
                        Slaughters reign</l>
<l rend="indent4"> Be mine the exulting glow —</l>
<l rend="indent3">Or wrapt in Sorrows darksome gloom</l>
<l rend="indent3">Oer Socrates or Brissots<note n="8" place="foot" resp="editors">Jacques Pierre Brissot (1754–1793), a leading Girondist,
                            was executed in October 1793.</note> tomb</l>
<l rend="indent4"> To drop the tear of woe.</l>
</lg>
<lb/>
<lg>
<l rend="indent3">And let me high in hope attend</l>
<l rend="indent3">The welcome letter from my friend</l>
<l rend="indent4"> And break in haste the seal</l>
<l rend="indent3">Then rush the friendly lines to read</l>
<l rend="indent3">Oer every word ten times proceed</l>
<l rend="indent4"> And still fresh pleasure feel.<note n="9" place="foot" resp="editors">Oh Horace ... feel: Verse written in double
                            columns.</note>
</l>
</lg>
<p rend="indent5"> ——————</p>
<p>
<date when="1793-11-16">Saturday Nov 16.</date>
</p>
<p rend="indent1"> I lay down Leonidas<note n="10" place="foot" resp="editors">Richard Glover (1712–1785; <title level="m">DNB</title>), <title level="m">Leonidas, A Poem</title> (1737).</note> to go on with your letter. it
                    has ever been a favorite poem with me — I have read it perhaps
                    &lt;more&gt; frequently than any other composition &amp; always with
                    renewd pleasure. it possesses not the “thoughts that breathe &amp; words
                    that burn”<note n="11" place="foot" resp="editors">Thomas Gray (1716–1771;
                            <title level="m">DNB</title>), ‘The Progress of Poesy. A Pindaric Ode’
                        (1757), III. 3, line 4.</note> but there is a something very different from
                    those strong efforts of imagination that please<del rend="strikethrough">s</del>
                    the judgment &amp; feed the fancy without moving the heart. the interest I
                    feel in the poem is perhaps chiefly owing to the subject — certainly the noblest
                    ever undertaken. it needs no argument to prove this assertion. Miltons is above
                    comparison &amp; stands alone as much from the singularity of the subject as
                    the excellence of the diction. there remain<del rend="strikethrough">s</del>
                    Homer Virgil Lucan Statius S Italicus &amp; V Flaccus<note n="12" place="foot" resp="editors">The epic poets Marcus Annaeus Lucanus (AD
                        39–65), author of the <title level="m">Pharsalia</title>; Publius Papinius
                        Statius (c. AD 45–96), author of <title level="m">Thebaid</title>; Tiberius
                        Catius Silius Italicus (c. AD 25–101), author of <title level="m">Punica</title>; Gaius Valerius Flaccus (died c. AD 90), author of
                            <title level="m">Argonautica</title>.</note> among the antients. I
                    recollect no others — &amp; amongst these subjects you will find none so
                    interesting as <del rend="strikethrough">the</del> the self devoted Leonidas</p>
<p rend="indent1"> among the moderns we know Ariosto Tasso Camoens<note n="13" place="foot" resp="editors">The poets Lodovico Ariosto (1474–1533); Torquato
                        Tasso (1544–1595); Luis Vaz de Camoëns (1524–1580).</note> Voltaire —
                    &amp; our own immortal Spenser. the other Italian authors in this line
                    &amp; the Spanish ones I know not.</p>
<p rend="indent1"> indeed that period of history upon which both Glovers epics<note n="14" place="foot" resp="editors">Richard Glover, <title level="m">Leonidas, A Poem</title> (1737) and <title level="m">The
                            Athenaid</title>, published posthumously in 1787.</note> are founded is
                    the grandest ever yet displayd. a constellation of such men never honord mankind
                    at any other time or at least never were calld into the energy of action.
                    Leonidas &amp; his immortal band Æschylus Themistocles &amp; Aristides
                    the perfect republican.<note n="15" place="foot" resp="editors">Leonidas, King
                        of Sparta (reigned 487–480 BC), killed at the battle of Thermopylae;
                        Æschylus (525–456 BC), writer of tragedy, who fought at the battles of
                        Salamis and Platæa; Themistocles (c. 528–462 BC), Athenian statesman and
                        general, victor at the naval battle of Salamis; Aristides (c. 530–468 BC),
                        Athenian statesman and general.</note> even the satellites of Xerxes<note n="16" place="foot" resp="editors">King of Persia (reigned 486–465 BC), who
                        invaded Greece and was defeated at the battles of Salamis and Platæa.</note>
                    were dignified by Artemisia<note n="17" place="foot" resp="editors">Artemisia I
                        of Caria, ruler of Halicarnassus, fought bravely on the side of Xerxes in
                        the Battle of Salamis, 480 BC. See Richard Glover, <title level="m">Leonidas, A Poem</title> (London, 1737), p. 307, for ‘the martial queen
                        of Caria’.</note> &amp; the injurd Spartan Demaratus.<note n="18" place="foot" resp="editors">Demaratus, King of Sparta 519–491 BC. Deposed,
                        he fled to Persia and accompanied Xerxes in his invasion of Greece. See
                        Richard Glover, <title level="m">Leonidas, A Poem</title> (London, 1737), p.
                        ii.</note> to look back into the page of history — to be present at
                    Thermopylæ — at Salamis &amp; Platæa<note n="19" place="foot" resp="editors">Three battles fought by Greeks against Persian invaders: Thermopylae and
                        Salamis (both 480 BC) and Platæa (479 BC).</note> to hear the song of
                    Æschylus &amp; the lessons of Aristides &amp; then — behold what Greece
                    is — how fallen even below contempt — is one of the most miserable reflections
                    the classic mind can endure. what a republic! what a province!</p>
<p rend="indent1"> If this world did but contain ten thousand people of both sexes
                    visionary as myself how delightfully would we repeople Greece &amp; turn out
                    the Moslem. I would turn crusader &amp; make a pilgrimage to Parnassus<note n="20" place="foot" resp="editors">In Greek mythology, Mount Parnassus was
                        the home of the Muses.</note> at the head of my republicans (NB — only
                    lawful head) &amp; there reinstate the muses in their original splendour. we
                    would build a temple to Eleutherian Jove<note n="21" place="foot" resp="editors">The festival celebrated at Platæa in honour of Jupiter Eleutherius as the
                        asserter of liberty. It was instituted after the Greek victory over the
                        Persians in 479 BC.</note> from the quarries of Paphos.<note n="22" place="foot" resp="editors">A town in Cyprus, centre of the cult of
                        Aphrodite.</note> replant the groves of Academus.<note n="23" place="foot" resp="editors">A place near Athens dedicated to the hero Academus, and the
                        site of Plato’s school of philosophy, the Academia.</note> aye &amp; the
                    garden of Epicurus<note n="24" place="foot" resp="editors">Epicurus (341–270
                        BC), philosopher, founder of Epicureanism, who reputedly taught in his
                        garden in Athens. His school was therefore known as ‘the Garden’.</note>
                    where <ref target="people.html#BedfordGrosvenorCharles">your brother</ref>
                    &amp; I would commence teachers — yes your brother — for if he would not
                    comb out the powder &amp; fling away the poultices to embark in such an
                    expedition he deserves to be made a German Elector or a West Indian Planter.
                        <ref target="people.html#CollinsCharles">Charles Collins</ref> should occupy
                    the chair of Plato (<ref target="people.html#CollinsCharles">pretty Plato</ref>)
                    &amp; hold forth to the Societas scientium literariorum studiosorum (not
                    unaptly stiled the society of knowing ones) &amp; we would actually send for
                        Sawkins<note n="25" place="foot" resp="editors">Possibly Charles Sawkins (d.
                        1818), educated at Christ Church, Oxford, BA 1778, and from 1797, Perpetual
                        Curate of Binsey, Oxfordshire.</note> to represent Euclid.<note n="26" place="foot" resp="editors">Euclid of Alexandria (dates uncertain, between
                        325 and 250 BC), mathematician.</note> now could I lay down the whole plan —
                    build my house in the prettiest Doric stile — plant out the garden like
                        Wolmars<note n="27" place="foot" resp="editors">In Jean-Jacques Rousseau’s
                        (1712–1778) <title level="m">Julie, ou la Nouvelle Héloïse</title> (1761),
                        the tutor Saint-Preux, his lover Julie and her husband Baron Wolmar create
                        an ideal virtuous life on the Wolmars’s estate at Clarens by Lake
                        Geneva.</note> &amp; imagine just such a family to walk in it — when
                    here comes a rascal by crying Hare skins &amp; rabbit skins — &amp; my
                    poor house which was built in the air falls to pieces &amp; leaves me like
                    most such visionary projectors staring at disappointment.</p>
<p rend="indent1"> with a friend you say you would have no reserve. for the future
                    have none with me. surely reserve in trifles would be unworthy of both. make
                    your requests known &amp; you know my will, ability I cannot so certainly
                    promise. when we meet at Oxford which I hope we shall in January there are a
                    hundred things better communicated in conversation than by correspondence. I
                    have no object of pursuit in life — but to fill the passing hour &amp; fit
                    myself for death: beyond these views I have nothing — to be of service to my
                    friends would be serving myself most essentially — &amp; there are few
                    enterprizes however hazardous &amp; however romantic in which I would not
                    most willingly engage.</p>
<p rend="indent1"> it was the favorite intention of Cowley<note n="28" place="foot" resp="editors">Abraham Cowley (1618–1667; <title level="m">DNB</title>),
                        royalist poet.</note> to retire with his books to a cottage in America
                    &amp; seek that happiness in solitude which he could not find in society. my
                    asylum there would be sought for different reasons (&amp; no prospect in
                    life gives me half the pleasure this visionary one affords.) I should be pleased
                    to reside in country where mere abilities would ensure respect. where society
                    was upon a proper footing &amp; Man was considered as more valuable than
                    money &amp; where I could till the earth &amp; provide by honest
                    industry the meal which my wife would dress with pleasing care. redeunt
                    spectacula mane<note n="29" place="foot" resp="editors">A commonplace saying,
                        which can be translated as ‘spectacles return by morning’.</note> reason
                    comes with the end of the paper</p>
<closer rend="indent3">
<salute>yrs most sincerely</salute>
<signed rend="indent4">R Southey.</signed>
</closer>
<postscript>
<p>remember me respectfully to all friends. </p>
<p rend="indent1"> beg <ref target="people.html#BedfordGrosvenorCharles">Grosvenor</ref> to send the rest of my baggage as soon as convenient. I
                        want bear &amp; boots. you have read of puss in boots? why not not bear
                        likewise?</p>
<p rend="indent1"> write soon.<note n="30" place="foot" resp="editors">beg ...
                            soon: Written on the address section.</note>
</p>
</postscript>
</div>
</body>
</text>
</TEI>
