<?xml version="1.0" encoding="utf-8"?><TEI xmlns="http://www.tei-c.org/ns/1.0">
<teiHeader>
<fileDesc>
<titleStmt>
<title type="main">The Collected Letters of Robert Southey. Part 1: 1791-1797 </title>
<title type="subordinate">A Romantic Circles Electronic Edition</title>
<author>
<name>Southey, Robert, 1774-1843</name>
</author>
<editor>Lynda Pratt</editor>
<sponsor>Romantic Circles</sponsor>
<respStmt>
<resp>General Editor, </resp>
<name>Neil Fraistat</name>
</respStmt>
<respStmt>
<resp>General Editor, </resp>
<name>Steven E. Jones</name>
</respStmt>
<respStmt>
<resp>General Editor, </resp>
<name>Carl Stahmer</name>
</respStmt>
<respStmt>
<resp>Technical Editor</resp>
<name>Laura Mandell</name>
</respStmt>
</titleStmt>
<editionStmt>
<edition>
<date>2009-03-15</date>
</edition>
</editionStmt>
<publicationStmt>
<idno type="nines">rce240</idno>
<idno type="edition">letterEEd.26.240</idno>
<publisher>Romantic Circles, http://www.rc.umd.edu, University of Maryland</publisher>
<pubPlace>College Park, MD</pubPlace>
<date when="2009-02-20">March 15, 2009</date>
<availability status="restricted">
<p>Material from the Romantic Circles Website may not be downloaded, reproduced or disseminated in any
												manner without authorization unless it is for purposes of criticism, comment, news reporting,
												teaching, and/or classroom use as provided by the Copyright Act of 1976, as amended.</p>
<p>Unless otherwise noted, all Pages and Resources mounted on Romantic Circles are copyrighted by the
												author/editor and may be shared only in accordance with the Fair Use provisions of U.S. copyright law.
												Except as expressly permitted by this statement, redistribution or republication in any medium
												requires express prior written consent from the author/editors and advance notification of Romantic
												Circles. Any requests for authorization should be forwarded to Romantic Circles:&gt;
												<address>
<addrLine>Romantic Circles</addrLine>
<addrLine>c/o Professor Neil Fraistat</addrLine>
<addrLine>Department of English</addrLine>
<addrLine>University of Maryland</addrLine>
<addrLine>College Park, MD 20742</addrLine>
<addrLine>fraistat@umd.edu</addrLine>
</address>
</p>
<p>By their use of these texts and images, users agree to the following conditions: <list>
<item>These texts and images may not be used for any commercial purpose without prior written
														permission from Romantic Circles.</item>
<item>These texts and images may not be re-distributed in any forms other than their current
														ones.</item>
</list>
</p>
<p>Users are not permitted to download these texts and images in order to mount them on their own servers.
												It is not in our interest or that of our users to have uncontrolled subsets of our holdings available
												elsewhere on the Internet. We make corrections and additions to our edited resources on a continual
												basis, and we want the most current text to be the only one generally available to all Internet users.
												Institutions can, of course, make a link to the copies at Romantic Circles, subject to our conditions
												of use.</p>
</availability>
</publicationStmt>
<sourceDesc>
<p>Houghton Library, bMS Eng 265.1 (18).  Previously  published:
                        Kenneth Curry (ed.), New Letters of Robert Southey,
                        2 vols (London and New York, 1965), I, pp. 138–140.</p>
<p>These letters were edited with the assistance of Carol Bolton, Tim Fulford and Ian Packer</p>
<p>For permission to publish the text of MSS in their possession, the editor wishes to thank the Beinecke Rare
											Books and Manuscript Library, Yale University; Berg Collection of English and American Literature, The New
											York Public Library, Astor, Lenox and Tilden Foundations; the Bodleian Library Oxford University; the
											British Library; Boston Public Library; the Syndics of Cambridge University Library; the Syndics of the
											Fitzwilliam Museum Cambridge; Haverford College, Connecticut; the Historical Society of Pennsylvania; the
											Hornby Library, Liverpool Libraries and Information Services; the Houghton Library, Harvard University;
											the John Rylands Library, Manchester; the Kenneth Spencer Research Library, University of Kansas; Luton
											Museum (Bedfordshire County Council); Massachusetts Historical Society; McGill University Library; the
											National Library of Scotland; the Newberry Library, Chicago; the New York Public Library (Pforzheimer
											Collections); the Pierpont Morgan Library, New York; the Public Record Offices of Bedford, Suffolk (Bury
											St Edmunds) and Northumberland, the Master and Fellows of Trinity College, Cambridge; the Society of
											Antiquaries of Newcastle upon Tyne; the Trustees of the William Salt Library, Stafford, the Wisbech and
											Fenland Museum; the University of Virginia Library.</p>
<p>A research grant from the British Academy made much of the archival work possible, as did support from the
											English Department of Nottingham Trent University.</p>
</sourceDesc>
</fileDesc>
<encodingDesc>
<editorialDecl>
<quotation>
<p>All quotation marks and apostrophes have been changed: " for “," for ”, ' for ‘, and ' for ’.</p>
</quotation>
<hyphenation eol="none">
<p>Any dashes occurring in line breaks have been removed.</p>
<p>Because of web browser variability, all hyphens have been typed on the U.S. keyboard.</p>
<p>Dashes have been rendered as a variable number of hyphens to give a more exact rendering of their
												length.</p>
</hyphenation>
<normalization method="markup">
<p>Southey's spelling has not been regularized.</p>
<p>Writing in other hands appearing on these manuscripts has been indicated as such, the content recorded
												in brackets.</p>
</normalization>
<normalization>
<p>&amp; has been used for the ampersand sign.</p>
<p>£ has been used for £, the pound sign</p>
<p>All other characters, those with accents, non-breaking spaces, etc., have been encoded in HTML entity
												decimals.</p>
</normalization>
</editorialDecl>
<classDecl>
<taxonomy corresp="http://www.performantsoftware.com/nines_wiki/index.php/Submitting_RDF#.3Cnines:genre.3E" xml:id="g">
<bibl>NINES categories for Genre and Material Form at
												http://www.performantsoftware.com/nines_wiki/index.php/Submitting_RDF#.3Cnines:genre.3E on
												2009-02-26</bibl>
<category xml:id="g1">
<catDesc>Architecture</catDesc>
</category>
<category xml:id="g2">
<catDesc>Artifacts</catDesc>
</category>
<category xml:id="g3">
<catDesc>Bibliography</catDesc>
</category>
<category xml:id="g4">
<catDesc>Collection</catDesc>
</category>
<category xml:id="g5">
<catDesc>Criticism</catDesc>
</category>
<category xml:id="g7">
<catDesc>Letters</catDesc>
</category>
<category xml:id="g6">
<catDesc>Drama</catDesc>
</category>
<category xml:id="g8">
<catDesc>Life Writing</catDesc>
</category>
<category xml:id="g9">
<catDesc>Politics</catDesc>
</category>
<category xml:id="g10">
<catDesc>Folklore</catDesc>
</category>
<category xml:id="g11">
<catDesc>Ephemera</catDesc>
</category>
<category xml:id="g12">
<catDesc>Fiction</catDesc>
</category>
<category xml:id="g13">
<catDesc>History</catDesc>
</category>
<category xml:id="g14">
<catDesc>Leisure</catDesc>
</category>
<category xml:id="g15">
<catDesc>Manuscript</catDesc>
</category>
<category xml:id="g16">
<catDesc>Reference Works</catDesc>
</category>
<category xml:id="g17">
<catDesc>Humor</catDesc>
</category>
<category xml:id="g18">
<catDesc>Education</catDesc>
</category>
<category xml:id="g19">
<catDesc>Music</catDesc>
</category>
<category xml:id="g20">
<catDesc>nonfiction</catDesc>
</category>
<category xml:id="g21">
<catDesc>Paratext</catDesc>
</category>
<category xml:id="g22">
<catDesc>Perodical</catDesc>
</category>
<category xml:id="g23">
<catDesc>Philosphy</catDesc>
</category>
<category xml:id="g24">
<catDesc>Photograph</catDesc>
</category>
<category xml:id="g25">
<catDesc>Citation</catDesc>
</category>
<category xml:id="g26">
<catDesc>Family Life</catDesc>
</category>
<category xml:id="g27">
<catDesc>Poetry</catDesc>
</category>
<category xml:id="g28">
<catDesc>Religion</catDesc>
</category>
<category xml:id="g29">
<catDesc>Review</catDesc>
</category>
<category xml:id="g30">
<catDesc>Visual Art</catDesc>
</category>
<category xml:id="g31">
<catDesc>Translation</catDesc>
</category>
<category xml:id="g32">
<catDesc>Travel</catDesc>
</category>
<category xml:id="g33">
<catDesc>Book History</catDesc>
</category>
<category xml:id="g34">
<catDesc>Law</catDesc>
</category>
</taxonomy>
<taxonomy corresp="http://www.rc.umd.edu/southey_letters/people.xml">
<category xml:id="people">
<catDesc>Southey Letters: Biographies</catDesc>
</category>
</taxonomy>
<taxonomy corresp="http://www.rc.umd.edu/southey_letters/places.xml">
<category xml:id="places">
<catDesc>Southey Letters: Places</catDesc>
</category>
</taxonomy>
</classDecl>
</encodingDesc>
<profileDesc>
<textClass>
<catRef scheme="#genre" target="#g7 #g27"/>
<catRef scheme="#people" target="#EEd.26.1.names"/>
<catRef scheme="#places" target="#EEd.26.1.places"/>
</textClass>
</profileDesc>
<revisionDesc>
<change who="#LM" when="2009-03-10" n="4">
<label>Changed by</label>
<name>Laura Mandell</name>
<list>
<item>XSLT Transforming</item>
</list>
</change>
<change who="#AB" when="2009-03-02" n="3">
<label>Changed by</label>
<name>Averill Buchanan</name>
<list>
<item>corrections from proofing</item>
</list>
</change>
<change who="#LM" when="2009-02-20" n="2">
<label>Changed by</label>
<name xml:id="LM">Laura Mandell</name>
<list>
<item>XSLT Transforming</item>
</list>
</change>
<change who="#AB" when="2009-02-20" n="1">
<label>Changed by</label>
<name xml:id="AB">Averill Buchanan</name>
<list>
<item>TEI Encoding</item>
</list>
</change>
</revisionDesc>
</teiHeader>
<text>
<body>
<div n="240" type="letter">
<head>240. Robert Southey to <ref target="people.html#CottleJoseph">Joseph
                        Cottle</ref>, <date when="1797-07-28">28 July [1797]</date>
<note place="foot" resp="editors" type="headnote">Address: For/ M<hi rend="sup">r</hi> Cottle/ High Street/ Bristol<lb/>Stamped:
                        RINGWOOD<lb/>Endorsements: (<del rend="strikethrough">89</del>) 33;
                        1797<lb/>MS: Houghton Library, bMS Eng 265.1 (18)<lb/>Previously published:
                        Kenneth Curry (ed.), <title level="m">New Letters of Robert Southey</title>,
                        2 vols (London and New York, 1965), I, pp. 138–140.</note>
</head>
<opener>
<dateline rend="right">
<date when="1797-07-28">Friday 28 July.</date>
</dateline>
<salute>My dear Cottle</salute>
</opener>
<p rend="indent2"> Herbert Croft<note n="1" place="foot" resp="editors">Herbert
                        Croft, 5th Baronet (1751–1816; <title level="m">DNB</title>), had been
                        imprisoned for debt.</note> is in Exeter jail! I am very sorry for it —
                    because one cannot so well attack him in that situation.</p>
<p rend="indent2"> there is a French poem upon the voyage of Columbus in ten books
                    written by Madame Boccage:<note n="2" place="foot" resp="editors">Marie-Anne
                        Fiquet, Madame du Boccage (1710–1802), <title level="m">La Columbiade, ou La
                            Foi Portée au Nouveau Monde</title> (1756).</note> her works cannot be
                    very scarce as she has not been dead above twenty years. should you see them in
                    a catalogue at any time I should be glad of this poem of hers; there may be
                    something worth transplanting in it.</p>
<p rend="indent2"> The day you left us my drawings arrived from Lisbon: this was a
                    judgement for your hurry to depart. you would have been very much pleased with
                    them. there are above twenty, &amp; among them a finished view of
                    Madrid.</p>
<p rend="indent2"> I have a letter from the French Captain.<note n="3" place="foot" resp="editors">Captain Boutet (first name and dates unknown), whose release
                        Southey had helped to procure.</note> he tells me M<hi rend="sup">r</hi>
                        Birt<note n="4" place="foot" resp="editors">A friend of Joseph Cottle’s,
                        Isaiah Birt (1758–1837) was the Minister of the Baptist Church at Plymouth
                        Dock. Joseph Cottle was one of the booksellers responsible for distributing
                        his <title level="m">A Vindication of the Baptists, in Three Letters,
                            Addressed to a Friend in Saltash</title> (1793).</note> called upon him
                    &amp; offered him money. that the next day the Commissary sent for him
                    &amp; told him he was to go by the first cartel. he thanks me very much
                    &amp; gives me his address at Nantes.</p>
<p rend="indent2"> I wrote to <ref target="people.html#DanversCharles">Danvers</ref>
                    yesterday &amp; gave him a message for you. you will I hope be able to send
                    me the book by him: it is indispensably necessary for my fourth book. a very
                    great progress has been made in the third since you left us. I am sadly in want
                    of a good library. I shall perpetually be in want of Giraldus Cambrensis<note n="5" place="foot" resp="editors">The prolific chronicler Giraldus
                        Cambrensis (c. 1146–1220), whose <title>Itinerarium Cambriae seu Laboriosae
                            Baldvini Cantuariensis Archiepiscopi per Walliam Legationis Accurata
                            Descripto Auctore Silv. Giraldo Cambrensis</title> Southey made use of
                        in <title level="m">Madoc</title> (1805).</note> in my Welch proceedings, he
                    is a scarce author, &amp; it may be very long before I meet with him. this
                    will give me much trouble by leaving so much to insert hereafter.</p>
<p rend="indent2">
<ref target="people.html#ThomasWilliamBowyer">Thomas</ref> desires to be
                    remembered to you. he is about to pay us a visit, &amp; I shall much rejoice
                    to see him. I shall have some very fine Portugueze views from Thomas May.<note n="6" place="foot" resp="editors">Either the grandfather or brother of
                        Southey’s friend, the Lisbon merchant John May.</note>
</p>
<p rend="indent1"> Since you left me I have been reading the Saint Louis of Le
                        Moyne:<note n="7" place="foot" resp="editors">Pierre Le Moyne (1602–1672),
                            <title level="m">Saint Louis</title> (1651–1658), used by Southey in the
                        second edition of <title level="m">Joan of Arc</title> (1798).</note> an
                    epic poem in 18 books. Le Moyne had genius — but he has introduced the most
                    incredibly ridiculous thing in his poem. Louis is wounded with a poisoned arrow,
                    for which there is no earthly cure, but he is healed by the waters of a fountain
                    in which the Virgin Mary had, on the way to Egypt, washed her little boys
                    clouts!</p>
<p rend="indent1"> They tell me I am civilly wiped in that stupid poem the Pursuits
                    of Literature.<note n="8" place="foot" resp="editors">Thomas James Mathias
                        (1753/4–1835; <title level="m">DNB</title>), <title level="m">The Pursuits
                            of Literature, or What You Will. A Satirical Poem in Dialogue. With
                            Notes. Part the Second</title>, 6th edn (London, 1798), pp. 297–298 (and
                        note).</note>
</p>
<p rend="indent1"> Do you know [MS torn] Rogers<note n="9" place="foot" resp="editors">Samuel Rogers (1763–1855; <title level="m">DNB</title>),
                        author of <title level="m">The Pleasures of Memory</title> (1792). His first
                        published volume was <title level="m">An Ode to Superstition, With Some
                            Other Poems</title> (1786). Southey is conflating him with the
                        clergyman-poet Samuel Rogers (c. 1731–1790), author of <title level="m">Poems on Various Occasions</title> (1782).</note> (the Memory man)
                    published two volumes of poems about 15 years ago? the Review says of him, when
                    he attempts to be serious he is dull, &amp; when he aims at wit, obscene. I
                    think it is the Monthly for 1782.<note n="10" place="foot" resp="editors">A
                        summary of the review of Samuel Rogers, <title level="m">Poems on Various
                            Occasions</title> (1782), in the <title level="j">Monthly
                        Review</title>, 67 (August 1782), 151.</note> he is a stupid fellow.</p>
<p rend="indent1"> I must not forget to desire you to give a large copy of the Poems
                    when finished in my name to <ref target="people.html#DanversCharles">Danvers</ref> &amp; to <ref target="people.html#EstlinJohnPrior">Estlin</ref>. I wrote to <ref target="people.html#DanversCharles">Danvers</ref> about your copying Madoc. how is your eye? if not well enough
                    to permit your own answering make your brother your amanuensis.</p>
<p rend="indent1"> Did you go to Corfe? King John <del rend="strikethrough">who was
                        almost as great a scoundrel xxxx xxxxxx xxxx for his amusement</del>*<note n="11" place="foot" resp="editors">*: Southey adds footnote: ‘not
                        quite’.</note> starved above twenty Breton Knights to death in the dungeon
                    there. <note n="12" place="foot" resp="editors">John (1167–1216; reigned
                        1199–1216; <title level="m">DNB</title>). This story was versified in
                        Southey’s ‘March 18th. King Edward the Martyr murdered at Corfe. Inscription
                        for a monument at Corfe castle’, published anonymously in the <title level="j">Morning Post</title>, 17 March 1798.</note> the old villains
                    bones were examined lately at Worcester you hear he had something to answer for
                        tooth-drawing<note n="13" place="foot" resp="editors">Raphael Holinshed
                        (1525–1580; <title level="m">DNB</title>), <title level="m">Chronicles of
                            England, Scotland and Ireland</title> (1577) claimed that King John
                        extorted 10,000 marks from a Jew of Bristol by drawing one of his teeth each
                        day until he agreed to supply the money.</note> in the next world.</p>
<closer>
<salute rend="indent2"> God bless you.</salute>
<signed rend="indent3"> Robert Southey</signed>
</closer>
</div>
</body>
</text>
</TEI>
