<?xml version="1.0" encoding="utf-8"?><TEI xmlns="http://www.tei-c.org/ns/1.0">
<teiHeader>
<fileDesc>
<titleStmt>
<title type="main">The Collected Letters of Robert Southey. Part 1: 1791-1797 </title>
<title type="subordinate">A Romantic Circles Electronic Edition</title>
<author>
<name>Southey, Robert, 1774-1843</name>
</author>
<editor>Lynda Pratt</editor>
<sponsor>Romantic Circles</sponsor>
<respStmt>
<resp>General Editor, </resp>
<name>Neil Fraistat</name>
</respStmt>
<respStmt>
<resp>General Editor, </resp>
<name>Steven E. Jones</name>
</respStmt>
<respStmt>
<resp>General Editor, </resp>
<name>Carl Stahmer</name>
</respStmt>
<respStmt>
<resp>Technical Editor</resp>
<name>Laura Mandell</name>
</respStmt>
</titleStmt>
<editionStmt>
<edition>
<date>2009-03-15</date>
</edition>
</editionStmt>
<publicationStmt>
<idno type="nines">rce165</idno>
<idno type="edition">letterEEd.26.165</idno>
<publisher>Romantic Circles, http://www.rc.umd.edu, University of Maryland</publisher>
<pubPlace>College Park, MD</pubPlace>
<date when="2009-02-20">March 15, 2009</date>
<availability status="restricted">
<p>Material from the Romantic Circles Website may not be downloaded, reproduced or disseminated in any
												manner without authorization unless it is for purposes of criticism, comment, news reporting,
												teaching, and/or classroom use as provided by the Copyright Act of 1976, as amended.</p>
<p>Unless otherwise noted, all Pages and Resources mounted on Romantic Circles are copyrighted by the
												author/editor and may be shared only in accordance with the Fair Use provisions of U.S. copyright law.
												Except as expressly permitted by this statement, redistribution or republication in any medium
												requires express prior written consent from the author/editors and advance notification of Romantic
												Circles. Any requests for authorization should be forwarded to Romantic Circles:&gt;
												<address>
<addrLine>Romantic Circles</addrLine>
<addrLine>c/o Professor Neil Fraistat</addrLine>
<addrLine>Department of English</addrLine>
<addrLine>University of Maryland</addrLine>
<addrLine>College Park, MD 20742</addrLine>
<addrLine>fraistat@umd.edu</addrLine>
</address>
</p>
<p>By their use of these texts and images, users agree to the following conditions: <list>
<item>These texts and images may not be used for any commercial purpose without prior written
														permission from Romantic Circles.</item>
<item>These texts and images may not be re-distributed in any forms other than their current
														ones.</item>
</list>
</p>
<p>Users are not permitted to download these texts and images in order to mount them on their own servers.
												It is not in our interest or that of our users to have uncontrolled subsets of our holdings available
												elsewhere on the Internet. We make corrections and additions to our edited resources on a continual
												basis, and we want the most current text to be the only one generally available to all Internet users.
												Institutions can, of course, make a link to the copies at Romantic Circles, subject to our conditions
												of use.</p>
</availability>
</publicationStmt>
<sourceDesc>
<p>Bodleian Library, MS Eng. Lett.
                        c. 22.  Previously  published: Charles Cuthbert Southey (ed.), Life and Correspondence of Robert Southey, 6 vols
                        (London, 1849–1850), I, pp. 283–286 [in part].</p>
<p>These letters were edited with the assistance of Carol Bolton, Tim Fulford and Ian Packer</p>
<p>For permission to publish the text of MSS in their possession, the editor wishes to thank the Beinecke Rare
											Books and Manuscript Library, Yale University; Berg Collection of English and American Literature, The New
											York Public Library, Astor, Lenox and Tilden Foundations; the Bodleian Library Oxford University; the
											British Library; Boston Public Library; the Syndics of Cambridge University Library; the Syndics of the
											Fitzwilliam Museum Cambridge; Haverford College, Connecticut; the Historical Society of Pennsylvania; the
											Hornby Library, Liverpool Libraries and Information Services; the Houghton Library, Harvard University;
											the John Rylands Library, Manchester; the Kenneth Spencer Research Library, University of Kansas; Luton
											Museum (Bedfordshire County Council); Massachusetts Historical Society; McGill University Library; the
											National Library of Scotland; the Newberry Library, Chicago; the New York Public Library (Pforzheimer
											Collections); the Pierpont Morgan Library, New York; the Public Record Offices of Bedford, Suffolk (Bury
											St Edmunds) and Northumberland, the Master and Fellows of Trinity College, Cambridge; the Society of
											Antiquaries of Newcastle upon Tyne; the Trustees of the William Salt Library, Stafford, the Wisbech and
											Fenland Museum; the University of Virginia Library.</p>
<p>A research grant from the British Academy made much of the archival work possible, as did support from the
											English Department of Nottingham Trent University.</p>
</sourceDesc>
</fileDesc>
<encodingDesc>
<editorialDecl>
<quotation>
<p>All quotation marks and apostrophes have been changed: " for “," for ”, ' for ‘, and ' for ’.</p>
</quotation>
<hyphenation eol="none">
<p>Any dashes occurring in line breaks have been removed.</p>
<p>Because of web browser variability, all hyphens have been typed on the U.S. keyboard.</p>
<p>Dashes have been rendered as a variable number of hyphens to give a more exact rendering of their
												length.</p>
</hyphenation>
<normalization method="markup">
<p>Southey's spelling has not been regularized.</p>
<p>Writing in other hands appearing on these manuscripts has been indicated as such, the content recorded
												in brackets.</p>
</normalization>
<normalization>
<p>&amp; has been used for the ampersand sign.</p>
<p>£ has been used for £, the pound sign</p>
<p>All other characters, those with accents, non-breaking spaces, etc., have been encoded in HTML entity
												decimals.</p>
</normalization>
</editorialDecl>
<classDecl>
<taxonomy corresp="http://www.performantsoftware.com/nines_wiki/index.php/Submitting_RDF#.3Cnines:genre.3E" xml:id="g">
<bibl>NINES categories for Genre and Material Form at
												http://www.performantsoftware.com/nines_wiki/index.php/Submitting_RDF#.3Cnines:genre.3E on
												2009-02-26</bibl>
<category xml:id="g1">
<catDesc>Architecture</catDesc>
</category>
<category xml:id="g2">
<catDesc>Artifacts</catDesc>
</category>
<category xml:id="g3">
<catDesc>Bibliography</catDesc>
</category>
<category xml:id="g4">
<catDesc>Collection</catDesc>
</category>
<category xml:id="g5">
<catDesc>Criticism</catDesc>
</category>
<category xml:id="g7">
<catDesc>Letters</catDesc>
</category>
<category xml:id="g6">
<catDesc>Drama</catDesc>
</category>
<category xml:id="g8">
<catDesc>Life Writing</catDesc>
</category>
<category xml:id="g9">
<catDesc>Politics</catDesc>
</category>
<category xml:id="g10">
<catDesc>Folklore</catDesc>
</category>
<category xml:id="g11">
<catDesc>Ephemera</catDesc>
</category>
<category xml:id="g12">
<catDesc>Fiction</catDesc>
</category>
<category xml:id="g13">
<catDesc>History</catDesc>
</category>
<category xml:id="g14">
<catDesc>Leisure</catDesc>
</category>
<category xml:id="g15">
<catDesc>Manuscript</catDesc>
</category>
<category xml:id="g16">
<catDesc>Reference Works</catDesc>
</category>
<category xml:id="g17">
<catDesc>Humor</catDesc>
</category>
<category xml:id="g18">
<catDesc>Education</catDesc>
</category>
<category xml:id="g19">
<catDesc>Music</catDesc>
</category>
<category xml:id="g20">
<catDesc>nonfiction</catDesc>
</category>
<category xml:id="g21">
<catDesc>Paratext</catDesc>
</category>
<category xml:id="g22">
<catDesc>Perodical</catDesc>
</category>
<category xml:id="g23">
<catDesc>Philosphy</catDesc>
</category>
<category xml:id="g24">
<catDesc>Photograph</catDesc>
</category>
<category xml:id="g25">
<catDesc>Citation</catDesc>
</category>
<category xml:id="g26">
<catDesc>Family Life</catDesc>
</category>
<category xml:id="g27">
<catDesc>Poetry</catDesc>
</category>
<category xml:id="g28">
<catDesc>Religion</catDesc>
</category>
<category xml:id="g29">
<catDesc>Review</catDesc>
</category>
<category xml:id="g30">
<catDesc>Visual Art</catDesc>
</category>
<category xml:id="g31">
<catDesc>Translation</catDesc>
</category>
<category xml:id="g32">
<catDesc>Travel</catDesc>
</category>
<category xml:id="g33">
<catDesc>Book History</catDesc>
</category>
<category xml:id="g34">
<catDesc>Law</catDesc>
</category>
</taxonomy>
<taxonomy corresp="http://www.rc.umd.edu/southey_letters/people.xml">
<category xml:id="people">
<catDesc>Southey Letters: Biographies</catDesc>
</category>
</taxonomy>
<taxonomy corresp="http://www.rc.umd.edu/southey_letters/places.xml">
<category xml:id="places">
<catDesc>Southey Letters: Places</catDesc>
</category>
</taxonomy>
</classDecl>
</encodingDesc>
<profileDesc>
<textClass>
<catRef scheme="#genre" target="#g7 #g27"/>
<catRef scheme="#people" target="#EEd.26.1.names"/>
<catRef scheme="#places" target="#EEd.26.1.places"/>
</textClass>
</profileDesc>
<revisionDesc>
<change who="#LM" when="2009-03-10" n="4">
<label>Changed by</label>
<name>Laura Mandell</name>
<list>
<item>XSLT Transforming</item>
</list>
</change>
<change who="#AB" when="2009-03-02" n="3">
<label>Changed by</label>
<name>Averill Buchanan</name>
<list>
<item>corrections from proofing</item>
</list>
</change>
<change who="#LM" when="2009-02-20" n="2">
<label>Changed by</label>
<name xml:id="LM">Laura Mandell</name>
<list>
<item>XSLT Transforming</item>
</list>
</change>
<change who="#AB" when="2009-02-20" n="1">
<label>Changed by</label>
<name xml:id="AB">Averill Buchanan</name>
<list>
<item>TEI Encoding</item>
</list>
</change>
</revisionDesc>
</teiHeader>
<text>
<body>
<div n="165" type="letter">
<head>165. Robert Southey to <ref target="people.html#BedfordGrosvenorCharles">Grosvenor Charles Bedford</ref>, <date when="1796-07-17">[started before
                        and continued on 17 July 1796]</date>
<note place="foot" resp="editors" type="headnote">Address: For/ Grosvenor Charles Bedford Esq<hi rend="sup">r</hi>/ New Palace Yard/ Westminster/ Single<lb/>Stamped: BRISTOL<lb/>
                        Postmark: OJY/ 18/ 96<lb/>Watermarks: Figure of Britannia; COLES/
                        1795<lb/>Endorsement: 17 July 1796 <lb/>MS: Bodleian Library, MS Eng. Lett.
                        c. 22<lb/>Previously published: Charles Cuthbert Southey (ed.), <title level="m">Life and Correspondence of Robert Southey</title>, 6 vols
                        (London, 1849–1850), I, pp. 283–286 [in part].</note>
</head>
<p rend="indent1"> I am vexed that I do not see you — &amp; more vexed for the
                    occasion. Pain is an evil — curse all pains — except Tom — &amp; he is dying
                    of an abscess (curse all abscesses) in his side — now could I curse all sides
                    too in my detestation of party spirit. <ref target="people.html#WynnCharlesWW">Wynn</ref> is gone to Oxford — but your abscess — by its situation — if I
                    understand it — there is no kind of danger — is there?</p>
<p rend="indent1"> by God <ref target="people.html#BedfordGrosvenorCharles">Grosvenor</ref> you must not die.</p>
<p>for not being in the best of humours with the world I cannot afford to lose him
                    whom I most love in it. poor <ref target="people.html#SewardEdmund">Edmund
                        Seward</ref>! there snapt one cable — if you were to make your escape I
                    should have but one cable left — heigh ho! Life is but a bad voyage at the best
                    — particularly if we be sea sick on it. No more of this. your abscess is in a
                    good part — there is cut &amp; come again there — as old Smith<note n="1" place="foot" resp="editors">Unidentified.</note> would have said. <del rend="strikethrough">there</del> tis none of your delicate parts where you
                    must cut to a hair — there is a good bottom to work upon &amp; an inch or
                    two one way or the other is not much matter — <ref target="people.html#CollinsCharles">Collins</ref> could spare a square foot
                    on either side — you might cut down the barge into a Canoe — &amp; he’d go
                    the lighter for it.</p>
<p rend="indent1"> But <ref target="people.html#BedfordGrosvenorCharles">Grosvenor</ref> — you must send me daily accounts of yourself. when his
                        Majesty<note n="2" place="foot" resp="editors">George III (1738–1820;
                        reigned 1760–1820).</note> was ill the state of his health was daily
                    announced in the newspapers. now am I more concerned about the worst part of you
                    than the whole body politic — all that is corrupt — &amp; no knife can cut
                    deep enough to cure it.</p>
<p rend="indent1"> Seriously I am very anxious. write to me immediately — or if you
                    cannot tell <ref target="people.html#BedfordHoraceWalpole">Horace</ref>.</p>
<p rend="indent1"> I have your letter franked by Sir W.<note n="3" place="foot" resp="editors"> Sir Watkin Williams Wynn, 5th Baronet (1772–1840), brother
                        of Southey’s friend and patron Charles Watkin Williams Wynn.</note>
<del rend="strikethrough">I cannot say where it give me more pain</del> it was a
                    kind of Achilles spear<note n="4" place="foot" resp="editors">A reference to a
                        legend (found in Homer’s <title level="m">Iliad</title>) that the spear of
                        the Greek hero Achilles was able to heal any wound it inflicted.</note> —
                    was it not <ref target="people.html#BedfordGrosvenorCharles">Grosvenor</ref> —
                    healing the wound it made? I wanted to write before but I have been occupied by
                    landing some books from Lisbon — (curse all Custom Houses!) &amp; my time is
                    much engaged. thank God I shall be with you before Xmas.</p>
<p rend="indent1"> besides my letters — I write for the Monthly Magazine — this is a
                    new job — you may easily trace me there if it be worth your while. they give
                    five guineas a sheet — but their sheets are sixteen closely printed pages. I
                    manufacture up my old rubbish for them — with a little about Spanish literature
                    — I shall be glad to get rid of all this.</p>
<p rend="indent1"> So you abuse Anna St Ives<note n="5" place="foot" resp="editors">Thomas Holcroft (1745–1809; <title level="m">DNB</title>), <title level="m">Anna St Ives</title> (1792).</note> &amp; commend the Pucelle of
                    the detestable Voltaire.<note n="6" place="foot" resp="editors">Voltaire
                        (1694–1778), <title level="m">La Pucelle</title> (1755). Southey regarded
                        Voltaire’s poem as obscene.</note> now Grosvenor it was not I who said — I
                        <hi rend="ital">have not read</hi> that book — <hi rend="ital">I</hi> said —
                    God be thanked that I did say it — &amp; plague take the boobies who
                    mutilated it in my absence — I said — I have <hi rend="ital">never been guilty
                        of</hi> reading the Pucelle of Voltaire — report speaks it worthy of its
                    author — a man whose wit &amp; genius could only be equalld by his
                    depravity. I will tell you what a Man, not particularly nice in his moral
                    opinions said to me upon the subject of that book. “I should think the worse of
                    any man who having read one canto of it could proceed to a second”. it is
                    blasphemy &amp; obscenity highly seasond with wit — or wit highly seasond
                    with blasphemy &amp; obscenity. now my opinion of Anna St Ives is
                    dramatically opposite to yours. I think it a book of consummate wisdom.
                    &amp; I shall join my forces to M<hi rend="sup">r</hi> Knowles<note n="7" place="foot" resp="editors">Unidentified.</note> — to whom I desire you will
                    make my fraternal respects —</p>
<p rend="indent1"> I agree with you that Man is a beast &amp; an ugly beast. but
                    what makes him so??? not God — God made him — in his own image — tell me — do
                    you think yourself a beast? do you think me a beast? do you think <ref target="people.html#CarlisleAnthony">Carlisle</ref> a beast? do you think
                        <ref target="people.html#WynnCharlesWW">Wynn</ref> an ugly beast — do you
                    think your brother <ref target="people.html#BedfordHenry">Harry</ref> an ugly
                    beast — do you think such a Woman as you could love — an ugly beast? No. No.
                    No.</p>
<p rend="indent1"> are you yourself capable of virtue &amp; happiness? if you
                    are — why are not the rest of mankind? Now — they are a blackguard mob — but
                    remember God made them for young Angels. prove to me that God has made any one
                    being naturally vicious — &amp; I will make you &amp; myself Atheists —
                    inevitably!</p>
<p rend="indent1"> I am an Optimist — &amp; believe all things are working for
                    the best. for the mob of mankind I should feel abhorrence if it could exist with
                    contempt. this is the best of possible worlds — yet I wish there were no such
                    things as abscesses in it.</p>
<p rend="indent1"> but can you not get well &amp; then come down?</p>
<p rend="indent1"> I have a thousand things to say to you &amp; a thousand
                    things to show you. if I were within twenty miles of <ref target="places.html#Brixton">Brixton</ref> I would come &amp; sit by you
                    &amp; you should talk any thing — but Metaphysics to me — them we would keep
                    for
                        Σνιφελ.<note n="8" place="foot" resp="editors">The Greek translates as ‘Snivel’, the name
                        of Grosvenor Charles Bedford’s dog.</note>
</p>
<p rend="indent1"> So you have found five translations of Musæus!!!!!<note n="9" place="foot" resp="editors">Grosvenor Charles Bedford’s translation of
                        Musæus (fl. c. early 6th century), <title level="m">The Loves of Hero and
                            Leander</title>, was published in 1797.</note> &amp; I could show
                    you an infinity of Spanish poems on the same subject. &amp; if you have a
                    mind to make a learned preface I will send you the names of them &amp; some
                    of the Sonnets.</p>
<lb/>
<p>
<date when="1796-07-17">Sunday — </date>
</p>
<p rend="indent1"> how has this letter been neglected! no more delays however. I am
                    continually writing or reading — the double cacoethes grows upon me every day —
                    &amp; the physic of John a Nokes<note n="10" place="foot" resp="editors">John a Nokes was a fictitious character, often used to signify the
                        plaintiff in a legal case.</note> by which I must get cured is sadly
                    nauseous. n’importe. — I wish I were in London for if industry can do any thing
                    for any body it shall for me. my plan is to study from five in the morning till
                    eight — from nine to twelve &amp; from one to four. the evening is my own.
                    now <ref target="people.html#BedfordGrosvenorCharles">Grosvenor</ref> do you
                    think I would do this if I had a pigsty of my own in the country?</p>
<p rend="indent1"> so goes the world! there is not a man in it who is not
                    discontented. however if no Man has more reason for discontent than you
                    &amp; I have, twould be already a very good world for after all I believe
                    the worst we complain of is that we do not find mankind as good as we could
                    wish. — I had forgot the abscess — that is an evil. many of our mental evils —
                    &amp; God knows they are the worst! we make ourselves.</p>
<p rend="indent1"> If a young man had his senses about him when he sets out in life
                    he should seriously deliberate whether he had rather never be miserable or
                    sometimes be happy. I like the up &amp; down road best but I have learnt
                    never to despise any mans opinion because it is different from my own. surely
                        <ref target="people.html#BedfordGrosvenorCharles">Grosvenor</ref> our
                    restlessness in this world seems to indicate that we are intended for a better.
                    we have all of us a longing after happiness — &amp; surely the Creator will
                    gratify all the rational desires that he has implanted in us. — if you die
                    before me will you visit me? — I am half a believer in apparitions &amp;
                    would purchase conviction at the expence of a tolerable fright.</p>
<p rend="indent1">
<ref target="people.html#BurnettGeorge">George Burnetts</ref> Uncle was for<del rend="strikethrough">e</del> three months terribly afflicted by the night
                    mare. so much so that by being constantly disturbd his health was considerably
                    impaird. one night he determind to lie awake &amp; watch for HER</p>
<lg type="stanza">
<l rend="indent5"> Oh Bedford <ref target="people.html#BedfordGrosvenorCharles">Bedford</ref>
</l>
<l rend="indent3">If ever though didst a good story love!</l>
</lg>
<p>One night, he says he determind to lie awake &amp; watch for HER. at the
                    ritual hour he heard HER coming up the stairs — he got up on his bed — in a cold
                    sweat — he heard HER come into the room — he heard her open the curtain
                    &amp; then ——— he leapt out of bed &amp; caught HER by the hair before
                    SHE — for SHE it was — could fall upon his breast. then did this most
                    incomparable hero bellow to John for a candle — they fought —she pulld &amp;
                    he pulld &amp; bellowed. till John came with a light &amp; then ——— She
                    vanishd immediately &amp; he remaind with a handful of HER hair.</p>
<p rend="indent1"> Now <ref target="people.html#BedfordGrosvenorCharles">Bedford</ref> would not you have had that made into a locket? the tale
                    methinks is no bad companion for your Fathers dream. <del rend="strikethrough">w</del>as the exploit of M<hi rend="sup">r</hi> Burnett is far beyond that
                    of St Withold<note n="11" place="foot" resp="editors">
<title level="m">King
                            Lear</title>, Act 3, scene 4, lines 120–124.</note> — tho by the by he
                    met the Nine foals into the bargain. <hi rend="ital">&amp; they made a
                        bargain</hi>
</p>
<p rend="indent1"> I have written you an odd letter &amp; an ugly one upon very
                    execrable paper. by the by if you have a Prudentius<note n="12" place="foot" resp="editors">The Spanish poet Prudentius (348–c. 405), author of <title level="m">Psychomachia</title> (c. 405).</note> you may serve me by
                    sending me all he says about a certain Saint Eulalia who suffered martyrdom at
                        Merida.<note n="13" place="foot" resp="editors">St Eulalia (d. 304), patron
                        saint of the Spanish town of Merida. Southey published an ‘Inscription for a
                        Monument at Merida’ in the <title level="j">Morning Post</title>, 30 March
                        1798. Unusually, and accidentally, the poem appeared under his own name. For
                        his brief stay in Merida, see <title level="m">Letters Written During a
                            short Residence in Spain and Portugal</title> (London, 1797), pp.
                        236–238.</note> I passed thro that city &amp; should like to see his
                    hymn upon the occasion &amp; if there be any good in it, put it in a
                    note.</p>
<p rend="indent1"> how mortifying is this confinement of yours — I had planned so
                    many pleasant walks to be made so much more pleasant by conversation.</p>
<p rend="indent1"> for I have much to tell thee. much to say of the odd things we
                    saw upon our journey Much of the dirt &amp; vermin that annoyd us. And you
                    should have seen my letters before they went to press &amp; annotated them —
                    &amp; heard the plot of my tragedy — &amp; laughd — not at my tragedy
                    tho — but now! — I have a mortal aversion to all those disjunctive particles —
                    but — &amp; if — &amp; yet — always herald some bad news.</p>
<p rend="indent1">
<ref target="people.html#BedfordGrosvenorCharles">Bedford</ref> you must shame
                    for me my long silence by writing directly. perhaps if you are escaped from your
                    bed &amp; able to bear the journey change of air may benefit you — by
                    helping to recruit your strength. would I were nearer you — however I shall be
                    settled in London I hope before Xmas. I do not remember a happier ten weeks than
                    I passed at <ref target="places.html#Brixton">Brixton</ref> — nor indeed a
                    better employd period. God grant me ten such weeks of leisure once more in my
                    life &amp; I will finish Madoc.</p>
<closer>
<salute rend="indent3"> God bless you.</salute>
<signed rend="indent5"> RS.</signed>
</closer>
</div>
</body>
</text>
</TEI>
